codice_ramo_cnd;descrizione_ramo_cnd;livello_finale;riferimento_civab;data_inzio_validita;data_fine_validita
A;DISPOSITIVI DA SOMMINISTRAZIONE, PRELIEVO E RACCOLTA ;N;;2007-02-20 00:00:00;2022-02-22 00:00:00
A;DISPOSITIVI PER SOMMINISTRAZIONE, PRELIEVO E RACCOLTA;N;;2022-02-23 00:00:00;
A01;AGHI;N;;2007-02-20 00:00:00;
A0101;AGHI E KIT PER INFUSIONE E PRELIEVO;N;;2007-02-20 00:00:00;2022-02-22 00:00:00
A0101;AGHI PER INFUSIONE E PRELIEVO;N;;2022-02-23 00:00:00;
A010101;AGHI IPODERMICI;S;;2007-02-20 00:00:00;2008-06-29 00:00:00
A010101;AGHI IPODERMICI;N;;2008-06-30 00:00:00;
A01010101;AGHI IPODERMICI PER SIRINGA;S;;2008-06-30 00:00:00;2022-02-22 00:00:00
A01010101;AGHI IPODERMICI PER SIRINGA;N;;2022-02-23 00:00:00;
A0101010101;AGHI IPODERMICI PER SIRINGA CON SISTEMA DI SICUREZZA;S;;2022-02-23 00:00:00;
A0101010102;AGHI IPODERMICI PER SIRINGA SENZA SISTEMA DI SICUREZZA;S;;2022-02-23 00:00:00;
A01010102;AGHI IPODERMICI PER PENNA;S;;2008-06-30 00:00:00;2022-02-22 00:00:00
A01010102;AGHI IPODERMICI PER PENNA;N;;2022-02-23 00:00:00;
A0101010201;AGHI IPODERMICI PER PENNA CON SISTEMA DI SICUREZZA;S;;2022-02-23 00:00:00;
A0101010202;AGHI IPODERMICI PER PENNA SENZA SISTEMA DI SICUREZZA;S;;2022-02-23 00:00:00;
A01010199;AGHI IPODERMICI - ALTRI;S;;2008-06-30 00:00:00;
A010102;AGHI A FARFALLA;S;;2007-02-20 00:00:00;2022-02-22 00:00:00
A010102;AGHI A FARFALLA;N;;2022-02-23 00:00:00;
A01010201;AGHI A FARFALLA CON SISTEMA DI SICUREZZA;S;;2022-02-23 00:00:00;
A01010202;AGHI A FARFALLA SENZA SISTEMA DI SICUREZZA;S;;2022-02-23 00:00:00;
A010103;AGHI E KIT PER SISTEMI IMPIANTABILI;S;;2007-02-20 00:00:00;2022-02-22 00:00:00
A010103;AGHI E KIT PER SISTEMI IMPIANTABILI (PORT);N;;2022-02-23 00:00:00;
A010103;AGHI E KIT PER SISTEMI IMPIANTABILI;N;;2022-02-23 00:00:00;2022-02-23 00:00:00
A01010301;AGHI E KIT PER SISTEMI IMPIANTABILI (PORT) CON SISTEMA DI SICUREZZA;S;;2022-02-23 00:00:00;
A01010302;AGHI E KIT PER SISTEMI IMPIANTABILI (PORT) SENZA SISTEMA DI SICUREZZA;S;;2022-02-23 00:00:00;
A010104;AGHI E SISTEMI PER PRELIEVO DA FLACONE;S;;2007-02-20 00:00:00;2022-02-22 00:00:00
A010104;AGHI PER PRELIEVO DA FLACONE;S;;2022-02-23 00:00:00;
A010105;AGHI PER PRELIEVO SOTTO VUOTO;S;;2007-02-20 00:00:00;2022-02-22 00:00:00
A010105;AGHI PER PRELIEVO SOTTO VUOTO;N;;2022-02-23 00:00:00;
A01010501;AGHI PER PRELIEVO SOTTO VUOTO CON SISTEMA DI SICUREZZA;S;;2022-02-23 00:00:00;
A01010502;AGHI PER PRELIEVO SOTTO VUOTO SENZA SISTEMA DI SICUREZZA;S;;2022-02-23 00:00:00;
A010106;AGHI E KIT PER FILLING RICOSTRUTTIVI;S;;2022-02-23 00:00:00;
A010180;AGHI PER INFUSIONE E PRELIEVO - ACCESSORI;N;;2022-02-23 00:00:00;
A01018001;CAMICIE PER AGHI PER PRELIEVI ;S;;2022-02-23 00:00:00;
A01018099;AGHI PER INFUSIONE E PRELIEVO - ACCESSORI ALTRI;S;;2022-02-23 00:00:00;
A010199;AGHI E KIT PER INFUSIONE E PRELIEVO - ALTRI;S;;2007-02-20 00:00:00;2022-02-22 00:00:00
A010199;AGHI PER INFUSIONE E PRELIEVO - ALTRI;S;;2022-02-23 00:00:00;
A0102;AGHI E KIT PER BIOPSIA;N;;2007-02-20 00:00:00;
A010201;AGHI E KIT PER BIOPSIA ISTOLOGICA E CITOLOGICA DI TESSUTI MOLLI;N;;2007-02-20 00:00:00;
A01020101;AGHI TRANCIANTI E KIT;S;;2007-02-20 00:00:00;2022-02-22 00:00:00
A01020101;AGHI E KIT PER BIOPSIA TRANCIANTE;N;;2022-02-23 00:00:00;
A01020101;AGHI TRANCIANTI E KIT;N;;2022-02-23 00:00:00;2022-02-23 00:00:00
A0102010101;AGHI PER BIOPSIA TRANCIANTE ;S;;2022-02-23 00:00:00;
A0102010102;PISTOLE PER BIOPSIA TRANCIANTE;S;;2022-02-23 00:00:00;
A01020102;AGHI ASPIRANTI E KIT;S;;2007-02-20 00:00:00;2022-02-22 00:00:00
A01020102;AGHI E KIT PER AGOASPIRAZIONE;S;;2022-02-23 00:00:00;
A01020199;AGHI E KIT PER BIOPSIA ISTOLOGICA E CITOLOGICA DI TESSUTI MOLLI - ALTRI;S;;2008-06-30 00:00:00;
A010202;AGHI E KIT PER BIOPSIA OSTEO-MIDOLLARE;N;;2007-02-20 00:00:00;
A01020201;AGHI E KIT PER BIOPSIA ILIACO-STERNALE;S;;2007-02-20 00:00:00;
A01020202;AGHI E KIT PER ESPIANTO MIDOLLARE;S;;2007-02-20 00:00:00;
A01020203;AGHI E KIT PER BIOPSIA VERTEBRALE O PARAVERTEBRALE;S;;2007-02-20 00:00:00;
A01020204;KIT PER BIOPSIA OSSEA MOTORIZZATA;S;;2022-02-23 00:00:00;
A01020299;AGHI E KIT PER BIOPSIA OSTEO-MIDOLLARE - ALTRI;S;;2008-06-30 00:00:00;
A010203;AGHI E PUNCH PER BIOPSIA CUTANEA;S;;2007-02-20 00:00:00;2022-02-22 00:00:00
A010203;AGHI E KIT PER BIOPSIA CUTANEA;N;;2022-02-23 00:00:00;
A010203;AGHI E PUNCH PER BIOPSIA CUTANEA;N;;2022-02-23 00:00:00;2022-02-23 00:00:00
A01020301;AGHI PER BIOPSIA CUTANEA;S;;2022-02-23 00:00:00;
A01020302;PUNCH PER BIOPSIA CUTANEA, MONOUSO;S;;2022-02-23 00:00:00;
A01020303;CURETTE PER BIOPSIA CUTANEA, MONOUSO;S;;2022-02-23 00:00:00;
A01020399;AGHI E KIT PER BIOPSIA CUTANEA - ALTRI;S;;2022-02-23 00:00:00;
A010204;AGHI E KIT PER AMNIOCENTESI;S;;2007-02-20 00:00:00;2022-02-22 00:00:00
A010204;AGHI E KIT PER AMNIOCENTESI E VILLOCENTESI;N;;2022-02-23 00:00:00;
A010204;AGHI E KIT PER AMNIOCENTESI;N;;2022-02-23 00:00:00;2022-02-23 00:00:00
A01020401;AGHI E KIT PER AMNIOCENTESI ;S;;2022-02-23 00:00:00;
A01020402;AGHI E KIT PER VILLOCENTESI;S;;2022-02-23 00:00:00;
A010205;AGHI E KIT PER BIOPSIA PERENDOSCOPICA (NON DELL'APPARATO DIGERENTE);N;;2022-02-23 00:00:00;
A01020501;AGHI E KIT PER BIOPSIA BRONCHIALE PERENDOSCOPICA;S;;2022-02-23 00:00:00;
A01020502;AGHI E KIT PER BIOPSIA LAPARO- E TORACOSCOPICA;S;;2022-02-23 00:00:00;
A01020599;AGHI E KIT PER BIOPSIA PERENDOSCOPICA (NON DELL'APPARATO DIGERENTE) - ALTRI;S;;2022-02-23 00:00:00;
A010206;AGHI E KIT PER BIOPSIA CEREBRALE;S;;2022-02-23 00:00:00;
A010207;AGHI E KIT PER BIOPSIA POLMONARE;S;;2022-02-23 00:00:00;
A010299;AGHI E KIT PER BIOPSIA - ALTRI;S;;2007-02-20 00:00:00;
A0103;AGHI E KIT PER ANESTESIA;N;;2007-02-20 00:00:00;
A010301;AGHI E KIT PER ANESTESIA SPINALE E PERIDURALE;N;;2007-02-20 00:00:00;
A01030101;AGHI E KIT PER ANESTESIA SPINALE;S;;2007-02-20 00:00:00;
A01030102;AGHI E KIT PER ANESTESIA PERIDURALE;S;;2007-02-20 00:00:00;
A01030103;AGHI E KIT PER ANESTESIA COMBINATA PERIDURALE E SPINALE;S;;2007-02-20 00:00:00;
A010302;AGHI E KIT PER BLOCCO DI PLESSO;S;;2007-02-20 00:00:00;
A010399;AGHI E KIT PER ANESTESIA - ALTRI;S;;2007-02-20 00:00:00;
A0104;AGHI PER DIALISI;N;;2007-02-20 00:00:00;
A010401;AGHI FISTOLA ARTERO-VENOSI;S;;2007-02-20 00:00:00;
A010480;AGHI PER DIALISI - ACCESSORI;S;;2022-02-23 00:00:00;
A010499;AGHI PER DIALISI - ALTRI;S;;2007-02-20 00:00:00;
A0105;AGHI PER OFTALMOLOGIA;N;;2007-02-20 00:00:00;2008-06-29 00:00:00
A0105;AGHI E KIT PER INIEZIONE IN OFTALMOLOGIA;N;;2008-06-30 00:00:00;2022-02-22 00:00:00
A0105;AGHI E KIT PER INIEZIONE PER OFTALMOLOGIA;N;;2022-02-23 00:00:00;
A010501;AGHI DA CAMERA ANTERIORE;S;;2007-02-20 00:00:00;2022-02-22 00:00:00
A010501;AGHI DA CAMERA OCULARE ANTERIORE;S;;2022-02-23 00:00:00;
A010502;AGHI PER IRRIGAZIONE OCULARE;S;;2007-02-20 00:00:00;
A010503;AGHI PERIBULBARI;S;;2007-02-20 00:00:00;
A010504;AGHI RETROBULBARI;S;;2007-02-20 00:00:00;
A010505;AGHI PER INIEZIONE ENDOCULARE;S;;2022-02-23 00:00:00;
A010506;AGHI CANNULA PER ASPIRAZIONE ENDOCULARE;S;;2022-02-23 00:00:00;
A010599;AGHI PER OFTALMOLOGIA - ALTRI;S;;2007-02-20 00:00:00;2008-06-29 00:00:00
A010599;AGHI E KIT PER INIEZIONE IN OFTALMOLOGIA - ALTRI;S;;2008-06-30 00:00:00;2022-02-22 00:00:00
A010599;AGHI E KIT PER INIEZIONE PER OFTALMOLOGIA - ALTRI;S;;2022-02-23 00:00:00;
A0106;AGHI E KIT PER ODONTOIATRIA;N;;2007-02-20 00:00:00;
A010601;AGHI CARPULA;S;;2007-02-20 00:00:00;
A010602;AGHI PER IRRIGAZIONE DENTALE;S;;2022-02-23 00:00:00;
A010699;AGHI E KIT PER ODONTOIATRIA - ALTRI;S;;2007-02-20 00:00:00;
A0180;AGHI - ACCESSORI;N;;2007-02-20 00:00:00;2022-02-22 00:00:00
A0180;AGHI - ACCESSORI NON COMPRESI IN ALTRE CLASSI;N;;2022-02-23 00:00:00;
A018001;CAPPUCCI PER AGHI;S;;2007-02-20 00:00:00;
A018002;GUIDE PER AGHI;S;;2007-02-20 00:00:00;
A018003;INTRODUTTORI PER AGHI;S;;2007-02-20 00:00:00;
A018004;RACCORDI E ADATTATORI PER AGHI;S;;2022-02-23 00:00:00;
A018005;CONTENITORI CONTA-AGHI;S;;2022-02-23 00:00:00;
A018006;PENNE PER AGHI IPODERMICI;S;;2022-02-23 00:00:00;
A018099;AGHI - ACCESSORI ALTRI;S;;2007-02-20 00:00:00;
A0190;AGHI PER PROCEDURE VARIE;N;;2007-02-20 00:00:00;
A019001;AGHI BOTTONUTI;S;;2007-02-20 00:00:00;
A019002;AGHI PER AGOPUNTURA;S;;2007-02-20 00:00:00;
A019003;AGHI PER ALCOOLIZZAZIONE;S;;2007-02-20 00:00:00;
A019004;AGHI PER COLANGIOGRAFIA A CIELO APERTO;S;;2007-02-20 00:00:00;2022-02-22 00:00:00
A019004;AGHI E KIT PER COLANGIOGRAFIA A CIELO APERTO;S;;2022-02-23 00:00:00;
A019005;AGHI PER GALATTOGRAFIA;S;;2007-02-20 00:00:00;2022-02-22 00:00:00
A019005;AGHI E KIT PER GALATTOGRAFIA;S;;2022-02-23 00:00:00;
A019006;AGHI PER MESOTERAPIA;S;;2007-02-20 00:00:00;
A019007;AGHI PER SCLEROTERAPIA;S;;2007-02-20 00:00:00;2022-02-22 00:00:00
A019007;AGHI E KIT PER SCLEROTERAPIA;S;;2022-02-23 00:00:00;
A019008;AGHI PER TATUAGGIO NON ENDOSCOPICO;S;;2007-02-20 00:00:00;2011-08-29 00:00:00
A019008;AGHI PER TATUAGGIO NON ENDOSCOPICO DURANTE PROCEDURE MEDICHE;S;;2011-08-30 00:00:00;
A019009;AGHI PER DRENAGGIO;S;;2007-02-20 00:00:00;
A019010;AGHI PER ANGIOGRAFIA;S;;2007-02-20 00:00:00;
A019011;AGHI PER INFUSIONE OSSEA E VERTEBROPLASTICA;S;;2007-02-20 00:00:00;2022-02-22 00:00:00
A019011;AGHI E KIT PER INFUSIONE OSSEA E VERTEBROPLASTICA;S;;2022-02-23 00:00:00;
A019012;AGHI E SISTEMI PER LOCALIZZAZIONE DEI NODULI MAMMARI;S;;2007-02-20 00:00:00;2008-06-29 00:00:00
A019012;AGHI E SISTEMI PER LOCALIZZAZIONE DEI NODULI MAMMARI E DI ALTRE STRUTTURE;S;;2008-06-30 00:00:00;
A019013;AGHI PER INTRODUZIONE PERCUTANEA;S;;2007-02-20 00:00:00;
A019014;AGHI E KIT PER PUNTURA LOMBARE;S;;2022-02-23 00:00:00;
A019015;AGHI EPICRANICI PERI- E NEO-NATALI;S;;2022-02-23 00:00:00;
A019016;AGHI PER BRACHITERAPIA;S;;2022-02-23 00:00:00;
A019099;AGHI PER PROCEDURE VARIE - ALTRI;S;;2007-02-20 00:00:00;
A0199;AGHI - ALTRI;S;;2007-02-20 00:00:00;
A02;SIRINGHE;N;;2007-02-20 00:00:00;
A0201;SIRINGHE MONOUSO;N;;2007-02-20 00:00:00;
A020101;SIRINGHE A PERDITA DI RESISTENZA;S;;2007-02-20 00:00:00;
A020102;SIRINGHE DA INFUSIONE ED IRRIGAZIONE MONOUSO;N;;2007-02-20 00:00:00;
A02010201;SIRINGHE DA INFUSIONE ED IRRIGAZIONE MONOUSO CON CONO LUER;N;;2007-02-20 00:00:00;
A0201020101;SIRINGHE DA INFUSIONE ED IRRIGAZIONE MONOUSO CON CONO LUER A DUE PEZZI;N;;2007-02-20 00:00:00;
A020102010101;SIRINGHE DA INFUSIONE ED IRRIGAZIONE MONOUSO CON CONO LUER A DUE PEZZI CON AGO;S;;2007-02-20 00:00:00;
A020102010102;SIRINGHE DA INFUSIONE ED IRRIGAZIONE MONOUSO CON CONO LUER A DUE PEZZI SENZA AGO;S;;2007-02-20 00:00:00;
A0201020102;SIRINGHE DA INFUSIONE ED IRRIGAZIONE MONOUSO CON CONO LUER A TRE PEZZI;N;;2007-02-20 00:00:00;
A020102010201;SIRINGHE DA INFUSIONE ED IRRIGAZIONE MONOUSO CON CONO LUER A TRE PEZZI CON AGO;S;;2007-02-20 00:00:00;
A020102010202;SIRINGHE DA INFUSIONE ED IRRIGAZIONE MONOUSO CON CONO LUER A TRE PEZZI SENZA AGO;S;;2007-02-20 00:00:00;
A02010202;SIRINGHE DA INFUSIONE ED IRRIGAZIONE MONOUSO CON CONO LUER LOCK;N;;2007-02-20 00:00:00;
A0201020201;SIRINGHE DA INFUSIONE ED IRRIGAZIONE MONOUSO CON CONO LUER LOCK A TRE PEZZI;N;;2007-02-20 00:00:00;
A020102020101;SIRINGHE DA INFUSIONE ED IRRIGAZIONE MONOUSO CON CONO LUER LOCK A TRE PEZZI CON AGO;S;;2007-02-20 00:00:00;
A020102020102;SIRINGHE DA INFUSIONE ED IRRIGAZIONE MONOUSO CON CONO LUER LOCK A TRE PEZZI SENZA AGO;S;;2007-02-20 00:00:00;
A02010203;SIRINGHE DA INFUSIONE ED IRRIGAZIONE MONOUSO CON CONO CATETERE;S;;2007-02-20 00:00:00;
A02010204;SIRINGHE DA INFUSIONE ED IRRIGAZIONE MONOUSO SENZA CONO CON AGO FISSO;S;;2007-02-20 00:00:00;
A02010205;SIRINGHE DA INFUSIONE ED IRRIGAZIONE MONOUSO CON SISTEMA DI SICUREZZA;S;;2007-02-20 00:00:00;
A02010299;SIRINGHE DA INFUSIONE ED IRRIGAZIONE MONOUSO - ALTRE;S;;2008-06-30 00:00:00;
A020104;SIRINGHE PER INIETTORE;S;;2007-02-20 00:00:00;2022-02-22 00:00:00
A020104;SIRINGHE PER INIETTORE, MONOUSO;N;;2022-02-23 00:00:00;
A020104;SIRINGHE PER INIETTORE;N;;2022-02-23 00:00:00;2022-02-23 00:00:00
A02010401;SIRINGHE PER INIETTORE DI MEZZI DI CONTRASTO, MONOUSO;S;;2022-02-23 00:00:00;
A02010499;SIRINGHE PER INIETTORE, MONOUSO - ALTRE;S;;2022-02-23 00:00:00;
A020105;SIRINGHE PER EMOGASANALISI CON AGO;S;;2010-10-05 15:00:54;2018-06-25 00:00:00
A020105;SIRINGHE PER EMOGASANALISI  ;N;;2018-06-26 00:00:00;2022-02-22 00:00:00
A020105;SIRINGHE PER EMOGASANALISI CON AGO;N;;2018-06-26 00:00:00;2018-06-26 00:00:00
A020105;SIRINGHE E KIT PER EMOGASANALISI CON AGO;N;;2022-02-23 00:00:00;
A02010501;SIRINGHE PER EMOGASANALISI SENZA SISTEMA DI SICUREZZA ;S;;2018-06-26 00:00:00;2022-02-22 00:00:00
A02010501;SIRINGHE E KIT PER EMOGASANALISI CON AGO SENZA SISTEMA DI SICUREZZA;S;;2022-02-23 00:00:00;
A02010502;SIRINGHE PER EMOGASANALISI CON SISTEMA DI SICUREZZA ;S;;2018-06-26 00:00:00;2022-02-22 00:00:00
A02010502;SIRINGHE E KIT PER EMOGASANALISI CON AGO CON SISTEMA DI SICUREZZA;S;;2022-02-23 00:00:00;
A020106;SIRINGHE MONOUSO PER INSULINA ;N;;2018-06-26 00:00:00;
A02010601;SIRINGHE MONOUSO PER INSULINA CON AGO FISSO ;S;;2018-06-26 00:00:00;
A02010602;SIRINGHE MONOUSO SENZA AGO FISSO ;S;;2018-06-26 00:00:00;2022-02-22 00:00:00
A02010602;SIRINGHE MONOUSO PER INSULINA SENZA AGO FISSO;S;;2022-02-23 00:00:00;
A02010603;SIRINGHE MONOUSO PER INSULINA CON SISTEMA DI SICUREZZA ;S;;2018-06-26 00:00:00;2022-02-22 00:00:00
A02010603;SIRINGHE MONOUSO PER INSULINA CON SISTEMA DI SICUREZZA ;N;;2022-02-23 00:00:00;
A0201060301;SIRINGHE MONOUSO PER INSULINA CON SISTEMA DI SICUREZZA CON AGO FISSO;S;;2022-02-23 00:00:00;
A0201060302;SIRINGHE MONOUSO PER INSULINA CON SISTEMA DI SICUREZZA SENZA AGO FISSO;S;;2022-02-23 00:00:00;
A02010699;SIRINGHE MONOUSO PER INSULINA - ALTRE;S;;2022-02-23 00:00:00;
A020107;SIRINGHE PRERIEMPITE ;N;;2018-06-26 00:00:00;
A02010701;SIRINGHE PRERIEMPITE DI FISIOLOGICA STERILE ;S;;2018-06-26 00:00:00;
A02010702;SIRINGHE PRERIEMPITE DI ACQUA STERILE ;S;;2018-06-26 00:00:00;
A02010799;SIRINGHE PRERIEMPITE - ALTRE;S;;2018-06-26 00:00:00;
A020108;SIRINGHE PER NUTRIZIONE ENTERALE  ;S;;2018-06-26 00:00:00;
A020109;SIRINGHE MONOUSO PER TUBERCOLINA ;S;;2018-06-26 00:00:00;
A020199;SIRINGHE MONOUSO - ALTRE;S;;2007-02-20 00:00:00;
A0202;SIRINGHE PLURIUSO;N;;2007-02-20 00:00:00;2022-02-22 00:00:00
A0202;SIRINGHE RIUTILIZZABILI ;N;;2022-02-23 00:00:00;
A020201;SIRINGHE DA INFUSIONE PLURIUSO;S;;2007-02-20 00:00:00;2022-02-22 00:00:00
A020201;SIRINGHE DA INFUSIONE RIUTILIZZABILI;S;;2022-02-23 00:00:00;
A020202;SIRINGHE DA IRRIGAZIONE PLURIUSO;S;;2007-02-20 00:00:00;2022-02-22 00:00:00
A020202;SIRINGHE DA IRRIGAZIONE RIUTILIZZABILI;S;;2022-02-23 00:00:00;
A020203;SIRINGHE PER TUBOFIALA;S;;2007-02-20 00:00:00;
A020299;SIRINGHE PLURIUSO - ALTRE;S;;2007-02-20 00:00:00;2022-02-22 00:00:00
A020299;SIRINGHE RIUTILIZZABILI - ALTRE;S;;2022-02-23 00:00:00;
A0280;SIRINGHE - ACCESSORI;S;;2007-02-20 00:00:00;
A0299;SIRINGHE - ALTRE;S;;2007-02-20 00:00:00;
A03;APPARATI TUBOLARI;N;;2007-02-20 00:00:00;
A0301;DEFLUSSORI;N;;2007-02-20 00:00:00;
A030101;DEFLUSSORI PER INFUSIONE;N;;2007-02-20 00:00:00;
A03010101;DEFLUSSORI CON E SENZA PRESA D'ARIA;S;;2007-02-20 00:00:00;
A03010102;DEFLUSSORI CON FILTRO IN LINEA (CONTENGONO ANCHE DEFLUSSORI PER TERAPIA TRASFUSIONALE);S;;2007-02-20 00:00:00;
A03010103;DEFLUSSORI CON REGOLATORE DI FLUSSO;S;;2007-02-20 00:00:00;
A03010104;DEFLUSSORI MICROGOCCIOLATORI;S;;2007-02-20 00:00:00;
A03010105;DEFLUSSORI PER POMPA INFUSIONALE;S;;2007-02-20 00:00:00;
A03010199;DEFLUSSORI PER INFUSIONE - ALTRI;S;;2007-02-20 00:00:00;
A030102;DEFLUSSORI PER IRRIGAZIONE;N;;2007-02-20 00:00:00;
A03010201;DEFLUSSORI ARTROSCOPICI;S;;2007-02-20 00:00:00;
A03010202;DEFLUSSORI UROLOGICI;S;;2007-02-20 00:00:00;
A03010299;DEFLUSSORI PER IRRIGAZIONE - ALTRI;S;;2007-02-20 00:00:00;
A030103;DEFLUSSORI PER NUTRIZIONE ENTERALE;N;;2007-02-20 00:00:00;
A03010301;DEFLUSSORI PER GRAVITA';S;;2007-02-20 00:00:00;
A03010302;DEFLUSSORI PER POMPA;S;;2007-02-20 00:00:00;
A03010399;DEFLUSSORI PER NUTRIZIONE ENTERALE - ALTRI;S;;2007-02-20 00:00:00;
A030104;REGOLATORI DI FLUSSO;S;;2007-02-20 00:00:00;
A030105;SISTEMI PER RISCALDAMENTO DEI FLUIDI;S;;2007-02-20 00:00:00;
A030199;DEFLUSSORI - ALTRI;S;;2008-06-30 00:00:00;
A0302;LINEE DI PROLUNGAMENTO;N;;2007-02-20 00:00:00;
A030201;PROLUNGHE;N;;2007-02-20 00:00:00;
A03020101;PROLUNGHE A BASSA PRESSIONE;S;;2007-02-20 00:00:00;
A03020102;PROLUNGHE AD ALTA PRESSIONE;S;;2007-02-20 00:00:00;
A03020199;PROLUNGHE - ALTRE;S;;2007-02-20 00:00:00;
A0303;SISTEMI PER INFUSIONE RAPIDA (ALTO FLUSSO);S;;2007-02-20 00:00:00;
A0304;KIT PER SOMMINISTRAZIONE;N;;2007-02-20 00:00:00;
A030401;KIT PER INFUSIONE;S;;2007-02-20 00:00:00;2022-02-22 00:00:00
A030401;KIT PER INFUSIONE;N;;2022-02-23 00:00:00;2022-02-23 00:00:00
A030401;KIT PER INFUSIONE (INCLUSI QUELLI ATTRAVERSO POMPA), MONOUSO;N;;2022-02-23 00:00:00;
A03040101;KIT PER INFUSIONE SOTTOCUTANEA CONTINUA DI INSULINA;S;;2022-02-23 00:00:00;
A03040102;KIT PER INFUSIONE INTRAOSSEA, MONOUSO;S;;2022-02-23 00:00:00;
A03040199;KIT PER INFUSIONE (INCLUSI QUELLI ATTRAVERSO POMPA), MONOUSO - ALTRI;S;;2022-02-23 00:00:00;
A030402;KIT PER IRRIGAZIONE;S;;2007-02-20 00:00:00;2022-02-22 00:00:00
A030402;KIT PER IRRIGAZIONE;N;;2022-02-23 00:00:00;2022-02-23 00:00:00
A030402;KIT PER IRRIGAZIONE, MONOUSO;N;;2022-02-23 00:00:00;
A03040201;KIT PER IRRIGAZIONE VESCICALE, MONOUSO;S;;2022-02-23 00:00:00;
A03040202;KIT PER IRRIGAZIONE OCULARE, MONOUSO;S;;2022-02-23 00:00:00;
A03040203;KIT PER IRRIGAZIONE PERINEALE, MONOUSO;S;;2022-02-23 00:00:00;
A03040204;KIT PER IRRIGAZIONE DELL'ORECCHIO, MONOUSO;S;;2022-02-23 00:00:00;
A03040299;KIT PER IRRIGAZIONE, MONOUSO - ALTRI;S;;2022-02-23 00:00:00;
A030403;KIT PER NUTRIZIONE ENTERALE;S;;2007-02-20 00:00:00;2022-02-22 00:00:00
A030403;KIT PER NUTRIZIONE ENTERALE (INCLUSI QUELLI ATTRAVERSO POMPA), MONOUSO;S;;2022-02-23 00:00:00;
A030404;KIT  PER INFUSIONE SOTTOCUTANEA CONTINUA DI INSULINA;S;;2018-06-26 00:00:00;2022-02-23 00:00:00
A030499;KIT PER SOMMINISTRAZIONE - ALTRI;S;;2007-02-20 00:00:00;
A0380;APPARATI TUBOLARI - ACCESSORI;S;;2007-02-20 00:00:00;
A0399;APPARATI TUBOLARI - ALTRI;S;;2007-02-20 00:00:00;
A04;FILTRI PER SOLUZIONI;N;;2007-02-20 00:00:00;
A0401;FILTRI PER INFUSIONE E PRELIEVO;N;;2007-02-20 00:00:00;
A040101;FILTRI PER SOMMINISTRAZIONE ED ASPIRAZIONE;N;;2007-02-20 00:00:00;
A04010101;FILTRI PER PRELIEVO E SOMMINISTRAZIONE (0,2-1,2 MICRON);S;;2007-02-20 00:00:00;
A04010102;FILTRI PER ASPIRAZIONE E TRASFERIMENTO (MAGGIORI ED UGUALI A 5 MICRON);S;;2007-02-20 00:00:00;
A04010199;FILTRI PER SOMMINISTRAZIONE ED ASPIRAZIONE - ALTRI;S;;2007-02-20 00:00:00;
A040180;FILTRI PER INFUSIONE E PRELIEVO - ACCESSORI;S;;2008-06-30 00:00:00;
A040199;FILTRI PER INFUSIONE E PRELIEVO - ALTRI;S;;2007-02-20 00:00:00;
A0499;FILTRI PER SOLUZIONI - ALTRI;S;;2007-02-20 00:00:00;
A05;SISTEMI MECCANICI DI INFUSIONE MONOUSO;N;;2007-02-20 00:00:00;
A0501;SISTEMI ELASTOMERICI;S;;2007-02-20 00:00:00;2008-06-29 00:00:00
A0501;SISTEMI ELASTOMERICI;N;;2008-06-30 00:00:00;
A050101;SISTEMI ELASTOMERICI CON FLUSSO DI EROGAZIONE FISSO;N;;2008-06-30 00:00:00;
A05010101;SISTEMI ELASTOMERICI CON FLUSSO DI EROGAZIONE FISSO SENZA BOLO ADDIZIONALE;S;;2008-06-30 00:00:00;
A05010102;SISTEMI ELASTOMERICI CON FLUSSO DI EROGAZIONE FISSO CON BOLO ADDIZIONALE;S;;2008-06-30 00:00:00;
A050102;SISTEMI ELASTOMERICI CON FLUSSO DI EROGAZIONE VARIABILE;N;;2008-06-30 00:00:00;
A05010201;SISTEMI ELASTOMERICI CON FLUSSO DI EROGAZIONE VARIABILE SENZA BOLO ADDIZIONALE;S;;2008-06-30 00:00:00;
A05010202;SISTEMI ELASTOMERICI CON FLUSSO DI EROGAZIONE VARIABILE CON BOLO ADDIZIONALE;S;;2008-06-30 00:00:00;
A0502;SISTEMI NON ELASTOMERICI;S;;2007-02-20 00:00:00;
A0580;SISTEMI MECCANICI DI INFUSIONE MONOUSO - ACCESSORI;S;;2008-06-30 00:00:00;
A0599;SISTEMI MECCANICI DI INFUSIONE MONOUSO - ALTRI;S;;2007-02-20 00:00:00;
A06;DISPOSITIVI DI DRENAGGIO E RACCOLTA LIQUIDI;N;;2007-02-20 00:00:00;
A0601;SISTEMI DI DRENAGGIO CHIRURGICO;N;;2007-02-20 00:00:00;
A060101;DRENAGGI SOTTOVUOTO E A CADUTA;N;;2007-02-20 00:00:00;
A06010101;SISTEMI DI DRENAGGIO PER ASPIRAZIONE PREDEFINITA;N;;2007-02-20 00:00:00;
A0601010101;SISTEMI DI DRENAGGIO A CONTENITORE RIGIDO TIPO REDON;S;;2007-02-20 00:00:00;
A0601010102;SISTEMI DI DRENAGGIO A SERBATOIO;S;;2007-02-20 00:00:00;
A0601010103;SISTEMI DI DRENAGGIO A SOFFIETTO;S;;2007-02-20 00:00:00;
A0601010199;SISTEMI DI DRENAGGIO PER ASPIRAZIONE PREDEFINITA - ALTRI;S;;2008-06-30 00:00:00;
A06010102;SISTEMI DI DRENAGGIO PER ASPIRAZIONE REGOLABILE;N;;2007-02-20 00:00:00;
A0601010201;SISTEMI DI DRENAGGIO PER ASPIRAZIONE CONTROLLATA CON CAMERA DI RACCOLTA;S;;2007-02-20 00:00:00;
A0601010299;SISTEMI DI DRENAGGIO PER ASPIRAZIONE REGOLABILE - ALTRI;S;;2008-06-30 00:00:00;
A06010103;CANNULE DI ASPIRAZIONE;S;;2007-02-20 00:00:00;2022-02-22 00:00:00
A06010103;CANNULE E PUNTE PER ASPIRAZIONE E IRRIGAZIONE, MONOUSO;S;;2022-02-23 00:00:00;
A06010104;SONDE DI DRENAGGIO;N;;2007-02-20 00:00:00;
A0601010401;DRENAGGI TORACICI (RETTI ED ANGOLATI);S;;2007-02-20 00:00:00;
A0601010402;DRENAGGI CILINDRICI O ROTONDI (RETTI ED A T);S;;2007-02-20 00:00:00;
A0601010403;DRENAGGI PIATTI E LAMELLARI;S;;2007-02-20 00:00:00;
A0601010499;SONDE DI DRENAGGIO - ALTRE;S;;2008-06-30 00:00:00;
A06010199;DRENAGGI SOTTOVUOTO E A CADUTA - ALTRI;S;;2007-02-20 00:00:00;
A060102;TUBI MEDICALI DI RACCORDO;S;;2007-02-20 00:00:00;2022-02-22 00:00:00
A060102;TUBI MEDICALI DI RACCORDO PER DRENAGGI CHIRURGICI;S;;2022-02-23 00:00:00;
A060199;SISTEMI DI DRENAGGIO CHIRURGICO - ALTRI;S;;2007-02-20 00:00:00;
A0602;SISTEMI DI DRENAGGIO PERCUTANEO;N;;2007-02-20 00:00:00;
A060201;CATETERI E KIT PER DRENAGGI ESTERNI (ASCESSI, BILIARI, CISTI);S;;2007-02-20 00:00:00;
A060202;DRENAGGI TROCAR 3/4;S;;2007-02-20 00:00:00;
A060203;DRENAGGI PLEURICI CON VAVOLA E KIT;S;;2007-02-20 00:00:00;
A060204;DRENAGGI PER PARA- E TORACENTESI E KIT;S;;2007-02-20 00:00:00;
A060205;DRENAGGI PER PERICARDIOCENTESI E KIT;S;;2007-02-20 00:00:00;
A060206;DRENAGGI PERITONEALI E KIT;S;;2007-02-20 00:00:00;
A060299;SISTEMI DI DRENAGGIO PERCUTANEO - ALTRI;S;;2007-02-20 00:00:00;
A0603;SACCHE E SISTEMI DI RACCOLTA LIQUIDI;N;;2007-02-20 00:00:00;
A060301;SACCHE DI RACCOLTA PER DRENAGGI E FISTOLE;S;;2007-02-20 00:00:00;2022-02-22 00:00:00
A060301;SACCHE E ALTRI CONTENITORI DI RACCOLTA PER DRENAGGI E FISTOLE, MONOUSO;S;;2022-02-23 00:00:00;
A060302;SACCHE DI RACCOLTA PER LAVAGGI UROLOGICI E ARTROSCOPICI;S;;2007-02-20 00:00:00;2022-02-22 00:00:00
A060302;SACCHE DI RACCOLTA PER LAVAGGI UROLOGICI E ARTROSCOPICI, MONOUSO;S;;2022-02-23 00:00:00;
A060303;SISTEMI E SACCHE DI RACCOLTA URINA;N;;2007-02-20 00:00:00;2022-02-22 00:00:00
A060303;SISTEMI E SACCHE DI RACCOLTA URINA, MONOUSO;N;;2022-02-23 00:00:00;
A06030301;SACCHE PER URINA (N.T.COD. ISO 0927);S;;2007-02-20 00:00:00;
A06030302;SET PER LA MISURAZIONE DELLA DIURESI ORARIA;S;;2007-02-20 00:00:00;
A06030399;SISTEMI DI RACCOLTA URINA - ALTRI;S;;2007-02-20 00:00:00;
A060304;DISPOSITIVI PER LA RACCOLTA INTRAOPERATORIA DEI LIQUIDI ASPIRATI;N;;2007-02-20 00:00:00;
A06030401;CONTENITORI PER ASPIRAZIONE INTRAOPERATORIA;S;;2007-02-20 00:00:00;
A06030499;DISPOSITIVI PER LA RACCOLTA INTRAOPERATORIA DEI LIQUIDI ASPIRATI - ALTRI;S;;2007-02-20 00:00:00;
A060399;SACCHE E SISTEMI DI RACCOLTA LIQUIDI - ALTRI;S;;2007-02-20 00:00:00;
A0680;DISPOSITIVI DI DRENAGGIO E RACCOLTA LIQUIDI - ACCESSORI;S;;2007-02-20 00:00:00;
A0699;DISPOSITIVI DI DRENAGGIO E RACCOLTA LIQUIDI - ALTRI;S;;2007-02-20 00:00:00;
A07;RACCORDI, TAPPI, RUBINETTI E RAMPE;N;;2007-02-20 00:00:00;2022-02-22 00:00:00
A07;ADATTATORI, CONNETTORI, RAMPE, RUBINETTI, TAPPI;N;;2022-02-23 00:00:00;
A0701;RACCORDI;S;;2007-02-20 00:00:00;2022-02-22 00:00:00
A0701;RACCORDI;N;;2022-02-23 00:00:00;2022-02-23 00:00:00
A0701;ADATTATORI E CONNETTORI;N;;2022-02-23 00:00:00;
A070101;ADATTATORI E CONNETTORI PER LINEE DI ASPIRAZIONE;S;;2022-02-23 00:00:00;
A070102;ADATTATORI E CONNETTORI PER LINEE DI IRRIGAZIONE;S;;2022-02-23 00:00:00;
A070103;ADATTATORI E CONNETTORI PER LINEE DI INFUSIONE;S;;2022-02-23 00:00:00;
A070199;ADATTATORI E CONNETTORI Â¿ ALTRI;S;;2022-02-23 00:00:00;
A0702;RAMPE;S;;2007-02-20 00:00:00;
A0703;RUBINETTI;S;;2007-02-20 00:00:00;
A0704;SISTEMI DI RICOSTITUZIONE DI FARMACI;S;;2007-02-20 00:00:00;2022-02-22 00:00:00
A0704;SISTEMI PER RICOSTITUZIONE E SOMMINISTRAZIONE DI FARMACI;S;;2022-02-23 00:00:00;
A0705;TAPPI O OTTURATORI;N;;2007-02-20 00:00:00;
A070501;TAPPI / OTTURATORI NON PERFORABILI;S;;2007-02-20 00:00:00;
A070502;TAPPI / OTTURATORI PERFORABILI;N;;2007-02-20 00:00:00;
A07050201;TAPPI / OTTURATORI PERFORABILI CON AGO;S;;2007-02-20 00:00:00;
A07050202;TAPPI / OTTURATORI CON VIA DI ACCESSO SENZA AGO;S;;2007-02-20 00:00:00;
A070599;TAPPI O OTTURATORI - ALTRI;S;;2008-06-30 00:00:00;
A0706;PROTEZIONI ANTISETTICHE PER RACCORDI;S;;2007-02-20 00:00:00;
A0799;RACCORDI, TAPPI, RUBINETTI E RAMPE - ALTRI;S;;2007-02-20 00:00:00;2022-02-22 00:00:00
A0799;ADATTATORI, CONNETTORI, RAMPE, RUBINETTI, TAPPI - ALTRI;S;;2022-02-23 00:00:00;
A08;SACCHE E CONTENITORI PER NUTRIZIONE ED INFUSIONE;N;;2007-02-20 00:00:00;2022-02-22 00:00:00
A08;SACCHE E CONTENITORI PER NUTRIZIONE ED INFUSIONE, MONOUSO;N;;2022-02-23 00:00:00;
A0801;SACCHE E CONTENITORI PER NUTRIZIONE;N;;2007-02-20 00:00:00;2022-02-22 00:00:00
A0801;SACCHE E CONTENITORI PER NUTRIZIONE, MONOUSO;N;;2022-02-23 00:00:00;
A080101;SACCHE E CONTENITORI PER ALIMENTAZIONE ENTERALE;S;;2007-02-20 00:00:00;2022-02-22 00:00:00
A080101;SACCHE E CONTENITORI PER ALIMENTAZIONE ENTERALE (INCLUSI QUELLI ATTRAVERSO POMPA), MONOUSO;S;;2022-02-23 00:00:00;
A080102;SACCHE E CONTENITORI PER ALIMENTAZIONE PARENTERALE;S;;2007-02-20 00:00:00;2022-02-22 00:00:00
A080102;SACCHE E CONTENITORI PER ALIMENTAZIONE PARENTERALE (INCLUSI QUELLI ATTRAVERSO POMPA), MONOUSO;S;;2022-02-23 00:00:00;
A080199;SACCHE E CONTENITORI PER NUTRIZIONE, MONOUSO - ALTRI;S;;2022-02-23 00:00:00;
A0802;SACCHE E CONTENITORI PER INFUSIONE;N;;2007-02-20 00:00:00;2022-02-22 00:00:00
A0802;SACCHE E CONTENITORI PER INFUSIONE, MONOUSO;N;;2022-02-23 00:00:00;
A080201;SACCHE E CONTENITORI PER POMPA INFUSIONALE;S;;2007-02-20 00:00:00;2022-02-22 00:00:00
A080201;SACCHE E CONTENITORI PER POMPA INFUSIONALE, MONOUSO;S;;2022-02-23 00:00:00;
A080299;SACCHE E CONTENITORI PER INFUSIONE - ALTRI;S;;2007-02-20 00:00:00;2022-02-22 00:00:00
A080299;SACCHE E CONTENITORI PER INFUSIONE, MONOUSO - ALTRI;S;;2022-02-23 00:00:00;
A0880;SACCHE E CONTENITORI PER NUTRIZIONE ED INFUSIONE - ACCESSORI;S;;2007-02-20 00:00:00;2022-02-22 00:00:00
A0880;SACCHE E CONTENITORI PER NUTRIZIONE ED INFUSIONE - ACCESSORI;N;;2022-02-23 00:00:00;2022-02-23 00:00:00
A0880;SACCHE E CONTENITORI PER NUTRIZIONE ED INFUSIONE, MONOUSO - ACCESSORI;N;;2022-02-23 00:00:00;
A088001;SPREMISACCHE, MONOUSO;S;;2022-02-23 00:00:00;
A088099;SACCHE E CONTENITORI PER NUTRIZIONE ED INFUSIONE, MONOUSO - ACCESSORI ALTRI;S;;2022-02-23 00:00:00;
A0899;SACCHE E CONTENITORI PER NUTRIZIONE ED INFUSIONE - ALTRE;S;;2007-02-20 00:00:00;2022-02-22 00:00:00
A0899;SACCHE E CONTENITORI PER NUTRIZIONE ED INFUSIONE, MONOUSO - ALTRE;S;;2022-02-23 00:00:00;
A09;CONTENITORI PER ORGANI;N;;2007-02-20 00:00:00;
A0901;CONTENITORI PER IL PRELIEVO DI ORGANI;N;;2007-02-20 00:00:00;
A090101;SACCHE PER LA RACCOLTA DI ORGANI;S;;2007-02-20 00:00:00;
A090199;CONTENITORI PER IL PRELIEVO DI ORGANI - ALTRI;S;;2008-06-30 00:00:00;
A0980;CONTENITORI PER ORGANI - ACCESSORI;S;;2008-06-30 00:00:00;
A0999;CONTENITORI PER ORGANI - ALTRI;S;;2007-02-20 00:00:00;
A10;DISPOSITIVI PER STOMIA (N.T.COD. En ISO 0918);N;;2007-02-20 00:00:00;2022-02-22 00:00:00
A10;DISPOSITIVI PER STOMIA ADDOMINALE (N.T.COD. En ISO 0918);N;;2022-02-23 00:00:00;
A1001;SISTEMI PER STOMIA MONOPEZZO;N;;2007-02-20 00:00:00;2022-02-22 00:00:00
A1001;DISPOSITIVI PER STOMIA ADDOMINALE - MONOPEZZO;N;;2022-02-23 00:00:00;
A100101;SACCHE PER COLOSTOMIA (N.T.COD. En ISO 091804);S;;2007-02-20 00:00:00;2018-06-25 00:00:00
A100101;SACCHE PER COLOSTOMIA (N.T.COD. En ISO 091804);N;;2018-06-26 00:00:00;2022-02-22 00:00:00
A100101;SACCHE PER COLOSTOMIA MONOPEZZO (N.T.COD. En ISO 091804);N;;2022-02-23 00:00:00;
A10010101;SACCHE PER COLOSTOMIA PER STOMI NON INTROFLESSI;S;;2018-06-26 00:00:00;2022-02-22 00:00:00
A10010101;SACCHE PER COLOSTOMIA PER STOMI NON INTROFLESSI;N;;2022-02-23 00:00:00;2022-02-23 00:00:00
A10010101;SACCHE PER COLOSTOMIA MONOPEZZO CON STOMA NON INTROFLESSO;N;;2022-02-23 00:00:00;
A1001010101;SACCHE PER COLOSTOMIA MONOPEZZO CON STOMA NON INTROFLESSO NON RIVESTITE;S;;2022-02-23 00:00:00;
A1001010102;SACCHE PER COLOSTOMIA MONOPEZZO CON STOMA NON INTROFLESSO RIVESTITE ;S;;2022-02-23 00:00:00;
A10010102;SACCHE PER COLOSTOMIA PER STOMI INTROFLESSI;S;;2018-06-26 00:00:00;2022-02-22 00:00:00
A10010102;SACCHE PER COLOSTOMIA PER STOMI INTROFLESSI;N;;2022-02-23 00:00:00;2022-02-23 00:00:00
A10010102;SACCHE PER COLOSTOMIA MONOPEZZO CON STOMA INTROFLESSO;N;;2022-02-23 00:00:00;
A1001010201;SACCHE PER COLOSTOMIA MONOPEZZO CON STOMA INTROFLESSO NON RIVESTITE;S;;2022-02-23 00:00:00;
A1001010202;SACCHE PER COLOSTOMIA MONOPEZZO CON STOMA INTROFLESSO RIVESTITE ;S;;2022-02-23 00:00:00;
A10010103;SACCHE PER COLOSTOMIA PER STOMI NON INTROFLESSI RIVESTITE;S;;2018-06-26 00:00:00;2022-02-23 00:00:00
A10010104;SACCHE PER COLOSTOMIA PER STOMI INTROFLESSI RIVESTITE;S;;2018-06-26 00:00:00;2022-02-23 00:00:00
A100102;SACCHE PER ILEOSTOMIA (N.T.COD. En ISO 091804);S;;2007-02-20 00:00:00;2018-06-25 00:00:00
A100102;SACCHE PER ILEOSTOMIA (N.T.COD. En ISO 091807);N;;2018-06-26 00:00:00;2022-02-22 00:00:00
A100102;SACCHE PER ILEOSTOMIA (N.T.COD. En ISO 091804);N;;2018-06-26 00:00:00;2018-06-26 00:00:00
A100102;SACCHE PER ILEOSTOMIA MONOPEZZO (N.T.COD. En ISO 0918);N;;2022-02-23 00:00:00;
A10010201;SACCHE PER ILEOSTOMIA PER STOMI NON INTROFLESSI;S;;2018-06-26 00:00:00;2022-02-22 00:00:00
A10010201;SACCHE PER ILEOSTOMIA MONOPEZZO CON STOMA NON INTROFLESSO;N;;2022-02-23 00:00:00;
A10010201;SACCHE PER ILEOSTOMIA PER STOMI NON INTROFLESSI;N;;2022-02-23 00:00:00;2022-02-23 00:00:00
A1001020101;SACCHE PER ILEOSTOMIA MONOPEZZO CON STOMA NON INTROFLESSO NON RIVESTITE;S;;2022-02-23 00:00:00;
A1001020102;SACCHE PER ILEOSTOMIA MONOPEZZO CON STOMA NON INTROFLESSO RIVESTITE ;S;;2022-02-23 00:00:00;
A10010202;SACCHE PER ILEOSTOMIA PER STOMI INTROFLESSI;S;;2018-06-26 00:00:00;2022-02-22 00:00:00
A10010202;SACCHE PER ILEOSTOMIA PER STOMI INTROFLESSI;N;;2022-02-23 00:00:00;2022-02-23 00:00:00
A10010202;SACCHE PER ILEOSTOMIA MONOPEZZO CON STOMA INTROFLESSO;N;;2022-02-23 00:00:00;
A1001020201;SACCHE PER ILEOSTOMIA MONOPEZZO CON STOMA INTROFLESSO NON RIVESTITE;S;;2022-02-23 00:00:00;
A1001020202;SACCHE PER ILEOSTOMIA MONOPEZZO CON STOMA INTROFLESSO RIVESTITE ;S;;2022-02-23 00:00:00;
A10010203;SACCHE PER ILEOSTOMIA PER STOMI NON INTROFLESSI RIVESTITE;S;;2018-06-26 00:00:00;2022-02-23 00:00:00
A10010204;SACCHE PER ILEOSTOMIA PER STOMI INTROFLESSI RIVESTITE;S;;2018-06-26 00:00:00;2022-02-23 00:00:00
A100103;SACCHE PER UROSTOMIA (N.T.COD. En ISO 091807);S;;2007-02-20 00:00:00;2018-06-25 00:00:00
A100103;SACCHE PER UROSTOMIA (N.T.COD. En ISO 091807);N;;2018-06-26 00:00:00;2022-02-22 00:00:00
A100103;SACCHE PER UROSTOMIA MONOPEZZO (N.T.COD. En ISO 0918);N;;2022-02-23 00:00:00;
A10010301;SACCHE PER UROSTOMIA PER STOMI NON INTROFLESSI;S;;2018-06-26 00:00:00;2022-02-22 00:00:00
A10010301;SACCHE PER UROSTOMIA PER STOMI NON INTROFLESSI;N;;2022-02-23 00:00:00;2022-02-23 00:00:00
A10010301;SACCHE PER UROSTOMIA MONOPEZZO CON STOMA NON INTROFLESSO;N;;2022-02-23 00:00:00;
A1001030101;SACCHE PER UROSTOMIA MONOPEZZO CON STOMA NON INTROFLESSO NON RIVESTITE;S;;2022-02-23 00:00:00;
A1001030102;SACCHE PER UROSTOMIA MONOPEZZO CON STOMA NON INTROFLESSO RIVESTITE ;S;;2022-02-23 00:00:00;
A10010302;SACCHE PER UROSTOMIA PER STOMI INTROFLESSI;S;;2018-06-26 00:00:00;2022-02-22 00:00:00
A10010302;SACCHE PER UROSTOMIA MONOPEZZO CON STOMA INTROFLESSO;N;;2022-02-23 00:00:00;
A10010302;SACCHE PER UROSTOMIA PER STOMI INTROFLESSI;N;;2022-02-23 00:00:00;2022-02-23 00:00:00
A1001030201;SACCHE PER UROSTOMIA MONOPEZZO CON STOMA INTROFLESSO NON RIVESTITE;S;;2022-02-23 00:00:00;
A1001030202;SACCHE PER UROSTOMIA MONOPEZZO CON STOMA INTROFLESSO RIVESTITE ;S;;2022-02-23 00:00:00;
A10010303;SACCHE PER UROSTOMIA PER STOMI NON INTROFLESSI RIVESTITE;S;;2018-06-26 00:00:00;2022-02-23 00:00:00
A10010304;SACCHE PER UROSTOMIA PER STOMI INTROFLESSI RIVESTITE;S;;2018-06-26 00:00:00;2022-02-23 00:00:00
A100104;TAPPI AD ESPANSIONE PER SISTEMI PER STOMIA MONOPEZZO;S;;2007-02-20 00:00:00;2022-02-22 00:00:00
A100104;TAPPI AD ESPANSIONE PER SISTEMI PER STOMIA ADDOMINALE - MONOPEZZO;S;;2022-02-23 00:00:00;
A100199;SISTEMI PER STOMIA MONOPEZZO - ALTRI;S;;2008-06-30 00:00:00;2022-02-22 00:00:00
A100199;DISPOSITIVI PER STOMIA ADDOMINALE - MONOPEZZO Â¿ ALTRI;S;;2022-02-23 00:00:00;
A1002;SISTEMI PER STOMIA A DUE PEZZI;N;;2007-02-20 00:00:00;2022-02-22 00:00:00
A1002;DISPOSITIVI PER STOMIA ADDOMINALE A DUE PEZZI;N;;2022-02-23 00:00:00;
A100201;PLACCHE PER STOMIA;S;;2007-02-20 00:00:00;2008-06-29 00:00:00
A100201;PLACCHE PER STOMIA;N;;2008-06-30 00:00:00;2022-02-22 00:00:00
A100201;PLACCHE PER STOMIA ADDOMINALE ;N;;2022-02-23 00:00:00;
A10020101;PLACCHE PER COLOSTOMIA;S;;2008-06-30 00:00:00;2018-06-25 00:00:00
A10020101;PLACCHE PER COLOSTOMIA (N.T.COD. En ISO 091805);N;;2018-06-26 00:00:00;
A10020101;PLACCHE PER COLOSTOMIA;N;;2018-06-26 00:00:00;2018-06-26 00:00:00
A1002010101;PLACCHE PER COLOSTOMIA PER STOMI NON INTROFLESSI;S;;2018-06-26 00:00:00;2022-02-22 00:00:00
A1002010101;PLACCHE PER COLOSTOMIA CON STOMA NON INTROFLESSO;S;;2022-02-23 00:00:00;
A1002010102;PLACCHE PER COLOSTOMIA PER STOMI INTROFLESSI;S;;2018-06-26 00:00:00;2022-02-22 00:00:00
A1002010102;PLACCHE PER COLOSTOMIA CON STOMA INTROFLESSO;S;;2022-02-23 00:00:00;
A10020102;PLACCHE PER ILEOSTOMIA;S;;2008-06-30 00:00:00;2018-06-25 00:00:00
A10020102;PLACCHE PER ILEOSTOMIA (N.T.COD. En ISO 091808);N;;2018-06-26 00:00:00;
A10020102;PLACCHE PER ILEOSTOMIA;N;;2018-06-26 00:00:00;2018-06-26 00:00:00
A1002010201;PLACCHE PER ILEOSTOMIA PER STOMI NON INTROFLESSI;S;;2018-06-26 00:00:00;2022-02-22 00:00:00
A1002010201;PLACCHE PER ILEOSTOMIA CON STOMA NON INTROFLESSO;S;;2022-02-23 00:00:00;
A1002010202;PLACCHE PER ILEOSTOMIA PER STOMI INTROFLESSI;S;;2018-06-26 00:00:00;2022-02-22 00:00:00
A1002010202;PLACCHE PER ILEOSTOMIA CON STOMA INTROFLESSO;S;;2022-02-23 00:00:00;
A10020103;PLACCHE PER UROSTOMIA;S;;2008-06-30 00:00:00;2018-06-25 00:00:00
A10020103;PLACCHE PER UROSTOMIA;N;;2018-06-26 00:00:00;2018-06-26 00:00:00
A10020103;PLACCHE PER UROSTOMIA (N.T.COD. En ISO 091808);N;;2018-06-26 00:00:00;
A1002010301;PLACCHE PER UROSTOMIA PER STOMI NON INTROFLESSI;S;;2018-06-26 00:00:00;2022-02-22 00:00:00
A1002010301;PLACCHE PER UROSTOMIA CON STOMA NON INTROFLESSO;S;;2022-02-23 00:00:00;
A1002010302;PLACCHE PER UROSTOMIA PER STOMI INTROFLESSI;S;;2018-06-26 00:00:00;2022-02-22 00:00:00
A1002010302;PLACCHE PER UROSTOMIA CON STOMA INTROFLESSO;S;;2022-02-23 00:00:00;
A10020104;PLACCHE UNIVERSALI PER STOMA ADDOMINALE (COLO, ILEO, UROSTOMIA);N;;2022-02-23 00:00:00;
A1002010401;PLACCHE UNIVERSALI PER STOMA ADDOMINALE (COLO, ILEO, UROSTOMIA) CON STOMA NON INTROFLESSO;S;;2022-02-23 00:00:00;
A1002010402;PLACCHE UNIVERSALI PER STOMA ADDOMINALE (COLO, ILEO, UROSTOMIA) CON STOMA INTROFLESSO;S;;2022-02-23 00:00:00;
A100202;SACCHE PER COLOSTOMIA (N.T.COD. En ISO 091805);S;;2007-02-20 00:00:00;2018-06-25 00:00:00
A100202;SACCHE PER COLOSTOMIA (N.T.COD. En ISO 091805);N;;2018-06-26 00:00:00;2022-02-22 00:00:00
A100202;SACCHE PER COLOSTOMIA PER SISTEMI A DUE PEZZI (N.T.COD. En ISO 091805);N;;2022-02-23 00:00:00;
A10020201;SACCHE PER COLOSTOMIA NON RIVESTITE;S;;2018-06-26 00:00:00;2022-02-22 00:00:00
A10020201;SACCHE PER COLOSTOMIA PER SISTEMI A DUE PEZZI NON RIVESTITE;S;;2022-02-23 00:00:00;
A10020202;SACCHE PER COLOSTOMIA RIVESTITE;S;;2018-06-26 00:00:00;2022-02-22 00:00:00
A10020202;SACCHE PER COLOSTOMIA PER SISTEMI A DUE PEZZI RIVESTITE;S;;2022-02-23 00:00:00;
A100203;SACCHE PER ILEOSTOMIA (N.T.COD. En ISO 091805);S;;2007-02-20 00:00:00;2018-06-25 00:00:00
A100203;SACCHE PER ILEOSTOMIA (N.T.COD. En ISO 091805);N;;2018-06-26 00:00:00;2018-06-26 00:00:00
A100203;SACCHE PER ILEOSTOMIA (N.T.COD. En ISO 091808);N;;2018-06-26 00:00:00;2022-02-22 00:00:00
A100203;SACCHE PER ILEOSTOMIA PER SISTEMI A DUE PEZZI (N.T.COD. En ISO 091808);N;;2022-02-23 00:00:00;
A10020301;SACCHE PER ILEOSTOMIA NON RIVESTITE;S;;2018-06-26 00:00:00;2022-02-22 00:00:00
A10020301;SACCHE PER ILEOSTOMIA PER SISTEMI A DUE PEZZI NON RIVESTITE;S;;2022-02-23 00:00:00;
A10020302;SACCHE PER ILEOSTOMIA RIVESTITE;S;;2018-06-26 00:00:00;2022-02-22 00:00:00
A10020302;SACCHE PER ILEOSTOMIA PER SISTEMI A DUE PEZZI RIVESTITE;S;;2022-02-23 00:00:00;
A100204;SACCHE PER UROSTOMIA (N.T.COD. En ISO 091808);S;;2007-02-20 00:00:00;2018-06-25 00:00:00
A100204;SACCHE PER UROSTOMIA (N.T.COD. En ISO 091808);N;;2018-06-26 00:00:00;2022-02-22 00:00:00
A100204;SACCHE PER UROSTOMIA PER SISTEMI A DUE PEZZI (N.T.COD. En ISO 091808);N;;2022-02-23 00:00:00;
A10020401;SACCHE PER UROSTOMIA NON RIVESTITE;S;;2018-06-26 00:00:00;2022-02-22 00:00:00
A10020401;SACCHE PER UROSTOMIA PER SISTEMI A DUE PEZZI NON RIVESTITE;S;;2022-02-23 00:00:00;
A10020402;SACCHE PER UROSTOMIA RIVESTITE;S;;2018-06-26 00:00:00;2022-02-22 00:00:00
A10020402;SACCHE PER UROSTOMIA PER SISTEMI A DUE PEZZI RIVESTITE;S;;2022-02-23 00:00:00;
A100205;TAPPI AD ESPANSIONE PER SISTEMI PER STOMIA A DUE PEZZI;S;;2007-02-20 00:00:00;2022-02-22 00:00:00
A100205;TAPPI AD ESPANSIONE PER SISTEMI PER STOMIA ADDOMINALE A DUE PEZZI;S;;2022-02-23 00:00:00;
A100299;SISTEMI PER STOMIA A DUE PEZZI - ALTRI;S;;2008-06-30 00:00:00;2022-02-22 00:00:00
A100299;DISPOSITIVI PER STOMIA ADDOMINALE A DUE PEZZI Â¿ ALTRI;S;;2022-02-23 00:00:00;
A1003;SISTEMI DI IRRIGAZIONE PER STOMIA (N.T.COD. En ISO 091824);N;;2007-02-20 00:00:00;2022-02-22 00:00:00
A1003;DISPOSITIVI DI IRRIGAZIONE PER STOMIA ADDOMINALE (N.T.COD. En ISO 091805);N;;2022-02-23 00:00:00;
A100301;KIT PER IRRIGAZIONE DI STOMIA;S;;2007-02-20 00:00:00;2022-02-22 00:00:00
A100301;KIT PER IRRIGAZIONE PER STOMIA ADDOMINALE;S;;2022-02-23 00:00:00;
A100302;SACCHE DI RICAMBIO PER IRRIGAZIONE DI STOMIA;S;;2007-02-20 00:00:00;2018-06-25 00:00:00
A100302;SACCHE DI SCARICO/IRRIGAZIONE DI STOMIA;S;;2018-06-26 00:00:00;2022-02-22 00:00:00
A100302;SACCHE DI SCARICO/IRRIGAZIONE PER STOMIA ADDOMINALE;S;;2022-02-23 00:00:00;
A100399;SISTEMI DI IRRIGAZIONE PER STOMIA - ALTRI;S;;2008-06-30 00:00:00;2022-02-22 00:00:00
A100399;DISPOSITIVI DI IRRIGAZIONE PER STOMIA ADDOMINALE - ALTRI;S;;2022-02-23 00:00:00;
A1080;DISPOSITIVI PER STOMIA - ACCESSORI;S;;2007-02-20 00:00:00;2018-06-25 00:00:00
A1080;DISPOSITIVI PER STOMIA - ACCESSORI;N;;2018-06-26 00:00:00;2022-02-22 00:00:00
A1080;DISPOSITIVI PER STOMIA ADDOMINALE - ACCESSORI;N;;2022-02-23 00:00:00;
A108001;ANELLO/LUNETTA/PIASTRA PER CUTE PERISTOMALE ;S;;2018-06-26 00:00:00;2022-02-22 00:00:00
A108001;ANELLI/LUNETTE/PIASTRE PER CUTE PERISTOMALE;S;;2022-02-23 00:00:00;
A108002;PASTA/GEL  PROTETTIVA PER CUTE PERISTOMALE;S;;2018-06-26 00:00:00;2022-02-22 00:00:00
A108002;PASTE/GEL PROTETTIVI PER CUTE PERISTOMALE;S;;2022-02-23 00:00:00;
A108003;POLVERE PROTETTIVA  PER CUTE PERISTOMALE ;S;;2018-06-26 00:00:00;2022-02-22 00:00:00
A108003;POLVERI PROTETTIVE PER CUTE PERISTOMALE;S;;2022-02-23 00:00:00;
A108004;FILM/SPRAY PROTETTIVA PER CUTE PERISTOMALE ;S;;2018-06-26 00:00:00;2022-02-22 00:00:00
A108004;FILM/SPRAY PROTETTIVI PER CUTE PERISTOMALE;S;;2022-02-23 00:00:00;
A108005;DISPOSITIVO RIMUOVI ADESIVO ;S;;2018-06-26 00:00:00;2022-02-22 00:00:00
A108005;DISPOSITIVI PER RIMOZIONE DI ADESIVI DALLA CUTE PERISTOMALE;S;;2022-02-23 00:00:00;
A108006;CINTURA DI SUPPORTO ;S;;2018-06-26 00:00:00;2022-02-22 00:00:00
A108006;CINTURE DI SUPPORTO PER STOMIE ADDOMINALI;S;;2022-02-23 00:00:00;
A108007;CONO  DI IRRIGAZIONE ;S;;2018-06-26 00:00:00;2022-02-22 00:00:00
A108007;CONI DI IRRIGAZIONE PER STOMIE ADDOMINALI;S;;2022-02-23 00:00:00;
A108008;ADESIVI PER DISPOSITIVI PER STOMIA ADDOMINALE;S;;2022-02-23 00:00:00;
A108099;DISPOSITIVI ACCESSORI PER STOMIA - ALTRI ;S;;2018-06-26 00:00:00;2022-02-22 00:00:00
A108099;DISPOSITIVI PER STOMIA ADDOMINALE - ACCESSORI ALTRI;S;;2022-02-23 00:00:00;
A1099;DISPOSITIVI PER STOMIA - ALTRI;S;;2007-02-20 00:00:00;2022-02-22 00:00:00
A1099;DISPOSITIVI PER STOMIA ADDOMINALE - ALTRI;S;;2022-02-23 00:00:00;
A11;TAMPONI PER PRELIEVO DI CAMPIONI ;N;;2022-02-23 00:00:00;
A1101;TAMPONI NEUTRI PER PRELIEVO DI CAMPIONI ;S;;2022-02-23 00:00:00;
A1102;TAMPONI CON TERRENO DI TRASPORTO PER PRELIEVO DI CAMPIONI ;S;;2022-02-23 00:00:00;
A12;SPATOLE PER PRELIEVO DI CAMPIONI ;S;;2022-02-23 00:00:00;
A99;DISPOSITIVI DA SOMMINISTRAZIONE, PRELIEVO E RACCOLTA - ALTRI;S;;2007-02-20 00:00:00;2022-02-22 00:00:00
A99;DISPOSITIVI PER SOMMINISTRAZIONE, PRELIEVO E RACCOLTA - ALTRI;S;;2022-02-23 00:00:00;
B;DISPOSITIVI PER EMOTRASFUSIONE ED EMATOLOGIA;N;;2007-02-20 00:00:00;
B01;SACCHE PER SANGUE;N;;2007-02-20 00:00:00;2022-02-22 00:00:00
B01;SACCHE PER SANGUE E KIT;N;;2022-02-23 00:00:00;
B0101;SACCHE PER PRELIEVO DI SANGUE (compresi i kit);N;;2007-02-20 00:00:00;2022-02-22 00:00:00
B0101;SACCHE PER PRELIEVO DI SANGUE E KIT;N;;2022-02-23 00:00:00;
B010101;SACCHE PER PRELIEVO DI SANGUE AUTOLOGO;S;;2007-02-20 00:00:00;2008-06-29 00:00:00
B010101;SACCHE PER PRELIEVO DI SANGUE AUTOLOGO;N;;2008-06-30 00:00:00;2022-02-22 00:00:00
B010101;SACCHE PER PRELIEVO DI SANGUE AUTOLOGO E KIT;N;;2022-02-23 00:00:00;
B01010101;SACCHE PER PREDEPOSITO CON FILTRO;N;;2008-06-30 00:00:00;2022-02-22 00:00:00
B01010101;SACCHE PER PREDEPOSITO CON FILTRO E KIT;N;;2022-02-23 00:00:00;
B0101010101;SACCHE DOPPIE PER PREDEPOSITO CON FILTRO;S;;2008-06-30 00:00:00;2022-02-22 00:00:00
B0101010101;SACCHE DOPPIE PER PREDEPOSITO CON FILTRO E KIT;S;;2022-02-23 00:00:00;
B0101010199;SACCHE PER PREDEPOSITO CON FILTRO - ALTRE;S;;2008-06-30 00:00:00;2022-02-22 00:00:00
B0101010199;SACCHE PER PREDEPOSITO CON FILTRO E KIT - ALTRE;S;;2022-02-23 00:00:00;
B01010102;SACCHE PER PREDEPOSITO SENZA FILTRO;N;;2008-06-30 00:00:00;2022-02-22 00:00:00
B01010102;SACCHE PER PREDEPOSITO SENZA FILTRO E KIT;N;;2022-02-23 00:00:00;
B0101010201;SACCHE SINGOLE PER PREDEPOSITO SENZA FILTRO;S;;2008-06-30 00:00:00;2022-02-22 00:00:00
B0101010201;SACCHE SINGOLE PER PREDEPOSITO SENZA FILTRO E KIT;S;;2022-02-23 00:00:00;
B0101010202;SACCHE DOPPIE PER PREDEPOSITO SENZA FILTRO;S;;2008-06-30 00:00:00;2022-02-22 00:00:00
B0101010202;SACCHE DOPPIE PER PREDEPOSITO SENZA FILTRO E KIT;S;;2022-02-23 00:00:00;
B0101010203;SACCHE TRIPLE PER PREDEPOSITO SENZA FILTRO;S;;2008-06-30 00:00:00;2022-02-22 00:00:00
B0101010203;SACCHE TRIPLE PER PREDEPOSITO SENZA FILTRO E KIT;S;;2022-02-23 00:00:00;
B0101010299;SACCHE PER PREDEPOSITO SENZA FILTRO - ALTRE;S;;2008-06-30 00:00:00;2022-02-22 00:00:00
B0101010299;SACCHE PER PREDEPOSITO SENZA FILTRO E KIT - ALTRE;S;;2022-02-23 00:00:00;
B010102;SACCHE PER PRELIEVO DI SANGUE OMOLOGO DA DONATORE;S;;2007-02-20 00:00:00;2008-06-29 00:00:00
B010102;SACCHE PER PRELIEVO DI SANGUE OMOLOGO DA DONATORE;N;;2008-06-30 00:00:00;2022-02-22 00:00:00
B010102;SACCHE PER PRELIEVO DI SANGUE OMOLOGO DA DONATORE E KIT;N;;2022-02-23 00:00:00;
B01010201;SACCHE PER PRELIEVO DI SANGUE DA DONATORE CON FILTRO;N;;2008-06-30 00:00:00;2022-02-22 00:00:00
B01010201;SACCHE PER PRELIEVO DI SANGUE DA DONATORE CON FILTRO E KIT;N;;2022-02-23 00:00:00;
B0101020101;SACCHE QUADRUPLE PER PRELIEVO DI SANGUE DA DONATORE CON FILTRO;S;;2008-06-30 00:00:00;2022-02-22 00:00:00
B0101020101;SACCHE QUADRUPLE PER PRELIEVO DI SANGUE DA DONATORE CON FILTRO E KIT;S;;2022-02-23 00:00:00;
B0101020102;SACCHE QUINTUPLE PER PRELIEVO DI SANGUE DA DONATORE CON FILTRO;S;;2008-06-30 00:00:00;2022-02-22 00:00:00
B0101020102;SACCHE QUINTUPLE PER PRELIEVO DI SANGUE DA DONATORE CON FILTRO E KIT;S;;2022-02-23 00:00:00;
B0101020199;SACCHE PER PRELIEVO DI SANGUE DA DONATORE CON FILTRO - ALTRE;S;;2008-06-30 00:00:00;2022-02-22 00:00:00
B0101020199;SACCHE PER PRELIEVO DI SANGUE DA DONATORE CON FILTRO E KIT - ALTRE;S;;2022-02-23 00:00:00;
B01010202;SACCHE PER PRELIEVO DI SANGUE DA DONATORE SENZA FILTRO;N;;2008-06-30 00:00:00;2022-02-22 00:00:00
B01010202;SACCHE PER PRELIEVO DI SANGUE DA DONATORE SENZA FILTRO E KIT;N;;2022-02-23 00:00:00;
B0101020201;SACCHE TRIPLE PER PRELIEVO DI SANGUE DA DONATORE SENZA FILTRO;S;;2008-06-30 00:00:00;2022-02-22 00:00:00
B0101020201;SACCHE TRIPLE PER PRELIEVO DI SANGUE DA DONATORE SENZA FILTRO E KIT;S;;2022-02-23 00:00:00;
B0101020202;SACCHE QUADRUPLE PER PRELIEVO DI SANGUE DA DONATORE SENZA FILTRO;S;;2008-06-30 00:00:00;2022-02-22 00:00:00
B0101020202;SACCHE QUADRUPLE PER PRELIEVO DI SANGUE DA DONATORE SENZA FILTRO E KIT;S;;2022-02-23 00:00:00;
B0101020299;SACCHE PER PRELIEVO DI SANGUE DA DONATORE SENZA FILTRO - ALTRE;S;;2008-06-30 00:00:00;2022-02-22 00:00:00
B0101020299;SACCHE PER PRELIEVO DI SANGUE DA DONATORE SENZA FILTRO E KIT - ALTRE;S;;2022-02-23 00:00:00;
B010199;SACCHE PER PRELIEVO DI SANGUE (compresi i kit) - ALTRE;S;;2008-06-30 00:00:00;2022-02-22 00:00:00
B010199;SACCHE PER PRELIEVO DI SANGUE E KIT - ALTRE;S;;2022-02-23 00:00:00;
B0102;SACCHE PER IL TRASFERIMENTO DI SANGUE;S;;2007-02-20 00:00:00;2008-06-29 00:00:00
B0102;SACCHE PER IL TRASFERIMENTO DI SANGUE;N;;2008-06-30 00:00:00;2022-02-22 00:00:00
B0102;SACCHE PER IL TRASFERIMENTO DI SANGUE E KIT;N;;2022-02-23 00:00:00;
B010201;SACCHE PER TRASFERIMENTO DI SANGUE INTERO, EMAZIE O PLASMA;S;;2008-06-30 00:00:00;2022-02-22 00:00:00
B010201;SACCHE PER TRASFERIMENTO DI SANGUE INTERO, EMAZIE O PLASMA E KIT;S;;2022-02-23 00:00:00;
B010202;SACCHE PER TRASFERIMENTO DI CONCENTRATI PIASTRINICI;S;;2008-06-30 00:00:00;2022-02-22 00:00:00
B010202;SACCHE PER TRASFERIMENTO DI CONCENTRATI PIASTRINICI E KIT;S;;2022-02-23 00:00:00;
B010299;SACCHE PER IL TRASFERIMENTO DI SANGUE - ALTRE;S;;2008-06-30 00:00:00;2022-02-22 00:00:00
B010299;SACCHE PER IL TRASFERIMENTO DI SANGUE E KIT - ALTRE;S;;2022-02-23 00:00:00;
B0103;SACCHE PER RACCOLTA, PURIFICAZIONE, CRIOPRESERVAZIONE DEL SANGUE MIDOLLARE;S;;2007-02-20 00:00:00;2022-02-22 00:00:00
B0103;SACCHE PER RACCOLTA, PURIFICAZIONE, CRIOPRESERVAZIONE DEL SANGUE MIDOLLARE E KIT;S;;2022-02-23 00:00:00;
B0104;SACCHE PER LA RACCOLTA, PURIFICAZIONE, CRIOPRESERVAZIONE DEL SANGUE PLACENTARE;S;;2007-02-20 00:00:00;2008-06-29 00:00:00
B0104;SACCHE PER LA RACCOLTA, PURIFICAZIONE, CRIOPRESERVAZIONE DEL SANGUE PLACENTARE;N;;2008-06-30 00:00:00;2022-02-22 00:00:00
B0104;SACCHE PER SANGUE PLACENTARE E KIT;N;;2022-02-23 00:00:00;
B010401;SACCHE PER RACCOLTA DI SANGUE PLACENTARE;S;;2008-06-30 00:00:00;2022-02-22 00:00:00
B010401;SACCHE PER RACCOLTA DI SANGUE PLACENTARE E KIT;S;;2022-02-23 00:00:00;
B010402;SACCHE PER PURIFICAZIONE DI SANGUE PLACENTARE;S;;2008-06-30 00:00:00;2022-02-22 00:00:00
B010402;SACCHE PER PURIFICAZIONE DI SANGUE PLACENTARE E KIT;S;;2022-02-23 00:00:00;
B010403;SACCHE PER CRIOPRESERVAZIONE DI SANGUE PLACENTARE;S;;2008-06-30 00:00:00;2022-02-22 00:00:00
B010403;SACCHE PER CRIOPRESERVAZIONE DI SANGUE PLACENTARE E KIT;S;;2022-02-23 00:00:00;
B010499;SACCHE PER SANGUE PLACENTARE - ALTRE;S;;2008-06-30 00:00:00;2022-02-22 00:00:00
B010499;SACCHE PER SANGUE PLACENTARE E KIT - ALTRE;S;;2022-02-23 00:00:00;
B0105;SACCHE PER RACCOLTA, PURIFICAZIONE, CRIOPRESERVAZIONE DEL SANGUE DA CORDONE OMBELICALE E KIT;S;;2022-02-23 00:00:00;
B0180;SACCHE PER SANGUE - ACCESSORI;S;;2007-02-20 00:00:00;2022-02-22 00:00:00
B0180;SACCHE PER SANGUE E KIT - ACCESSORI;S;;2022-02-23 00:00:00;
B0190;SACCHE PER SANGUE - VARIE;N;;2008-06-30 00:00:00;2022-02-22 00:00:00
B0190;SACCHE PER SANGUE E KIT - VARIE;N;;2022-02-23 00:00:00;
B019001;SACCHE PER PRODUZIONE DI GEL PIASTRINICO E COLLA DI FIBRINA;S;;2008-06-30 00:00:00;2022-02-22 00:00:00
B019001;SACCHE PER PRODUZIONE DI GEL PIASTRINICO E COLLA DI FIBRINA E KIT;S;;2022-02-23 00:00:00;
B019002;SACCHE PER RACCOLTA E FILTRAZIONE DI SANGUE INTERO CON ALIQUOTAZIONE DI EMAZIE CONCENTRATE;S;;2008-06-30 00:00:00;2022-02-22 00:00:00
B019002;SACCHE PER RACCOLTA E FILTRAZIONE DI SANGUE INTERO CON ALIQUOTAZIONE DI EMAZIE CONCENTRATE E KIT;S;;2022-02-23 00:00:00;
B019003;KIT PER ALIQUOTAZIONE DI EMOCOMPONENTI;S;;2008-06-30 00:00:00;
B019004;SACCHE PER CAMPIONAMENTO DI EMOCOMPONENTI;S;;2008-06-30 00:00:00;2022-02-22 00:00:00
B019004;SACCHE PER CAMPIONAMENTO DI EMOCOMPONENTI E KIT;S;;2022-02-23 00:00:00;
B0199;SACCHE PER SANGUE - ALTRE;S;;2007-02-20 00:00:00;2022-02-22 00:00:00
B0199;SACCHE PER SANGUE E KIT - ALTRE;S;;2022-02-23 00:00:00;
B02;FILTRI DA SANGUE;N;;2007-02-20 00:00:00;
B0201;FILTRI PER LEUCORIDUZIONE;N;;2007-02-20 00:00:00;
B020101;FILTRI PER LEUCORIDUZIONE A LETTO DEL PAZIENTE (BED-SIDE);N;;2007-02-20 00:00:00;
B02010101;FILTRI PER LEUCORIDUZIONE A LETTO DEL PAZIENTE PER ERITROCITI (CON DEFLUSSORE E SENZA);S;;2007-02-20 00:00:00;
B02010102;FILTRI PER LEUCORIDUZIONE A LETTO DEL PAZIENTE PER PIASTRINE (CON DEFLUSSORE E SENZA);S;;2007-02-20 00:00:00;
B02010199;FILTRI PER LEUCORIDUZIONE A LETTO DEL PAZIENTE - ALTRI;S;;2007-02-20 00:00:00;
B020102;FILTRI PER LEUCORIDUZIONE DA LABORATORIO;N;;2007-02-20 00:00:00;
B02010201;FILTRI PER LEUCORIDUZIONE DA LABORATORIO PER ERITROCITI;S;;2007-02-20 00:00:00;
B02010202;FILTRI PER LEUCORIDUZIONE DA LABORATORIO PER PIASTRINE;S;;2007-02-20 00:00:00;
B02010299;FILTRI PER LEUCORIDUZIONE DA LABORATORIO - ALTRI;S;;2007-02-20 00:00:00;
B0202;FILTRI PER TERAPIA TRASFUSIONALE MASSIVA (PER MICROAGGREGATI 40 MICRON);N;;2007-02-20 00:00:00;
B020201;FILTRI PER TERAPIA TRASFUSIONALE MASSIVA CON DEFLUSSORE;S;;2007-02-20 00:00:00;
B020202;FILTRI PER TERAPIA TRASFUSIONALE MASSIVA SENZA DEFLUSSORE;S;;2007-02-20 00:00:00;
B0280;FILTRI DA SANGUE - ACCESSORI;S;;2007-02-20 00:00:00;
B0299;FILTRI DA SANGUE - ALTRI;S;;2007-02-20 00:00:00;
B03;DISPOSITIVI PER AFERESI;N;;2007-02-20 00:00:00;
B0301;DISPOSITIVI PER RACCOLTA MEDIANTE AFERESI;N;;2007-02-20 00:00:00;
B030101;DISPOSITIVI PER RACCOLTA DI PLASMA;S;;2007-02-20 00:00:00;
B030102;DISPOSITIVI PER RACCOLTA DI PIASTRINE;S;;2007-02-20 00:00:00;
B030103;DISPOSITIVI PER RACCOLTA DI LEUCOCITI;S;;2007-02-20 00:00:00;
B030104;DISPOSITIVI PER RACCOLTA MULTIPLA DI EMOCOMPONENTI;S;;2007-02-20 00:00:00;
B030199;DISPOSITIVI PER RACCOLTA MEDIANTE AFERESI - ALTRI;S;;2008-06-30 00:00:00;
B0302;DISPOSITIVI PER TERAPIA MEDIANTE AFERESI;N;;2007-02-20 00:00:00;
B030201;DISPOSITIVI PER PLASMAFERESI E KIT;S;;2007-02-20 00:00:00;
B030202;DISPOSITIVI PER CITOAFERESI E KIT;S;;2007-02-20 00:00:00;
B030203;DISPOSITIVI PER RIMOZIONE DI SINGOLI COMPONENTI PLASMATICI E KIT;S;;2007-02-20 00:00:00;
B030204;DISPOSITIVI PER FOTOCHEMIOTERAPIA EXTRACORPOREA O FOTOAFERESI E KIT;S;;2007-02-20 00:00:00;
B030299;DISPOSITIVI PER TERAPIA MEDIANTE AFERESI - ALTRI;S;;2008-06-30 00:00:00;
B0380;DISPOSITIVI PER AFERESI - ACCESSORI;S;;2007-02-20 00:00:00;
B0399;DISPOSITIVI PER AFERESI - ALTRI;S;;2007-02-20 00:00:00;
B04;DISPOSITIVI PER AUTOTRASFUSIONE;N;;2007-02-20 00:00:00;
B0401;DISPOSITIVI E KIT INTRA- E POSTOPERATORI PER RECUPERO, LAVAGGIO E REINFUSIONE DEL SANGUE;S;;2007-02-20 00:00:00;
B0402;DISPOSITIVI E KIT INTRA- E POSTOPERATORI PER SOLO RECUPERO E REINFUSIONE DEL SANGUE ;S;;2007-02-20 00:00:00;
B0480;DISPOSITIVI PER AUTOTRASFUSIONE - ACCESSORI;S;;2007-02-20 00:00:00;
B0499;DISPOSITIVI PER AUTOTRASFUSIONE - ALTRI;S;;2007-02-20 00:00:00;
B05;DISPOSITIVI PER LA PREPARAZIONE DI EMOCOMPONENTI AD USO TOPICO;N;;2007-02-20 00:00:00;2022-02-22 00:00:00
B05;DISPOSITIVI PER PREPARAZIONE DI EMOCOMPONENTI AD USO TOPICO;N;;2022-02-23 00:00:00;
B0501;DISPOSITIVI PER LA PREPARAZIONE AUTOMATICA DI GEL DI PIASTRINE;S;;2007-02-20 00:00:00;2008-06-29 00:00:00
B0501;DISPOSITIVI PER LA PREPARAZIONE AUTOMATICA DI GEL DI PIASTRINE (escluse le sacche);S;;2008-06-30 00:00:00;2022-02-22 00:00:00
B0501;DISPOSITIVI PER PREPARAZIONE AUTOMATICA DI GEL DI PIASTRINE (escluse le sacche);S;;2022-02-23 00:00:00;
B0502;DISPOSITIVI PER LA PREPARAZIONE AUTOMATICA DI COLLA DI FIBRINA;S;;2007-02-20 00:00:00;2008-06-29 00:00:00
B0502;DISPOSITIVI PER LA PREPARAZIONE AUTOMATICA DI COLLA DI FIBRINA (escluse le sacche);S;;2008-06-30 00:00:00;2022-02-22 00:00:00
B0502;DISPOSITIVI PER PREPARAZIONE AUTOMATICA DI COLLA DI FIBRINA (escluse le sacche);S;;2022-02-23 00:00:00;
B0599;DISPOSITIVI PER LA PREPARAZIONE DI EMOCOMPONENTI AD USO TOPICO - ALTRI;S;;2007-02-20 00:00:00;2022-02-22 00:00:00
B0599;DISPOSITIVI PER PREPARAZIONE DI EMOCOMPONENTI AD USO TOPICO - ALTRI;S;;2022-02-23 00:00:00;
B06;DISPOSITIVI PER LA MANIPOLAZIONE CELLULARE O BIOLOGICA;S;;2007-02-20 00:00:00;2022-02-22 00:00:00
B06;DISPOSITIVI PER MANIPOLAZIONE CELLULARE O BIOLOGICA;S;;2022-02-23 00:00:00;
B07;SOLUZIONI PER CONSERVAZIONE DEL SANGUE E DI EMOCOMPONENTI;S;;2022-02-23 00:00:00;
B99;DISPOSITIVI PER EMOTRASFUSIONE ED EMATOLOGIA - ALTRI;S;;2007-02-20 00:00:00;
C;DISPOSITIVI PER APPARATO CARDIOCIRCOLATORIO;N;;2007-02-20 00:00:00;
C01;DISPOSITIVI PER SISTEMA ARTERO-VENOSO;N;;2007-02-20 00:00:00;
C0101;CATETERI VENOSI PERIFERICI;N;;2007-02-20 00:00:00;2022-02-22 00:00:00
C0101;AGHI CANNULA, CATETERI E CANNULE PER ACCESSO VENOSO PERIFERICO;N;;2022-02-23 00:00:00;
C010101;AGHI CATETERE (AGHI CANNULA);N;;2007-02-20 00:00:00;2022-02-22 00:00:00
C010101;AGHI CANNULA PER ACCESSO VENOSO PERIFERICO;N;;2022-02-23 00:00:00;
C01010101;AGHI CANNULA;N;;2007-02-20 00:00:00;2022-02-22 00:00:00
C01010101;AGHI CANNULA PER ACCESSO VENOSO PERIFERICO SENZA SISTEMA DI SICUREZZA;N;;2022-02-23 00:00:00;
C0101010101;AGHI CANNULA CON VALVOLA DI INIEZIONE;S;;2007-02-20 00:00:00;2022-02-22 00:00:00
C0101010101;AGHI CANNULA PER ACCESSO VENOSO PERIFERICO SENZA SISTEMA DI SICUREZZA CON VALVOLA DI INIEZIONE;S;;2022-02-23 00:00:00;
C0101010102;AGHI CANNULA SENZA VALVOLA DI INIEZIONE;S;;2007-02-20 00:00:00;2022-02-22 00:00:00
C0101010102;AGHI CANNULA PER ACCESSO VENOSO PERIFERICO SENZA SISTEMA DI SICUREZZA SENZA VALVOLA DI INIEZIONE;S;;2022-02-23 00:00:00;
C01010102;AGHI CANNULA DI SICUREZZA;N;;2007-02-20 00:00:00;2022-02-22 00:00:00
C01010102;AGHI CANNULA PER ACCESSO VENOSO PERIFERICO CON SISTEMA DI SICUREZZA;N;;2022-02-23 00:00:00;
C0101010201;AGHI CANNULA DI SICUREZZA CON VALVOLA DI INIEZIONE;S;;2007-02-20 00:00:00;2022-02-22 00:00:00
C0101010201;AGHI CANNULA PER ACCESSO VENOSO PERIFERICO CON SISTEMA DI SICUREZZA CON VALVOLA DI INIEZIONE;S;;2022-02-23 00:00:00;
C0101010202;AGHI CANNULA DI SICUREZZA SENZA VALVOLA DI INIEZIONE;S;;2007-02-20 00:00:00;2022-02-22 00:00:00
C0101010202;AGHI CANNULA PER ACCESSO VENOSO PERIFERICO CON SISTEMA DI SICUREZZA SENZA VALVOLA DI INIEZIONE;S;;2022-02-23 00:00:00;
C01010103;AGHI CANNULA CON PROLUNGA INTEGRATA;S;;2007-02-20 00:00:00;2022-02-22 00:00:00
C01010103;AGHI CANNULA PER ACCESSO VENOSO PERIFERICO CON PROLUNGA INTEGRATA;S;;2022-02-23 00:00:00;
C01010180;AGHI CANNULA PER ACCESSO VENOSO PERIFERICO - ACCESSORI;S;;2022-02-23 00:00:00;
C01010199;AGHI CATETERE (AGHI CANNULA) - ALTRI;S;;2007-02-20 00:00:00;2022-02-22 00:00:00
C01010199;AGHI CANNULA PER ACCESSO VENOSO PERIFERICO Â¿ ALTRI;S;;2022-02-23 00:00:00;
C010102;CATETERI PERIFERICI PER SISTEMA VENOSO;S;;2007-02-20 00:00:00;
C010103;DISPOSITIVI VENOSI PERIFERICI INTEGRATI;S;;2007-02-20 00:00:00;
C010104;CANNULE VENOSE PER ACCESSO OMBELICALE;S;;2011-08-30 00:00:00;
C010180;CATETERI VENOSI PERIFERICI - ACCESSORI;S;;2007-02-20 00:00:00;2022-02-22 00:00:00
C010180;AGHI CANNULA, CATETERI E CANNULE PER ACCESSO VENOSO PERIFERICO Â¿ ACCESSORI NON COMPRESI IN ALTRE CLASSI;S;;2022-02-23 00:00:00;
C010199;CATETERI VENOSI PERIFERICI - ALTRI;S;;2007-02-20 00:00:00;2022-02-22 00:00:00
C010199;AGHI CANNULA, CATETERI E CANNULE PER ACCESSO VENOSO PERIFERICO - ALTRI;S;;2022-02-23 00:00:00;
C0102;CATETERI VENOSI CENTRALI;N;;2007-02-20 00:00:00;
C010201;CATETERI VENOSI CENTRALI CON ACCESSO PERIFERICO;N;;2007-02-20 00:00:00;
C01020101;CATETERI VENOSI CENTRALI CON ACCESSO PERIFERICO MONOLUME;S;;2007-02-20 00:00:00;
C01020102;CATETERI VENOSI CENTRALI CON ACCESSO PERIFERICO MULTILUME;S;;2007-02-20 00:00:00;
C010202;CATETERI VENOSI CENTRALI NON TUNNELLIZZABILI;N;;2007-02-20 00:00:00;
C01020201;CATETERI VENOSI CENTRALI NON TUNNELLIZZABILI MONOLUME;S;;2007-02-20 00:00:00;
C01020202;CATETERI VENOSI CENTRALI NON TUNNELLIZZABILI BILUME;S;;2007-02-20 00:00:00;
C01020203;CATETERI VENOSI CENTRALI NON TUNNELLIZZABILI A TRE O PIU' LUMI;S;;2007-02-20 00:00:00;
C010203;CATETERI VENOSI CENTRALI PARZIALMENTE TUNNELLIZZABILI;N;;2007-02-20 00:00:00;
C01020301;CATETERI VENOSI CENTRALI PARZIALMENTE TUNNELLIZZABILI MONOLUME;S;;2007-02-20 00:00:00;
C01020302;CATETERI VENOSI CENTRALI PARZIALMENTE TUNNELLIZZABILI BILUME;S;;2007-02-20 00:00:00;
C01020303;CATETERI VENOSI CENTRALI PARZIALMENTE TUNNELLIZZABILI A TRE O PIU' LUMI;S;;2007-02-20 00:00:00;
C010204;SISTEMI DI ACCESSO VENOSO IMPIANTABILI SOTTOCUTANEI;N;;2007-02-20 00:00:00;
C01020401;SISTEMI DI ACCESSO VENOSO IMPIANTABILI SOTTOCUTANEI MONOCAMERA;S;;2007-02-20 00:00:00;
C01020402;SISTEMI DI ACCESSO VENOSO IMPIANTABILI SOTTOCUTANEI DOPPIA CAMERA O BILUME;S;;2007-02-20 00:00:00;
C01020499;SISTEMI DI ACCESSO VENOSO IMPIANTABILI SOTTOCUTANEI - ALTRI;S;;2007-02-20 00:00:00;
C010280;CATETERI VENOSI CENTRALI - ACCESSORI;S;;2007-02-20 00:00:00;
C010299;CATETERI VENOSI CENTRALI - ALTRI;S;;2007-02-20 00:00:00;
C0103;CANNULE PER ACCESSO ARTERIOSO;N;;2007-02-20 00:00:00;
C010301;CANNULE PER ACCESSO RADIALE;S;;2007-02-20 00:00:00;
C010302;CANNULE PER ACCESSO OMBELICALE;S;;2007-02-20 00:00:00;
C010303;CANNULE PER ACCESSO FEMORALE;S;;2007-02-20 00:00:00;
C010380;CANNULE PER ACCESSO ARTERIOSO - ACCESSORI;S;;2007-02-20 00:00:00;
C010399;CANNULE PER ACCESSO ARTERIOSO - ALTRE;S;;2007-02-20 00:00:00;
C0104;DISPOSITIVI PER ANGIOGRAFIA ED EMODINAMICA;N;;2007-02-20 00:00:00;
C010401;DISPOSITIVI PER ANGIOGRAFIA CARDIACA;N;;2007-02-20 00:00:00;
C01040101;DISPOSITIVI PER ANGIOGRAFIA CARDIACA DIAGNOSTICA;N;;2007-02-20 00:00:00;
C0104010101;CATETERI PER ANGIOGRAFIA CARDIACA DIAGNOSTICA;S;;2007-02-20 00:00:00;
C0104010102;CATETERI PER ULTRASONOGRAFIA INTRACARDIACA E INTRACORONARICA;S;;2007-02-20 00:00:00;
C0104010199;CATETERI PER ANGIOGRAFIA CARDIACA DIAGNOSTICA - ALTRI;S;;2007-02-20 00:00:00;
C01040102;DISPOSITIVI PER ANGIOGRAFIA CORONARICA INTERVENTISTICA;N;;2007-02-20 00:00:00;
C0104010201;CATETERI DILATATORI PER PTCA ;N;;2007-02-20 00:00:00;
C010401020101;CATETERI DILATATORI A PALLONE PER PTCA;S;;2007-02-20 00:00:00;
C010401020102;CATETERI DILATATORI PER IMPIANTO DI STENT CORONARICI;S;;2007-02-20 00:00:00;
C010401020180;CATETERI DILATATORI PER PTCA - ACCESSORI;S;;2022-02-23 00:00:00;
C010401020199;CATETERI DILATATORI PER PTCA - ALTRI;S;;2008-06-30 00:00:00;
C0104010202;CATETERI GUIDA PER ANGIOGRAFIA CARDIACA;S;;2007-02-20 00:00:00;
C0104010203;CATETERI PER INFUSIONE E SOMMINISTRAZIONE DI FARMACI INTRACARDIACI E INTRACORONARICI;S;;2007-02-20 00:00:00;
C0104010204;SISTEMI PER ATERECTOMIA CORONARICA;N;;2007-02-20 00:00:00;
C010401020401;SISTEMI PER ATERECTOMIA CORONARICA DIREZIONALE;S;;2007-02-20 00:00:00;
C010401020402;SISTEMI PER ATERECTOMIA CORONARICA ROTAZIONALE;S;;2007-02-20 00:00:00;
C010401020480;SISTEMI PER ATERECTOMIA CORONARICA - ACCESSORI;S;;2022-02-23 00:00:00;
C010401020499;SISTEMI PER ATERECTOMIA CORONARICA - ALTRI;S;;2008-06-30 00:00:00;
C0104010205;SISTEMI PER TROMBECTOMIA E TROMBOASPIRAZIONE CARDIACA;N;;2007-02-20 00:00:00;
C010401020501;SISTEMI PER TROMBECTOMIA E TROMBOASPIRAZIONE CARDIACA MANUALE;S;;2007-02-20 00:00:00;
C010401020502;SISTEMI PER TROMBECTOMIA E TROMBOASPIRAZIONE CARDIACA MOTORIZZATA;S;;2007-02-20 00:00:00;
C010401020580;SISTEMI PER TROMBECTOMIA E TROMBOASPIRAZIONE CARDIACA - ACCESSORI;S;;2022-02-23 00:00:00;
C0104010280;DISPOSITIVI PER ANGIOGRAFIA CORONARICA INTERVENTISTICA - ACCESSORI;S;;2022-02-23 00:00:00;
C0104010299;DISPOSITIVI PER ANGIOGRAFIA CORONARICA INTERVENTISTICA - ALTRI;S;;2007-02-20 00:00:00;
C01040180;DISPOSITIVI PER ANGIOGRAFIA CARDIACA - ACCESSORI;S;;2007-02-20 00:00:00;2022-02-22 00:00:00
C01040180;DISPOSITIVI PER ANGIOGRAFIA CARDIACA Â¿ ACCESSORI NON COMPRESI IN ALTRE CLASSI;S;;2022-02-23 00:00:00;
C01040199;DISPOSITIVI PER ANGIOGRAFIA CARDIACA - ALTRI;S;;2007-02-20 00:00:00;
C010402;DISPOSITIVI PER ANGIOGRAFIA PERIFERICA;N;;2007-02-20 00:00:00;
C01040201;DISPOSITIVI PER ANGIOGRAFIA PERIFERICA DIAGNOSTICA;N;;2007-02-20 00:00:00;
C0104020101;CATETERI E MICROCATETERI PER ANGIOGRAFIA PERIFERICA DIAGNOSTICA, PANORAMICA E SELETTIVA;S;;2007-02-20 00:00:00;
C0104020102;CATETERI PER ULTRASONOGRAFIA INTRAVASCOLARE;S;;2007-02-20 00:00:00;
C0104020103;CATETERI DA OCCLUSIONE VASCOLARE;S;;2007-02-20 00:00:00;
C0104020180;DISPOSITIVI PER ANGIOGRAFIA PERIFERICA DIAGNOSTICA - ACCESSORI;S;;2022-02-23 00:00:00;
C0104020199;DISPOSITIVI PER ANGIOGRAFIA PERIFERICA DIAGNOSTICA - ALTRI;S;;2007-02-20 00:00:00;
C01040202;DISPOSITIVI PER ANGIOGRAFIA PERIFERICA INTERVENTISTICA;N;;2007-02-20 00:00:00;
C0104020201;CATETERI DILATATORI PER PTA;N;;2007-02-20 00:00:00;
C010402020101;CATETERI DILATATORI A PALLONE PER PTA;S;;2007-02-20 00:00:00;
C010402020102;CATETERI DILATATORI PER IMPIANTO DI STENT PERIFERICI;S;;2007-02-20 00:00:00;
C010402020180;CATETERI DILATATORI PER PTA - ACCESSORI;S;;2022-02-23 00:00:00;
C010402020199;CATETERI DILATATORI PER PTA - ALTRI;S;;2008-06-30 00:00:00;
C0104020202;CATETERI E MICROCATETERI PER EMBOLIZZAZIONE PERIFERICA;S;;2007-02-20 00:00:00;
C0104020203;SPIRALI E SISTEMI EMBOLIZZANTI;S;;2007-02-20 00:00:00;2022-02-22 00:00:00
C0104020203;SPIRALI E SISTEMI EMBOLIZZANTI;N;;2022-02-23 00:00:00;2022-02-23 00:00:00
C0104020203;DISPOSITIVI EMBOLIZZANTI;N;;2022-02-23 00:00:00;
C010402020301;SPIRALI EMBOLIZZANTI;S;;2022-02-23 00:00:00;
C010402020302;FLUIDI EMBOLIZZANTI;S;;2022-02-23 00:00:00;
C010402020303;PARTICELLE E MICROSFERE EMBOLIZZANTI;S;;2022-02-23 00:00:00;
C010402020380;DISPOSITIVI EMBOLIZZANTI Â¿ ACCESSORI;S;;2022-02-23 00:00:00;
C010402020399;DISPOSITIVI EMBOLIZZANTI - ALTRI;S;;2022-02-23 00:00:00;
C0104020204;CATETERI GUIDA PER ANGIOGRAFIA PERIFERICA;S;;2007-02-20 00:00:00;
C0104020205;CATETERI E MICROCATETERI PER INFUSIONE E SOMMINISTRAZIONE DI FARMACI INTRAVASCOLARI;S;;2007-02-20 00:00:00;
C0104020206;SISTEMI PER ATERECTOMIA PERIFERICA;N;;2007-02-20 00:00:00;
C010402020601;SISTEMI PER ATERECTOMIA PERIFERICA DIREZIONALE;S;;2007-02-20 00:00:00;
C010402020602;SISTEMI PER ATERECTOMIA PERIFERICA ROTAZIONALE;S;;2007-02-20 00:00:00;
C010402020680;SISTEMI PER ATERECTOMIA PERIFERICA - ACCESSORI;S;;2022-02-23 00:00:00;
C010402020699;SISTEMI PER ATERECTOMIA PERIFERICA - ALTRI;S;;2008-06-30 00:00:00;
C0104020207;SISTEMI PER TROMBECTOMIA E TROMBOASPIRAZIONE PERIFERICA;N;;2007-02-20 00:00:00;
C010402020701;SISTEMI PER TROMBECTOMIA E TROMBOASPIRAZIONE PERIFERICA MANUALE;S;;2007-02-20 00:00:00;
C010402020702;SISTEMI PER TROMBECTOMIA E TROMBOASPIRAZIONE PERIFERICA MECCANICA;S;;2007-02-20 00:00:00;
C010402020780;SISTEMI PER TROMBECTOMIA E TROMBOASPIRAZIONE PERIFERICA - ACCESSORI;S;;2022-02-23 00:00:00;
C0104020208;SISTEMI PERCUTANEI PER ANASTOMOSI PORTO-SISTEMICA (TIPS);S;;2007-02-20 00:00:00;
C0104020209;DISPOSITIVI PER OCCLUSIONI CRONICHE TOTALI DELL'APPARATO VASCOLARE PERIFERICO;S;;2008-06-30 00:00:00;
C0104020280;DISPOSITIVI PER ANGIOGRAFIA PERIFERICA INTERVENTISTICA - ACCESSORI NON COMPRESI IN ALTRE CLASSI;S;;2022-02-23 00:00:00;
C0104020299;DISPOSITIVI PER ANGIOGRAFIA PERIFERICA INTERVENTISTICA - ALTRI;S;;2007-02-20 00:00:00;
C01040280;DISPOSITIVI PER ANGIOGRAFIA PERIFERICA - ACCESSORI;S;;2007-02-20 00:00:00;2022-02-22 00:00:00
C01040280;DISPOSITIVI PER ANGIOGRAFIA PERIFERICA - ACCESSORI NON COMPRESI IN ALTRE CLASSI;S;;2022-02-23 00:00:00;
C01040299;DISPOSITIVI PER ANGIOGRAFIA PERIFERICA - ALTRI;S;;2007-02-20 00:00:00;
C010403;DISPOSITIVI PER MISURAZIONE DELLA FFR (RISERVA DI FLUSSO FRAZIONALE);S;;2022-02-23 00:00:00;
C010480;DISPOSITIVI PER ANGIOGRAFIA ED EMODINAMICA - ACCESSORI ALTRI;S;;2007-02-20 00:00:00;2022-02-22 00:00:00
C010480;DISPOSITIVI PER ANGIOGRAFIA ED EMODINAMICA - ACCESSORI NON COMPRESI IN ALTRE CLASSI;S;;2022-02-23 00:00:00;
C010499;DISPOSITIVI PER ANGIOGRAFIA ED EMODINAMICA - ALTRI;S;;2022-02-23 00:00:00;
C0105;DISPOSITIVI DI PROTEZIONE INTRAVASCOLARE;N;;2007-02-20 00:00:00;
C010501;FILTRI CAVALI;N;;2007-02-20 00:00:00;
C01050101;FILTRI CAVALI RIMOVIBILI;S;;2007-02-20 00:00:00;
C01050102;FILTRI CAVALI NON RIMOVIBILI;S;;2007-02-20 00:00:00;
C010502;SISTEMI E CATETERI DI PROTEZIONE INTRAVASCOLARE;N;;2007-02-20 00:00:00;
C01050201;SISTEMI E CATETERI DI PROTEZIONE PER PTCA;S;;2007-02-20 00:00:00;
C01050202;SISTEMI E CATETERI DI PROTEZIONE PER PTA;S;;2007-02-20 00:00:00;
C01050203;SISTEMI E CATETERI DI PROTEZIONE ARTERIOSA CHIRURGICA;S;;2007-02-20 00:00:00;
C01050299;SISTEMI E CATETERI DI PROTEZIONE INTRAVASCOLARE - ALTRI;S;;2008-06-30 00:00:00;
C010580;DISPOSITIVI DI PROTEZIONE INTRAVASCOLARE - ACCESSORI;S;;2007-02-20 00:00:00;
C010599;DISPOSITIVI DI PROTEZIONE INTRAVASCOLARE - ALTRI;S;;2007-02-20 00:00:00;
C0180;DISPOSITIVI PER SISTEMA ARTERO-VENOSO - ACCESSORI ALTRI;S;;2007-02-20 00:00:00;2022-02-22 00:00:00
C0180;DISPOSITIVI PER SISTEMA ARTERO-VENOSO - ACCESSORI NON COMPRESI IN ALTRE CLASSI;S;;2022-02-23 00:00:00;
C0190;DISPOSITIVI PER PROCEDURE VASCOLARI - VARI;N;;2007-02-20 00:00:00;
C019001;CATETERI PER CONTROPULSAZIONE AORTICA;S;;2007-02-20 00:00:00;
C019002;CATETERI PER EMBOLECTOMIA;S;;2007-02-20 00:00:00;
C019003;CATETERI PER TERMODILUIZIONE;S;;2007-02-20 00:00:00;
C019004;SISTEMI DI MONITORAGGIO CARDIOVASCOLARE;S;;2007-02-20 00:00:00;
C019005;SISTEMI PER RIMOZIONE DI CORPI ESTRANEI VASCOLARI;S;;2007-02-20 00:00:00;
C019006;SHUNT CAROTIDEI;S;;2007-02-20 00:00:00;
C019007;SISTEMI PER BRACHITERAPIA A RADIOFREQUENZA DELL'APPARATO CARDIOVASCOLARE;S;;2007-02-20 00:00:00;
C019008;SISTEMI DI ACCESSO ARTERIOSO IMPIANTABILI SOTTOCUTANEI;S;;2007-02-20 00:00:00;
C019009;SISTEMI PER OCCLUSIONE AORTICA;S;;2007-02-20 00:00:00;
C019010;SISTEMI DI RICANALIZZAZIONE INTRAVASCOLARE;S;;2007-02-20 00:00:00;
C019011;SISTEMI PER BIOPSIA ENDOVASCOLARE E CARDIACA;N;;2007-02-20 00:00:00;
C01901101;SISTEMI PER BIOPSIA ENDOVASCOLARE;S;;2007-02-20 00:00:00;
C01901102;KIT PER BIOPSIA MIOCARDICA;S;;2007-02-20 00:00:00;
C019012;AORTOTOMI E SISTEMI PER AORTOTOMIA;N;;2007-02-20 00:00:00;
C01901201;AORTOTOMI;S;;2007-02-20 00:00:00;
C01901202;SISTEMI PER AORTOTOMIA;S;;2007-02-20 00:00:00;
C019013;SISTEMI DI PERFUSIONE ISOLATA DI ORGANO (trattamento locoregionale delle neoplasie);S;;2007-02-20 00:00:00;
C019014;CATETERI PER VALVULOPLASTICA;S;;2007-02-20 00:00:00;
C019015;KIT PER PUNTURA TRANSETTALE;S;;2007-02-20 00:00:00;
C019016;SHUNT PERITONEO-VENOSI;S;;2007-02-20 00:00:00;
C019017;VALVULOTOMI;S;;2007-02-20 00:00:00;2022-02-22 00:00:00
C019017;VALVULOTOMI, MONOUSO;S;;2022-02-23 00:00:00;
C019018;SISTEMI CHIRURGICI PER IL RIMODELLAMENTO VENTRICOLARE;S;;2007-02-20 00:00:00;
C019019;SISTEMI PER ESTRAZIONE DEI VASI;N;;2007-02-20 00:00:00;
C01901901;DISPOSITIVI PER STRIPPING VENOSO;S;;2007-02-20 00:00:00;
C01901902;CATETERI PER ABLAZIONE VENOSA A RADIOFREQUENZA;S;;2007-02-20 00:00:00;
C01901903;SISTEMI DI PRELIEVO DI VASI;S;;2007-02-20 00:00:00;
C01901999;SISTEMI PER ESTRAZIONE DEI VASI - ALTRI;S;;2007-02-20 00:00:00;
C019020;KIT PER IPERTERMIE DISTRETTUALI SELETTIVE;S;;2007-02-20 00:00:00;
C0199;DISPOSITIVI PER SISTEMA ARTERO-VENOSO - ALTRI;S;;2007-02-20 00:00:00;
C02;DISPOSITIVI PER ARITMOLOGIA;N;;2007-02-20 00:00:00;
C0201;DISPOSITIVI PER ELETTROFISIOLOGIA CARDIACA E MAPPAGGIO;N;;2007-02-20 00:00:00;
C020101;ELETTROCATETERI BIPOLARI PER ARITMOLOGIA;S;;2007-02-20 00:00:00;
C020102;ELETTROCATETERI TRIPOLARI PER ARITMOLOGIA;S;;2007-02-20 00:00:00;
C020103;ELETTROCATETERI TETRAPOLARI PER ARITMOLOGIA;S;;2007-02-20 00:00:00;
C020104;ELETTROCATETERI MULTIPOLARI PER ARITMOLOGIA;N;;2007-02-20 00:00:00;
C02010401;ELETTROCATETERI MULTIPOLARI CONVENZIONALI PER ARITMOLOGIA;S;;2007-02-20 00:00:00;
C02010402;ELETTROCATETERI MULTIPOLARI TIPO BASKET PER ARITMOLOGIA;S;;2007-02-20 00:00:00;
C02010403;ELETTROCATETERI MULTIPOLARI DIREZIONABILI PER ARITMOLOGIA;S;;2007-02-20 00:00:00;
C02010499;ELETTROCATETERI MULTIPOLARI PER ARITMOLOGIA - ALTRI;S;;2008-06-30 00:00:00;
C020105;ELETTROCATETERI TRIDIMENSIONALI PER MAPPAGGIO NON CONVENZIONALE (CONTACT E NON-CONTACT);S;;2007-02-20 00:00:00;
C020180;DISPOSITIVI PER ELETTROFISIOLOGIA CARDIACA E MAPPAGGIO - ACCESSORI;S;;2022-02-23 00:00:00;
C020199;DISPOSITIVI PER ELETTROFISIOLOGIA CARDIACA E MAPPAGGIO - ALTRI;S;;2007-02-20 00:00:00;
C0202;DISPOSITIVI PER ELETTROSTIMOLAZIONE CARDIACA TEMPORANEA (CON PRINCIPIO ATTIVO E SENZA);N;;2007-02-20 00:00:00;
C020201;ELETTROCATETERI ENDOCARDICI PROVVISORI;S;;2007-02-20 00:00:00;
C020202;ELETTROCATETERI EPICARDICI (monopolari e bipolari);S;;2007-02-20 00:00:00;
C020203;ELETTROCATETERI PER REGISTRAZIONE E STIMOLAZIONE TRANSESOFAGEA;S;;2007-02-20 00:00:00;
C020280;DISPOSITIVI PER ELETTROSTIMOLAZIONE CARDIACA TEMPORANEA - ACCESSORI;S;;2022-02-23 00:00:00;
C020299;DISPOSITIVI PER ELETTROSTIMOLAZIONE CARDIACA TEMPORANEA - ALTRI;S;;2007-02-20 00:00:00;
C0203;DISPOSITIVI PER ABLAZIONE DI FOCI ARITMOGENI;N;;2007-02-20 00:00:00;
C020301;ELETTROCATETERI PER ABLAZIONE A RADIOFREQUENZA DI FOCI ARITMOGENI;S;;2007-02-20 00:00:00;
C020302;ELETTROCATETERI PER ABLAZIONE CON CRIOENERGIA DI FOCI ARITMOGENI;S;;2007-02-20 00:00:00;
C020303;ELETTROCATETERI PER ABLAZIONE CON ALTRE FONTI ENERGETICHE DI FOCI ARITMOGENI;S;;2007-02-20 00:00:00;
C020380;DISPOSITIVI PER ABLAZIONE DI FOCI ARITMOGENI - ACCESSORI;S;;2022-02-23 00:00:00;
C020399;DISPOSITIVI PER ABLAZIONE DI FOCI ARITMOGENI - ALTRI;S;;2007-02-20 00:00:00;
C0204;DISPOSITIVI PER CARDIOVERSIONE E DEFIBRILLAZIONE ESTERNA;N;;2007-02-20 00:00:00;
C020401;PIASTRE O PLACCHE PER CARDIOVERSIONE ESTERNA;S;;2007-02-20 00:00:00;
C020402;ELETTROCATETERI PER CARDIOVERSIONE TEMPORANEA;N;;2007-02-20 00:00:00;
C02040201;ELETTROCATETERI PER CARDIOVERSIONE TEMPORANEA ENDOCAVITARIA;S;;2007-02-20 00:00:00;
C02040202;ELETTROCATETERI PER CARDIOVERSIONE TEMPORANEATRANSESOFAGEA;S;;2007-02-20 00:00:00;2022-02-22 00:00:00
C02040202;ELETTROCATETERI PER CARDIOVERSIONE TEMPORANEA TRANSESOFAGEA;S;;2022-02-23 00:00:00;
C02040299;ELETTROCATETERI PER CARDIOVERSIONE TEMPORANEA - ALTRI;S;;2008-06-30 00:00:00;
C020480;DISPOSITIVI PER CARDIOVERSIONE E DEFIBRILLAZIONE ESTERNA - ACCESSORI;S;;2022-02-23 00:00:00;
C020499;DISPOSITIVI PER CARDIOVERSIONE E DEFIBRILLAZIONE ESTERNA - ALTRI;S;;2007-02-20 00:00:00;
C0205;DISPOSITIVI PER DIAGNOSTICA CARDIOLOGICA;N;;2007-02-20 00:00:00;
C020501;ELETTRODI PER E.C.G.;S;;2007-02-20 00:00:00;
C020599;DISPOSITIVI PER DIAGNOSTICA CARDIOLOGICA - ALTRI;S;;2007-02-20 00:00:00;
C0280;DISPOSITIVI PER ARITMOLOGIA - ACCESSORI;S;;2007-02-20 00:00:00;2022-02-22 00:00:00
C0280;DISPOSITIVI PER ARITMOLOGIA Â¿ ACCESSORI NON COMPRESI IN ALTRE CLASSI;S;;2022-02-23 00:00:00;
C0299;DISPOSITIVI PER ARITMOLOGIA - ALTRI;S;;2007-02-20 00:00:00;
C03;DISPOSITIVI PER CARDIOCHIRURGIA E TRAPIANTO DI ORGANO;N;;2007-02-20 00:00:00;
C0301;DISPOSITIVI PER CIRCOLAZIONE EXTRACORPOREA ED ASSISTITA;N;;2007-02-20 00:00:00;
C030101;KIT PER CIRCOLAZIONE EXTRACORPOREA;N;;2007-02-20 00:00:00;
C03010101;CIRCUITI PER CEC;S;;2007-02-20 00:00:00;
C03010102;KIT PER OSSIGENATORI;S;;2007-02-20 00:00:00;
C03010104;FILTRI PER CEC;S;;2007-02-20 00:00:00;
C03010199;KIT PER CIRCOLAZIONE EXTRACORPOREA - ALTRI;S;;2007-02-20 00:00:00;
C030102;KIT PER INFUSIONE CARDIOPLEGICA;S;;2007-02-20 00:00:00;
C030103;KIT PER ASSISTENZA CIRCOLATORIA;N;;2007-02-20 00:00:00;
C03010301;KIT PER SUPPORTO CARDIOPOLMONARE (C.P.S. e ECMO);S;;2007-02-20 00:00:00;
C03010399;KIT PER ASSISTENZA CIRCOLATORIA - ALTRI;S;;2008-06-30 00:00:00;
C030104;CANNULE PER CIRCOLAZIONE EXTRACORPOREA;N;;2007-02-20 00:00:00;
C03010401;CANNULE ARTERIOSE PER CEC;N;;2007-02-20 00:00:00;
C0301040101;CANNULE ARTERIOSE PER CEC SENZA FILTRO ANTIEMBOLI;S;;2007-02-20 00:00:00;
C0301040102;CANNULE ARTERIOSE PER CEC CON FILTRO ANTIEMBOLI;S;;2007-02-20 00:00:00;
C03010402;CANNULE VENOSE PER CEC;N;;2007-02-20 00:00:00;
C0301040201;CANNULE VENOSE PER CANNULAZIONE ATRIOCAVALE;S;;2007-02-20 00:00:00;
C0301040202;CANNULE VENOSE PER CANNULAZIONE BICAVALE;S;;2007-02-20 00:00:00;
C03010403;CANNULE PER ASPIRAZIONE ENDOCAVITARIA;S;;2007-02-20 00:00:00;
C03010404;CANNULE PER CARDIOPLEGIA;N;;2007-02-20 00:00:00;
C0301040401;CANNULE PER PERFUSIONE NON SELETTIVA IN CEC (inclusiva di lume per venting aortico);S;;2007-02-20 00:00:00;
C0301040402;CANNULE PER PERFUSIONE CORONARICA SELETTIVA;S;;2007-02-20 00:00:00;
C0301040499;CANNULE PER CARDIOPLEGIA - ALTRE;S;;2008-06-30 00:00:00;
C03010405;CANNULE PER PERFUSIONE CAROTIDEA SELETTIVA E DEL SENO CORONARICO;S;;2007-02-20 00:00:00;
C03010406;CANNULE PER CANNULAZIONE ARTERO-VENOSA PERCUTANEA (inclusivo di endoclamp e lume cardioplegia/vent);S;;2007-02-20 00:00:00;
C03010499;CANNULE PER CIRCOLAZIONE EXTRACORPOREA - ALTRE;S;;2008-06-30 00:00:00;
C030180;DISPOSITIVI PER CIRCOLAZIONE EXTRACORPOREA ED ASSISTITA - ACCESSORI;S;;2007-02-20 00:00:00;
C030199;DISPOSITIVI PER CIRCOLAZIONE EXTRACORPOREA ED ASSISTITA - ALTRI;S;;2007-02-20 00:00:00;
C0380;DISPOSITIVI PER CARDIOCHIRURGIA E TRAPIANTO DI ORGANO - ACCESSORI ALTRI;S;;2007-02-20 00:00:00;2022-02-22 00:00:00
C0380;DISPOSITIVI PER CARDIOCHIRURGIA E TRAPIANTO DI ORGANO - ACCESSORI NON COMPRESI IN ALTRE CLASSI;S;;2022-02-23 00:00:00;
C0390;DISPOSITIVI PER CARDIOCHIRURGIA E TRAPIANTO DI ORGANO - VARI;N;;2007-02-20 00:00:00;
C039001;SISTEMI CARDIOCHIRURGICI PER ACCESSI MINI-INVASIVI;N;;2007-02-20 00:00:00;
C03900101;KIT PER ACCESSI CARDIOCHIRURGICI MINI-INVASIVI A VISIONE DIRETTA;S;;2007-02-20 00:00:00;
C03900102;KIT PER ACCESSI CARDIOCHIRURGICI MINI-INVASIVI VIDEOASSISTITI (con monitor esterno);S;;2007-02-20 00:00:00;
C039002;DISPOSITIVI PER CARDIOCHIRURGIA A CUORE BATTENTE;N;;2007-02-20 00:00:00;
C03900201;KIT PER STABILIZZAZIONE EPI-MIOCARDICA;S;;2007-02-20 00:00:00;
C03900202;SHUNT INTRACORONARICI;S;;2007-02-20 00:00:00;
C03900203;KIT PER DETERSIONE DEL CAMPO OPERATORIO CARDIOCHIRURGICO A GETTO DI GAS (BLOWER);S;;2007-02-20 00:00:00;
C03900299;DISPOSITIVI PER CARDIOCHIRURGIA A CUORE BATTENTE - ALTRI;S;;2007-02-20 00:00:00;
C0399;DISPOSITIVI PER CARDIOCHIRURGIA E TRAPIANTO DI ORGANO - ALTRI;S;;2007-02-20 00:00:00;
C04;GUIDE PER APPARATO CARDIOCIRCOLATORIO;N;;2007-02-20 00:00:00;
C0401;GUIDE CORONARICHE;N;;2007-02-20 00:00:00;
C040101;GUIDE CORONARICHE DIAGNOSTICHE;N;;2007-02-20 00:00:00;
C04010101;GUIDE CORONARICHE DIAGNOSTICHE IDROFILE;S;;2007-02-20 00:00:00;
C04010102;GUIDE CORONARICHE DIAGNOSTICHE NON IDROFILE;S;;2007-02-20 00:00:00;
C04010103;GUIDE CORONARICHE PER MISURAZIONI VALUTATIVE;S;;2007-02-20 00:00:00;2022-02-23 00:00:00
C04010199;GUIDE CORONARICHE DIAGNOSTICHE - ALTRE;S;;2008-06-30 00:00:00;
C040102;GUIDE CORONARICHE INTERVENTISTICHE;N;;2007-02-20 00:00:00;
C04010201;GUIDE CORONARICHE INTERVENTISTICHE IDROFILE;S;;2007-02-20 00:00:00;
C04010202;GUIDE CORONARICHE INTERVENTISTICHE NON IDROFILE;S;;2007-02-20 00:00:00;
C04010299;GUIDE CORONARICHE INTERVENTISTICHE - ALTRE;S;;2008-06-30 00:00:00;
C0402;GUIDE VASCOLARI PERIFERICHE;N;;2007-02-20 00:00:00;
C040201;GUIDE VASCOLARI PERIFERICHE DIAGNOSTICHE;N;;2007-02-20 00:00:00;
C04020101;GUIDE VASCOLARI PERIFERICHE DIAGNOSTICHE IDROFILE;S;;2007-02-20 00:00:00;
C04020102;GUIDE VASCOLARI PERIFERICHE DIAGNOSTICHE NON IDROFILE;S;;2007-02-20 00:00:00;
C04020103;GUIDE VASCOLARI PERIFERICHE PER MISURAZIONI VALUTATIVE;S;;2007-02-20 00:00:00;2022-02-23 00:00:00
C04020199;GUIDE VASCOLARI PERIFERICHE DIAGNOSTICHE - ALTRE;S;;2008-06-30 00:00:00;
C040202;GUIDE VASCOLARI PERIFERICHE INTERVENTISTICHE;N;;2007-02-20 00:00:00;
C04020201;GUIDE VASCOLARI PERIFERICHE INTERVENTISTICHE IDROFILE;S;;2007-02-20 00:00:00;
C04020202;GUIDE VASCOLARI PERIFERICHE INTERVENTISTICHE NON IDROFILE;S;;2007-02-20 00:00:00;
C04020299;GUIDE VASCOLARI PERIFERICHE INTERVENTISTICHE - ALTRE;S;;2008-06-30 00:00:00;
C0403;GUIDE CORONARICHE E VASCOLARI PERIFERICHE;N;;2022-02-23 00:00:00;
C040301;GUIDE CORONARICHE E VASCOLARI PERIFERICHE DIAGNOSTICHE;N;;2022-02-23 00:00:00;
C04030101;GUIDE CORONARICHE E VASCOLARI PERIFERICHE DIAGNOSTICHE IDROFILE;S;;2022-02-23 00:00:00;
C04030102;GUIDE CORONARICHE E VASCOLARI PERIFERICHE DIAGNOSTICHE NON IDROFILE;S;;2022-02-23 00:00:00;
C04030199;GUIDE CORONARICHE E VASCOLARI PERIFERICHE DIAGNOSTICHE - ALTRE;S;;2022-02-23 00:00:00;
C040302;GUIDE CORONARICHE E VASCOLARI PERIFERICHE INTERVENTISTICHE;N;;2022-02-23 00:00:00;
C04030201;GUIDE CORONARICHE E VASCOLARI PERIFERICHE INTERVENTISTICHE IDROFILE;S;;2022-02-23 00:00:00;
C04030202;GUIDE CORONARICHE E VASCOLARI PERIFERICHE INTERVENTISTICHE NON IDROFILE;S;;2022-02-23 00:00:00;
C04030299;GUIDE CORONARICHE E VASCOLARI PERIFERICHE INTERVENTISTICHE - ALTRE;S;;2022-02-23 00:00:00;
C0480;GUIDE PER APPARATO CARDIOCIRCOLATORIO - ACCESSORI;S;;2007-02-20 00:00:00;
C0499;GUIDE PER APPARATO CARDIOCIRCOLATORIO - ALTRE;S;;2007-02-20 00:00:00;
C05;INTRODUTTORI PER APPARATO CARDIOCIRCOLATORIO;N;;2007-02-20 00:00:00;
C0501;INTRODUTTORI NON VALVOLATI PER APPARATO CARDIOCIRCOLATORIO;S;;2007-02-20 00:00:00;
C0502;INTRODUTTORI VALVOLATI PER APPARATO CARDIOCIRCOLATORIO;S;;2007-02-20 00:00:00;
C0503;INTRODUTTORI PEEL-AWAY PER APPARATO CARDIOCIRCOLATORIO;S;;2007-02-20 00:00:00;
C0504;SET PER INTRODUZIONE ARTERIOSA;S;;2007-02-20 00:00:00;
C0580;INTRODUTTORI PER APPARATO CARDIOCIRCOLATORIO - ACCESSORI;S;;2007-02-20 00:00:00;2022-02-22 00:00:00
C0580;INTRODUTTORI PER APPARATO CARDIOCIRCOLATORIO - ACCESSORI;N;;2022-02-23 00:00:00;
C058001;ADATTATORI E CONNETTORI PER INTRODUTTORI CARDIOVASCOLARI;S;;2022-02-23 00:00:00;
C058099;INTRODUTTORI PER APPARATO CARDIOCIRCOLATORIO - ACCESSORI NON COMPRESI IN ALTRE CLASSI;S;;2022-02-23 00:00:00;
C0599;INTRODUTTORI PER APPARATO CARDIOCIRCOLATORIO - ALTRI;S;;2007-02-20 00:00:00;
C06;STRUMENTARIO PER CHIRURGIA CARDIOVASCOLARE, MONOUSO;N;;2022-02-23 00:00:00;
C0601;KIT DI STRUMENTARIO PER CHIRURGIA CARDIOVASCOLARE, MONOUSO - NON COMPRESI IN ALTRE CLASSI;S;;2022-02-23 00:00:00;
C0602;DILATATORI PER CHIRURGIA CARDIOVASCOLARE, MONOUSO;S;;2022-02-23 00:00:00;
C0603;PINZE PER CHIRURGIA CARDIOVASCOLARE, MONOUSO;S;;2022-02-23 00:00:00;
C0699;STRUMENTARIO PER CHIRURGIA CARDIOVASCOLARE, MONOUSO - ALTRO;S;;2022-02-23 00:00:00;
C90;DISPOSITIVI PER APPARATO CARDIOCIRCOLATORIO - VARI;N;;2007-02-20 00:00:00;
C9001;VALVOLE E SISTEMI PER EMOSTASI;N;;2007-02-20 00:00:00;
C900101;VALVOLE PER EMOSTASI;S;;2007-02-20 00:00:00;
C900102;ADATTATORI PER EMOSTASI;S;;2007-02-20 00:00:00;
C900103;SISTEMI PERCUTANEI PER EMOSTASI DEGLI ACCESSI ARTERIOSI;N;;2007-02-20 00:00:00;
C90010301;SISTEMI PER EMOSTASI MECCANICI (COMPRESI I TOURNIQUET MONOUSO);S;;2007-02-20 00:00:00;
C90010302;SISTEMI PER EMOSTASI A BASE DI COLLAGENE;S;;2007-02-20 00:00:00;
C90010303;SISTEMI PER EMOSTASI CON SISTEMA DI SUTURA O DI CLIP;S;;2007-02-20 00:00:00;
C90010399;SISTEMI PERCUTANEI PER EMOSTASI DEGLI ACCESSI ARTERIOSI - ALTRI;S;;2008-06-30 00:00:00;
C900180;SISTEMI PER EMOSTASI - ACCESSORI;S;;2007-02-20 00:00:00;
C900199;SISTEMI PER EMOSTASI - ALTRI;S;;2007-02-20 00:00:00;
C9002;DILATATORI VASCOLARI E FASCIALI;S;;2007-02-20 00:00:00;
C9003;SENSORI PER APPARATO CARDIOCIRCOLATORIO;N;;2007-02-20 00:00:00;
C900301;SENSORI PER OSSIMETRIA;S;;2007-02-20 00:00:00;
C900399;SENSORI PER APPARATO CARDIOCIRCOLATORIO - ALTRI;S;;2007-02-20 00:00:00;
C9004;FONENDOSCOPI;S;;2007-02-20 00:00:00;2008-06-30 00:00:00
C9005;STETOSCOPI;S;;2007-02-20 00:00:00;2008-06-29 00:00:00
C9005;FONENDOSCOPI E STETOSCOPI;S;;2008-06-30 00:00:00;
C9006;SFIGMOMANOMETRI A TRASDUZIONE MECCANICA;S;;2008-06-30 00:00:00;
C9080;DISPOSITIVI PER APPARATO CARDIOCIRCOLATORIO - ACCESSORI NON COMPRESI IN ALTRE CLASSI;S;;2022-02-23 00:00:00;
C99;DISPOSITIVI PER APPARATO CARDIOCIRCOLATORIO - ALTRI;S;;2007-02-20 00:00:00;
D;DISINFETTANTI, ANTISETTICI E PROTEOLITICI (D. Lgs. 46/97);N;;2007-02-20 00:00:00;2022-02-22 00:00:00
D;DISINFETTANTI, ANTISETTICI, AGENTI STERILIZZANTI E DETERGENTI DI DISPOSITIVI MEDICI;N;;2022-02-23 00:00:00;
D01;ALDEIDI;N;;2007-02-20 00:00:00;2022-02-22 00:00:00
D01;ALDEIDI PER DISINFEZIONE DI DISPOSITIVI MEDICI ;N;;2022-02-23 00:00:00;
D0101;ALDEIDE GLUTARICA E ASSOCIAZIONI;N;;2007-02-20 00:00:00;2022-02-22 00:00:00
D0101;ALDEIDE GLUTARICA E ASSOCIAZIONI PER DISINFEZIONE DI DISPOSITIVI MEDICI ;N;;2022-02-23 00:00:00;
D010101;ALDEIDE GLUTARICA;N;;2007-02-20 00:00:00;2022-02-22 00:00:00
D010101;ALDEIDE GLUTARICA PER DISINFEZIONE DI DISPOSITIVI MEDICI ;N;;2022-02-23 00:00:00;
D01010101;ALDEIDE GLUTARICA SOLUZIONE BASICA;S;;2007-02-20 00:00:00;2022-02-22 00:00:00
D01010101;ALDEIDE GLUTARICA SOLUZIONE BASICA PER DISINFEZIONE DI DISPOSITIVI MEDICI ;S;;2022-02-23 00:00:00;
D01010102;ALDEIDE GLUTARICA SOLUZIONE ACIDA;S;;2007-02-20 00:00:00;2022-02-22 00:00:00
D01010102;ALDEIDE GLUTARICA SOLUZIONE ACIDA PER DISINFEZIONE DI DISPOSITIVI MEDICI ;S;;2022-02-23 00:00:00;
D01010103;ALDEIDE GLUTARICA SOLUZIONE NEUTRA;S;;2007-02-20 00:00:00;2022-02-22 00:00:00
D01010103;ALDEIDE GLUTARICA SOLUZIONE NEUTRA PER DISINFEZIONE DI DISPOSITIVI MEDICI ;S;;2022-02-23 00:00:00;
D010102;ALDEIDE GLUTARICA E POLIFENOLI;N;;2007-02-20 00:00:00;2022-02-22 00:00:00
D010102;ALDEIDE GLUTARICA E POLIFENOLI PER DISINFEZIONE DI DISPOSITIVI MEDICI ;N;;2022-02-23 00:00:00;
D01010201;ALDEIDE GLUTARICA E POLIFENOLI SOLUZIONE;S;;2007-02-20 00:00:00;2022-02-22 00:00:00
D01010201;ALDEIDE GLUTARICA E POLIFENOLI SOLUZIONE PER DISINFEZIONE DI DISPOSITIVI MEDICI ;S;;2022-02-23 00:00:00;
D010103;ORTOFTALALDEIDE;S;;2007-02-20 00:00:00;2022-02-22 00:00:00
D010103;ORTOFTALALDEIDE PER DISINFEZIONE DI DISPOSITIVI MEDICI ;S;;2022-02-23 00:00:00;
D010199;ALDEIDE GLUTARICA IN ASSOCIAZIONE - ALTRE;S;;2007-02-20 00:00:00;2022-02-22 00:00:00
D010199;ALDEIDE GLUTARICA IN ASSOCIAZIONE PER DISINFEZIONE DI DISPOSITIVI MEDICI  - ALTRE ;S;;2022-02-23 00:00:00;
D0199;ALDEIDI - ALTRE;S;;2007-02-20 00:00:00;2022-02-22 00:00:00
D0199;ALDEIDI PER DISINFEZIONE DI DISPOSITIVI MEDICI - ALTRE;S;;2022-02-23 00:00:00;
D02;BIGUANIDI;N;;2007-02-20 00:00:00;2022-02-22 00:00:00
D02;BIGUANIDI PER DISINFEZIONE DI DISPOSITIVI MEDICI ;N;;2022-02-23 00:00:00;
D0201;CLOREXIDINA E ASSOCIAZIONI;N;;2007-02-20 00:00:00;2022-02-22 00:00:00
D0201;CLOREXIDINA E ASSOCIAZIONI PER DISINFEZIONE DI DISPOSITIVI MEDICI ;N;;2022-02-23 00:00:00;
D020101;CLOREXIDINA;N;;2007-02-20 00:00:00;2022-02-22 00:00:00
D020101;CLOREXIDINA PER DISINFEZIONE DI DISPOSITIVI MEDICI ;N;;2022-02-23 00:00:00;
D02010101;CLOREXIDINA SOLUZIONE ACQUOSA;S;;2007-02-20 00:00:00;2022-02-22 00:00:00
D02010101;CLOREXIDINA SOLUZIONE ACQUOSA PER DISINFEZIONE DI DISPOSITIVI MEDICI ;S;;2022-02-23 00:00:00;
D02010102;CLOREXIDINA SOLUZIONE IDROALCOOLICA;S;;2007-02-20 00:00:00;2022-02-22 00:00:00
D02010102;CLOREXIDINA SOLUZIONE IDROALCOOLICA PER DISINFEZIONE DI DISPOSITIVI MEDICI ;S;;2022-02-23 00:00:00;
D02010103;CLOREXIDINA IN GEL;S;;2007-02-20 00:00:00;2022-02-23 00:00:00
D02010199;CLOREXIDINA - ALTRI;S;;2008-06-30 00:00:00;2022-02-22 00:00:00
D02010199;CLOREXIDINA PER DISINFEZIONE DI DISPOSITIVI MEDICI  - ALTRI ;S;;2022-02-23 00:00:00;
D020102;CLOREXIDINA CON DETERGENTE;S;;2007-02-20 00:00:00;2022-02-22 00:00:00
D020102;CLOREXIDINA CON DETERGENTE PER DISINFEZIONE DI DISPOSITIVI MEDICI ;S;;2022-02-23 00:00:00;
D020103;CLOREXIDINA CON ANESTETICO;S;;2007-02-20 00:00:00;2022-02-23 00:00:00
D020199;CLOREXIDINA IN ASSOCIAZIONE - ALTRE;S;;2007-02-20 00:00:00;2022-02-22 00:00:00
D020199;CLOREXIDINA IN ASSOCIAZIONE PER DISINFEZIONE DI DISPOSITIVI MEDICI - ALTRE;S;;2022-02-23 00:00:00;
D0299;BIGUANIDI - ALTRE;S;;2007-02-20 00:00:00;2022-02-22 00:00:00
D0299;BIGUANIDI PER DISINFEZIONE DI DISPOSITIVI MEDICI - ALTRE;S;;2022-02-23 00:00:00;
D03;CLORODERIVATI;N;;2007-02-20 00:00:00;2022-02-22 00:00:00
D03;CLORODERIVATI PER DISINFEZIONE DI DISPOSITIVI MEDICI  - ALTRI ;N;;2022-02-23 00:00:00;
D0301;IPOCLORITI E ASSOCIAZIONI;N;;2007-02-20 00:00:00;2022-02-22 00:00:00
D0301;IPOCLORITI E ASSOCIAZIONI PER DISINFEZIONE DI DISPOSITIVI MEDICI ;N;;2022-02-23 00:00:00;
D030101;IPOCLORITO;N;;2007-02-20 00:00:00;2022-02-22 00:00:00
D030101;IPOCLORITO PER DISINFEZIONE DI DISPOSITIVI MEDICI ;N;;2022-02-23 00:00:00;
D03010101;IPOCLORITO SOLUZIONE ACQUOSA;S;;2007-02-20 00:00:00;2022-02-22 00:00:00
D03010101;IPOCLORITO SOLUZIONE ACQUOSA PER DISINFEZIONE DI DISPOSITIVI MEDICI ;S;;2022-02-23 00:00:00;
D03010102;IPOCLORITO SOLUZIONE IDROALCOLICA;S;;2007-02-20 00:00:00;2022-02-22 00:00:00
D03010102;IPOCLORITO SOLUZIONE IDROALCOLICA PER DISINFEZIONE DI DISPOSITIVI MEDICI ;S;;2022-02-23 00:00:00;
D03010199;IPOCLORITO - ALTRI;S;;2008-06-30 00:00:00;2022-02-22 00:00:00
D03010199;IPOCLORITO PER DISINFEZIONE DI DISPOSITIVI MEDICI - ALTRI ;S;;2022-02-23 00:00:00;
D030102;IPOCLORITO CON DETERGENTE;S;;2007-02-20 00:00:00;2022-02-22 00:00:00
D030102;IPOCLORITO CON DETERGENTE PER DISINFEZIONE DI DISPOSITIVI MEDICI ;S;;2022-02-23 00:00:00;
D030103;IPOCLORITO CON DISINCROSTANTE;S;;2007-02-20 00:00:00;2022-02-22 00:00:00
D030103;IPOCLORITO CON DISINCROSTANTE PER DISINFEZIONE DI DISPOSITIVI MEDICI ;S;;2022-02-23 00:00:00;
D030199;IPOCLORITI IN ASSOCIAZIONE - ALTRI;S;;2007-02-20 00:00:00;2022-02-22 00:00:00
D030199;IPOCLORITI IN ASSOCIAZIONE PER DISINFEZIONE DI DISPOSITIVI MEDICI  - ALTRI ;S;;2022-02-23 00:00:00;
D0302;DICLOROISOCIANURATI;S;;2007-02-20 00:00:00;2022-02-22 00:00:00
D0302;DICLOROISOCIANURATI PER DISINFEZIONE DI DISPOSITIVI MEDICI ;S;;2022-02-23 00:00:00;
D0303;CLORITI DI SODIO E ASSOCIAZIONI;N;;2007-02-20 00:00:00;2022-02-22 00:00:00
D0303;CLORITI DI SODIO E ASSOCIAZIONI PER DISINFEZIONE DI DISPOSITIVI MEDICI ;N;;2022-02-23 00:00:00;
D030301;CLORITO DI SODIO E ACIDO LATTICO;S;;2007-02-20 00:00:00;2022-02-22 00:00:00
D030301;CLORITO DI SODIO E ACIDO LATTICO PER DISINFEZIONE DI DISPOSITIVI MEDICI ;S;;2022-02-23 00:00:00;
D030302;CLORITO DI SODIO;S;;2008-06-30 00:00:00;2022-02-22 00:00:00
D030302;CLORITO DI SODIO PER DISINFEZIONE DI DISPOSITIVI MEDICI ;S;;2022-02-23 00:00:00;
D030399;CLORITI DI SODIO IN ASSOCIAZIONE - ALTRI;S;;2007-02-20 00:00:00;2022-02-22 00:00:00
D030399;CLORITI DI SODIO IN ASSOCIAZIONE PER DISINFEZIONE DI DISPOSITIVI MEDICI  - ALTRI ;S;;2022-02-23 00:00:00;
D0399;CLORODERIVATI - ALTRI;S;;2007-02-20 00:00:00;2022-02-22 00:00:00
D0399;CLORODERIVATI PER DISINFEZIONE DI DISPOSITIVI MEDICI - ALTRI  ;S;;2022-02-23 00:00:00;
D04; IODODERIVATI;N;;2007-02-20 00:00:00;2022-02-23 00:00:00
D0401;IODOPOVIDONE E ASSOCIAZIONI;N;;2007-02-20 00:00:00;2022-02-23 00:00:00
D040101;IODOPOVIDONE;N;;2007-02-20 00:00:00;2022-02-23 00:00:00
D04010101;IODOPOVIDONE SOLUZIONE ACQUOSA;S;;2007-02-20 00:00:00;2022-02-23 00:00:00
D04010102;IODOPOVIDONE SOLUZIONE IDROALCOOLICA;S;;2007-02-20 00:00:00;2022-02-23 00:00:00
D04010199;IODOPOVIDONE - ALTRI;S;;2008-06-30 00:00:00;2022-02-23 00:00:00
D040102;IODOPOVIDONE CON DETERGENTI;S;;2007-02-20 00:00:00;2022-02-23 00:00:00
D040199;IODOPOVIDONE IN ASSOCIAZIONE - ALTRI;S;;2007-02-20 00:00:00;2022-02-23 00:00:00
D0499;IODODERIVATI - ALTRI;S;;2007-02-20 00:00:00;2022-02-23 00:00:00
D05;OSSIGENOPRODUTTORI;N;;2007-02-20 00:00:00;2022-02-22 00:00:00
D05;OSSIGENOPRODUTTORI PER DISINFEZIONE DI DISPOSITIVI MEDICI ;N;;2022-02-23 00:00:00;
D0501;ACIDO PERACETICO E ASSOCIAZIONI;N;;2007-02-20 00:00:00;2022-02-22 00:00:00
D0501;ACIDO PERACETICO E ASSOCIAZIONI PER DISINFEZIONE DI DISPOSITIVI MEDICI ;N;;2022-02-23 00:00:00;
D050101;ACIDO PERACETICO E ACETICO CON PEROSSIDO DI IDROGENO;S;;2007-02-20 00:00:00;2022-02-22 00:00:00
D050101;ACIDO PERACETICO E ACETICO CON PEROSSIDO DI IDROGENO PER DISINFEZIONE DI DISPOSITIVI MEDICI ;S;;2022-02-23 00:00:00;
D050102;ACIDO PERACETICO E DERIVATI ADAMANTANICI;S;;2007-02-20 00:00:00;2022-02-22 00:00:00
D050102;ACIDO PERACETICO E DERIVATI ADAMANTANICI PER DISINFEZIONE DI DISPOSITIVI MEDICI ;S;;2022-02-23 00:00:00;
D050103;ACIDO PERACETICO;S;;2008-06-30 00:00:00;2022-02-22 00:00:00
D050103;ACIDO PERACETICO PER DISINFEZIONE DI DISPOSITIVI MEDICI ;S;;2022-02-23 00:00:00;
D050199;ACIDO PERACETICO IN ASSOCIAZIONE - ALTRI;S;;2007-02-20 00:00:00;2022-02-22 00:00:00
D050199;ACIDO PERACETICO IN ASSOCIAZIONE PER DISINFEZIONE DI DISPOSITIVI MEDICI  - ALTRI ;S;;2022-02-23 00:00:00;
D0502;PEROSSIDO DI IDROGENO PER DISINFEZIONE DI DISPOSITIVI MEDICI ;S;;2022-02-23 00:00:00;
D0599;OSSIGENOPRODUTTORI - ALTRI;S;;2007-02-20 00:00:00;2022-02-22 00:00:00
D0599;OSSIGENOPRODUTTORI PER DISINFEZIONE DI DISPOSITIVI MEDICI - ALTRI;S;;2022-02-23 00:00:00;
D06;FENOLI PER DISINFEZIONE DI DISPOSITIVI MEDICI;N;;2007-02-20 00:00:00;
D0601;POLIFENOLI E ASSOCIAZIONI;N;;2007-02-20 00:00:00;2022-02-22 00:00:00
D0601;POLIFENOLI E ASSOCIAZIONI PER DISINFEZIONE DI DISPOSITIVI MEDICI ;N;;2022-02-23 00:00:00;
D060101;POLIFENOLI;N;;2007-02-20 00:00:00;2022-02-22 00:00:00
D060101;POLIFENOLI PER DISINFEZIONE DI DISPOSITIVI MEDICI ;N;;2022-02-23 00:00:00;
D06010101;POLIFENOLI SOLUZIONE ACQUOSA;S;;2007-02-20 00:00:00;2022-02-22 00:00:00
D06010101;POLIFENOLI SOLUZIONE ACQUOSA PER DISINFEZIONE DI DISPOSITIVI MEDICI ;S;;2022-02-23 00:00:00;
D06010199;POLIFENOLI - ALTRI;S;;2008-06-30 00:00:00;2022-02-22 00:00:00
D06010199;POLIFENOLI PER DISINFEZIONE DI DISPOSITIVI MEDICI - ALTRI ;S;;2022-02-23 00:00:00;
D060102;POLIFENOLI CON DETERGENTI;S;;2007-02-20 00:00:00;2022-02-22 00:00:00
D060102;POLIFENOLI CON DETERGENTI PER DISINFEZIONE DI DISPOSITIVI MEDICI ;S;;2022-02-23 00:00:00;
D060199;POLIFENOLI IN ASSOCIAZIONE - ALTRI;S;;2007-02-20 00:00:00;2022-02-22 00:00:00
D060199;POLIFENOLI IN ASSOCIAZIONE PER DISINFEZIONE DI DISPOSITIVI MEDICI - ALTRI ;S;;2022-02-23 00:00:00;
D0699;FENOLI - ALTRI;S;;2007-02-20 00:00:00;2022-02-22 00:00:00
D0699;FENOLI PER DISINFEZIONE DI DISPOSITIVI MEDICI - ALTRI ;S;;2022-02-23 00:00:00;
D07;ALCOLI;N;;2007-02-20 00:00:00;2022-02-22 00:00:00
D07;ALCOLI PER DISINFEZIONE DI DISPOSITIVI MEDICI ;N;;2022-02-23 00:00:00;
D0701;ALCOOL ETILICO;S;;2007-02-20 00:00:00;2022-02-22 00:00:00
D0701;ALCOOL ETILICO PER DISINFEZIONE DI DISPOSITIVI MEDICI ;S;;2022-02-23 00:00:00;
D0702;ALCOOL ISOPROPILICO;S;;2007-02-20 00:00:00;2022-02-22 00:00:00
D0702;ALCOOL ISOPROPILICO PER DISINFEZIONE DI DISPOSITIVI MEDICI ;S;;2022-02-23 00:00:00;
D0799;ALCOLI - ALTRI;S;;2007-02-20 00:00:00;2022-02-22 00:00:00
D0799;ALCOLI PER DISINFEZIONE DI DISPOSITIVI MEDICI - ALTRI ;S;;2022-02-23 00:00:00;
D08;PROTEOLITICI;N;;2007-02-20 00:00:00;2022-02-22 00:00:00
D08;DETERGENTI PER DISPOSITIVI MEDICI;N;;2022-02-23 00:00:00;
D0801;PROTEOLITICI ENZIMATICI;S;;2007-02-20 00:00:00;2022-02-22 00:00:00
D0801;DETERGENTI ENZIMATICI PER DISPOSITIVI MEDICI;S;;2022-02-23 00:00:00;
D0899;PROTEOLITICI - ALTRI;S;;2007-02-20 00:00:00;2022-02-22 00:00:00
D0899;DETERGENTI PER DISPOSITIVI MEDICI - ALTRI;S;;2022-02-23 00:00:00;
D09;SALI DI AMMONIO E ASSOCIAZIONI PER DISINFEZIONE DI DISPOSITIVI MEDICI ;N;;2022-02-23 00:00:00;
D0901;SALI DI AMMONIO PER DISINFEZIONE DI DISPOSITIVI MEDICI ;S;;2022-02-23 00:00:00;
D0902;SALI DI AMMONIO IN ASSOCIAZIONE PER DISINFEZIONE DI DISPOSITIVI MEDICI ;S;;2022-02-23 00:00:00;
D99;DISINFETTANTI E ANTISETTICI - ALTRI;S;;2007-02-20 00:00:00;2022-02-22 00:00:00
D99;DISINFETTANTI, ANTISETTICI, AGENTI STERILIZZANTI E DETERGENTI DI DISPOSITIVI MEDICI - ALTRI;S;;2022-02-23 00:00:00;
F;DISPOSITIVI PER DIALISI;N;;2007-02-20 00:00:00;
F01;FILTRI PER DIALISI;N;;2007-02-20 00:00:00;
F0106;FILTRI PER EMODIALISI, EMOFILTRAZIONE, EMODIAFILTRAZIONE;N;;2007-02-20 00:00:00;
F010601;FILTRI CON COEFFICIENTE DI ULTRAFILTRAZIONE < 18 ml/h/mmHg;N;;2007-02-20 00:00:00;
F01060101;FILTRI CON COEFFICIENTE DI ULTRAFILTRAZIONE < 18 ml/h/mmHg IN MATERIALE CELLULOSICO;S;;2007-02-20 00:00:00;
F01060102;FILTRI CON COEFFICIENTE DI ULTRAFILTRAZIONE < 18 ml/h/mmHg IN MATERIALE CELLULOSICO MODIFICATO;S;;2007-02-20 00:00:00;
F01060103;FILTRI CON COEFFICIENTE DI ULTRAFILTRAZIONE < 18 ml/h/mmHg IN MATERIALE SINTETICO;S;;2007-02-20 00:00:00;
F01060199;FILTRI CON COEFFICIENTE DI ULTRAFILTRAZIONE < 18 ml/h/mmHg - ALTRI;S;;2007-02-20 00:00:00;
F010602;FILTRI CON COEFFICIENTE DI ULTRAFILTRAZIONE di 18 - 35 ml/h/mmHg;N;;2007-02-20 00:00:00;
F01060201;FILTRI CON COEFFICIENTE DI ULTRAFILTRAZIONE di 18 - 35 ml/h/mmHg IN MATERIALE CELLULOSICO;S;;2007-02-20 00:00:00;
F01060202;FILTRI CON COEFFICIENTE DI ULTRAFILTRAZIONE di 18 - 35 ml/h/mmHg IN MATERIALE CELLULOSICO MODIFICATO;S;;2007-02-20 00:00:00;
F01060203;FILTRI CON COEFFICIENTE DI ULTRAFILTRAZIONE di 18 - 35 ml/h/mmHg IN MATERIALE SINTETICO;S;;2007-02-20 00:00:00;
F01060299;FILTRI CON COEFFICIENTE DI ULTRAFILTRAZIONE di 18 - 35 ml/h/mmHg - ALTRI;S;;2007-02-20 00:00:00;
F010603;FILTRI CON COEFFICIENTE DI ULTRAFILTRAZIONE > 35 ml/h/mmHg;N;;2007-02-20 00:00:00;
F01060301;FILTRI CON COEFFICIENTE DI ULTRAFILTRAZIONE > 35 ml/h/mmHg IN MATERIALE CELLULOSICO ;S;;2007-02-20 00:00:00;
F01060302;FILTRI CON COEFFICIENTE DI ULTRAFILTRAZIONE > 35 ml/h/mmHg IN MATERIALE CELLULOSICO MODIFICATO;S;;2007-02-20 00:00:00;
F01060303;FILTRI CON COEFFICIENTE DI ULTRAFILTRAZIONE > 35 ml/h/mmHg IN MATERIALE SINTETICO;S;;2007-02-20 00:00:00;
F01060399;FILTRI CON COEFFICIENTE DI ULTRAFILTRAZIONE > 35 ml/h/mmHg - ALTRI;S;;2007-02-20 00:00:00;
F010604;FILTRI PER EMODIAFILTRAZIONE PARTICOLARE E ALTRI TRATTAMENTI PARTICOLARI;S;;2007-02-20 00:00:00;
F0107;FILTRI PER EMOPERFUSIONE;N;;2007-02-20 00:00:00;
F010701;FILTRI DI CARBONE PER EMOPERFUSIONE;S;;2007-02-20 00:00:00;
F010702;FILTRI DI RESINE PER EMOPERFUSIONE;S;;2007-02-20 00:00:00;
F010799;FILTRI PER EMOPERFUSIONE - ALTRI;S;;2007-02-20 00:00:00;
F0108;FILTRI E COLONNE PER ASSORBIMENTO ;N;;2007-02-20 00:00:00;
F010801;FILTRI E COLONNE PER IMMUNOASSORBIMENTO;N;;2007-02-20 00:00:00;
F01080101;FILTRI PER IMMUNOASSORBIMENTO;S;;2007-02-20 00:00:00;
F01080102;COLONNE PER IMMUNOASSORBIMENTO;S;;2007-02-20 00:00:00;
F010802;FILTRI E COLONNE PER ASSORBIMENTO DI ENDOTOSSINE;N;;2007-02-20 00:00:00;
F01080201;FILTRI PER ASSORBIMENTO DI ENDOTOSSINE;S;;2007-02-20 00:00:00;
F01080202;COLONNE PER ASSORBIMENTO DI ENDOTOSSINE;S;;2007-02-20 00:00:00;
F0109;FILTRI PER DIALISI PERITONEALE;S;;2022-02-23 00:00:00;
F0199;FILTRI PER DIALISI - ALTRI;S;;2007-02-20 00:00:00;
F02;LINEE PER DIALISI;N;;2007-02-20 00:00:00;
F0201;LINEE ARTEROVENOSE PER EMODIALISI-EMOFILTRAZIONE-EMODIAFILTRAZIONE;N;;2007-02-20 00:00:00;
F020101;LINEE ARTEROVENOSE MONOAGO;S;;2007-02-20 00:00:00;
F020102;LINEE ARTEROVENOSE A DOPPIOAGO;S;;2007-02-20 00:00:00;
F020104;LINEE DI REINFUSIONE PER DIALISI;S;;2007-02-20 00:00:00;
F020180;LINEE ARTEROVENOSE PER DIALISI - ACCESSORI;S;;2007-02-20 00:00:00;2022-02-22 00:00:00
F020180;LINEE ARTEROVENOSE PER EMODIALISI-EMOFILTRAZIONE-EMODIAFILTRAZIONE - ACCESSORI;S;;2022-02-23 00:00:00;
F020199;LINEE ARTEROVENOSE PER DIALISI - ALTRE;S;;2007-02-20 00:00:00;2022-02-22 00:00:00
F020199;LINEE ARTEROVENOSE PER EMODIALISI-EMOFILTRAZIONE-EMODIAFILTRAZIONE - ALTRE;S;;2022-02-23 00:00:00;
F0202;LINEE PER DIALISI PERITONEALE;N;;2007-02-20 00:00:00;
F020201;LINEE PER DIALISI PERITONEALE CONTINUA;N;;2007-02-20 00:00:00;
F02020101;LINEE PER DIALISI PERITONEALE CONTINUA MONOSACCA (CAPD);S;;2007-02-20 00:00:00;
F02020102;LINEE PER DIALISI PERITONEALE CONTINUA A DOPPIA SACCA (CAPD);S;;2007-02-20 00:00:00;
F02020199;LINEE PER DIALISI PERITONEALE CONTINUA - ALTRE;S;;2008-06-30 00:00:00;
F020202;LINEE PER DIALISI PERITONEALE ESTEMPORANEA;N;;2007-02-20 00:00:00;
F02020201;LINEE PER DIALISI PERITONEALE ESTEMPORANEA GRAVIMETRICA (APD);S;;2007-02-20 00:00:00;
F02020202;LINEE PER DIALISI PERITONEALE ESTEMPORANEA PER POMPA (APD);S;;2007-02-20 00:00:00;
F02020299;LINEE PER DIALISI PERITONEALE ESTEMPORANEA - ALTRE;S;;2008-06-30 00:00:00;
F020280;LINEE PER DIALISI PERITONEALE - ACCESSORI;S;;2007-02-20 00:00:00;
F020299;LINEE PER DIALISI PERITONEALE - ALTRE;S;;2007-02-20 00:00:00;
F0299;LINEE PER DIALISI - ALTRE;S;;2007-02-20 00:00:00;
F03;KIT PER DIALISI;N;;2007-02-20 00:00:00;
F0301;KIT PER EMOFILTRAZIONE-EMODIAFILTRAZIONE;S;;2007-02-20 00:00:00;
F0302;KIT PER BIOFILTRAZIONE;S;;2007-02-20 00:00:00;
F0303;KIT PER EMODIALISI;S;;2007-02-20 00:00:00;
F0304;KIT PER LAVAGGIO/RIEMPIMENTO IN PROCEDURE DIALITICHE;S;;2007-02-20 00:00:00;
F0305;KIT PER EMOPERFUSIONE;S;;2007-02-20 00:00:00;
F0306;KIT PER TRATTAMENTI DIALITICI CONTINUI;S;;2007-02-20 00:00:00;
F0307;KIT PER ULTRAFILTRAZIONE;S;;2007-02-20 00:00:00;
F0399;KIT PER DIALISI - ALTRI;S;;2007-02-20 00:00:00;
F04;CONCENTRATI DIALITICI;N;;2007-02-20 00:00:00;
F0401;CONCENTRATI DIALITICI ACIDI;N;;2007-02-20 00:00:00;
F040101;CONCENTRATI DIALITICI ACIDI NON STERILI;S;;2007-02-20 00:00:00;
F040102;CONCENTRATI DIALITICI ACIDI STERILI;S;;2007-02-20 00:00:00;
F0402;CONCENTRATI DIALITICI BASICI;N;;2007-02-20 00:00:00;
F040201;CONCENTRATI DIALITICI BASICI IN POLVERE;S;;2007-02-20 00:00:00;
F040202;CONCENTRATI DIALITICI BASICI LIQUIDI;S;;2007-02-20 00:00:00;
F0403;CONCENTRATI DIALITICI PRIVI DI TAMPONE ACETATO;N;;2007-02-20 00:00:00;
F040302;CONCENTRATI DIALITICI PRIVI DI TAMPONE ACETATO PER AFB;S;;2007-02-20 00:00:00;
F040399;CONCENTRATI DIALITICI PRIVI DI TAMPONE ACETATO PER ALTRI TRATTAMENTI;S;;2007-02-20 00:00:00;
F0404;SALI ADDITIVANTI PER PROCEDURE DIALITICHE;S;;2007-02-20 00:00:00;
F0499;CONCENTRATI DIALITICI - ALTRI;S;;2007-02-20 00:00:00;
F05;DISPOSITIVI PER MICRODIALISI DI ORGANI SPECIFICI;S;;2022-02-23 00:00:00;
F90;DISPOSITIVI PER DIALISI - VARI;N;;2007-02-20 00:00:00;
F9001;DISPOSITIVI PER DIALISI PERITONEALE (non compresi in altri gruppi);N;;2007-02-20 00:00:00;
F900101;CATETERI PER DIALISI PERITONEALE;S;;2007-02-20 00:00:00;2022-02-22 00:00:00
F900101;CATETERI PER DIALISI PERITONEALE E KIT;S;;2022-02-23 00:00:00;
F900199;DISPOSITIVI PER DIALISI PERITONEALE - ALTRI;S;;2007-02-20 00:00:00;
F9002;DISPOSITIVI PER ACCESSO VASCOLARE (utilizzati esclusivamente per emodialisi);N;;2007-02-20 00:00:00;
F900201;CATETERI PER EMODIALISI TEMPORANEA;S;;2007-02-20 00:00:00;2022-02-22 00:00:00
F900201;CATETERI PER EMODIALISI TEMPORANEA E KIT;S;;2022-02-23 00:00:00;
F900202;CATETERI PER EMODIALISI PERMANENTE;S;;2007-02-20 00:00:00;2022-02-22 00:00:00
F900202;CATETERI PER EMODIALISI PERMANENTE E KIT;S;;2022-02-23 00:00:00;
F900299;DISPOSITIVI PER ACCESSO VASCOLARE (utilizzati esclusivamente per emodialisi) - ALTRI;S;;2007-02-20 00:00:00;
F9003;RACCORDI PER DIALISI;N;;2007-02-20 00:00:00;
F900301;RACCORDI PER EMODIALISI;S;;2007-02-20 00:00:00;
F900302;RACCORDI PER DIALISI PERITONEALE;S;;2007-02-20 00:00:00;
F9004;SACCHE PER RACCOLTA E REINFUSIONE DI LIQUIDI DIALITICI;N;;2007-02-20 00:00:00;
F900401;SACCHE PER RACCOLTA DI LIQUIDI DIALITICI;N;;2007-02-20 00:00:00;
F90040101;SACCHE PER RACCOLTA DI LIQUIDI DA EMODIALISI;S;;2007-02-20 00:00:00;
F90040102;SACCHE PER RACCOLTA DI LIQUIDI DA DIALISI PERITONEALE;S;;2007-02-20 00:00:00;
F900402;SACCHE PER REINFUSIONE DI LIQUIDI DIALITICI;S;;2007-02-20 00:00:00;
F9005;DISPOSITIVI PER DIALISI EXTRACORPOREA;S;;2007-02-20 00:00:00;2022-02-23 00:00:00
F9006;STRUMENTARIO PER TRATTAMENTI DIALITICI, MONOUSO;S;;2022-02-23 00:00:00;
F9080;DISPOSITIVI PER DIALISI - ACCESSORI ALTRI;S;;2007-02-20 00:00:00;
F9099;DISPOSITIVI PER DIALISI - ALTRI;S;;2007-02-20 00:00:00;
G;DISPOSITIVI PER APPARATO GASTROINTESTINALE;N;;2007-02-20 00:00:00;2022-02-22 00:00:00
G;DISPOSITIVI PER APPARATO GASTRO-INTESTINALE;N;;2022-02-23 00:00:00;
G01;SONDE ORO-ESOFAGEE;N;;2007-02-20 00:00:00;
G0101;SONDE PER DILATAZIONE ESOFAGEA;N;;2007-02-20 00:00:00;
G010101;CANDELETTE ESOFAGEE;S;;2007-02-20 00:00:00;
G010102;SONDE PER DILATAZIONE DEL CARDIAS;S;;2007-02-20 00:00:00;
G010199;SONDE PER DILATAZIONE ESOFAGEA - ALTRE;S;;2007-02-20 00:00:00;
G0102;SONDE PER EMOSTASI ESOFAGEA;N;;2007-02-20 00:00:00;
G010201;SONDE DI SENGSTAKEN;S;;2007-02-20 00:00:00;
G010202;SONDE DI LINTON-NACHLAS;S;;2022-02-23 00:00:00;
G010299;SONDE PER EMOSTASI ESOFAGEA - ALTRE;S;;2007-02-20 00:00:00;
G0103;SONDE PER DIAGNOSTICA ORO-ESOFAGEA;N;;2007-02-20 00:00:00;
G010301;SONDE PER pH-METRIA ESOFAGEA;S;;2007-02-20 00:00:00;
G010302;CATETERI PER MANOMETRIA ESOFAGEA;S;;2007-02-20 00:00:00;
G010303;CATETERI PER SCIALOGRAFIA;S;;2007-02-20 00:00:00;
G010304;SONDE PER pH-METRIA E IMPEDENZOMETRIA ESOFAGEA;S;;2022-02-23 00:00:00;
G010305;SONDE PER pH-METRIA ESOFAGEA E PER VALUTAZIONE DEL REFLUSSO BILIARE;S;;2022-02-23 00:00:00;
G010399;SONDE PER DIAGNOSTICA ORO-ESOFAGEA - ALTRE;S;;2007-02-20 00:00:00;
G0180;SONDE ORO-ESOFAGEE - ACCESSORI;S;;2007-02-20 00:00:00;
G0199;SONDE ORO-ESOFAGEE - ALTRE;S;;2007-02-20 00:00:00;
G02;SONDE GASTRO-INTESTINALI;N;;2007-02-20 00:00:00;2022-02-22 00:00:00
G02;SONDE E KIT GASTRO-INTESTINALI;N;;2022-02-23 00:00:00;
G0201;SONDE PER LAVAGGIO GASTRO-INTESTINALE;N;;2007-02-20 00:00:00;2022-02-22 00:00:00
G0201;SONDE E KIT PER LAVAGGIO GASTRO-INTESTINALE;N;;2022-02-23 00:00:00;
G020101;SISTEMI PER LAVANDA GASTRICA;S;;2007-02-20 00:00:00;2022-02-22 00:00:00
G020101;SONDE E KIT PER LAVANDA GASTRICA;S;;2022-02-23 00:00:00;
G020102;SONDE E KIT PER LAVAGGIO INTESTINALE;S;;2022-02-23 00:00:00;
G020199;SONDE PER LAVAGGIO GASTRO-INTESTINALE - ALTRE;S;;2007-02-20 00:00:00;2022-02-22 00:00:00
G020199;SONDE E KIT PER LAVAGGIO GASTRO-INTESTINALE - ALTRE;S;;2022-02-23 00:00:00;
G0202;SONDE PER ALIMENTAZIONE ED ASPIRAZIONE GASTRO-INTESTINALE;N;;2007-02-20 00:00:00;
G020201;SONDE NASO-GASTRO-INTESTINALI;N;;2007-02-20 00:00:00;
G02020101;SONDE NASO-GASTRICHE;S;;2007-02-20 00:00:00;
G02020102;SONDE NASO-DUODENO-DIGIUNALI;S;;2007-02-20 00:00:00;
G02020199;SONDE NASO-GASTRO-INTESTINALI - ALTRE;S;;2008-06-30 00:00:00;
G020202;SONDE E KIT PER GASTRO-DIGIUNOSTOMIA;N;;2007-02-20 00:00:00;
G02020201;SONDE E KIT PER GASTROSTOMIA;S;;2007-02-20 00:00:00;
G02020202;SONDE E KIT PER DIGIUNOSTOMIA;S;;2007-02-20 00:00:00;
G02020203;SONDE E KIT PER ILEOSTOMIA;S;;2022-02-23 00:00:00;
G020299;SONDE PER ALIMENTAZIONE ED ASPIRAZIONE GASTRO-INTESTINALE - ALTRE;S;;2007-02-20 00:00:00;
G0203;SONDE PER EVACUAZIONE (N.T.COD. ISO 0912);N;;2007-02-20 00:00:00;
G020301;SONDE RETTALI;S;;2007-02-20 00:00:00;
G020399;SONDE PER EVACUAZIONE - ALTRE;S;;2007-02-20 00:00:00;
G0204;DISPOSITIVI PER EMOSTASI GASTRO-INTESTINALE;N;;2007-02-20 00:00:00;
G020401;SET PER LEGATURA DELLE EMORROIDI;S;;2007-02-20 00:00:00;
G020402;DISPOSITIVI PER SCLEROTERAPIA DELLE EMORROIDI;S;;2007-02-20 00:00:00;
G020499;DISPOSITIVI PER EMOSTASI GASTRO-INTESTINALE - ALTRI;S;;2007-02-20 00:00:00;
G0205;DISPOSITIVI PER IL TRATTAMENTO CHIRURGICO DELL'OBESITA';N;;2007-02-20 00:00:00;
G020501;SISTEMI DI BENDAGGIO GASTRICO;S;;2007-02-20 00:00:00;
G020502;TUBI DI CALIBRAZIONE GASTRICA;S;;2022-02-23 00:00:00;
G020503;KIT PER LA REGOLAZIONE DI SISTEMI DI BENDAGGIO GASTRICO;S;;2022-02-23 00:00:00;
G020599;DISPOSITIVI PER IL TRATTAMENTO CHIRURGICO DELL'OBESITA' - ALTRI;S;;2007-02-20 00:00:00;
G0206;DISPOSITIVI PER DIAGNOSTICA GASTRO-INTESTINALE;N;;2007-02-20 00:00:00;
G020601;SONDE PER DIAGNOSTICA GASTRO-DUODENALE;N;;2007-02-20 00:00:00;2022-02-22 00:00:00
G020601;SONDE PER DIAGNOSTICA GASTRO-DUODENALE-DIGIUNALE;N;;2022-02-23 00:00:00;
G02060101;SONDE PER DUODENOGRAFIA;S;;2007-02-20 00:00:00;
G02060102;SONDE PER MANOMETRIA GASTRO-DIGIUNALE;S;;2022-02-23 00:00:00;
G02060199;SONDE PER DIAGNOSTICA GASTRO-DUDENALE - ALTRE;S;;2007-02-20 00:00:00;2022-02-22 00:00:00
G02060199;SONDE PER DIAGNOSTICA GASTRO-DUODENALE-DIGIUNALE - ALTRE;S;;2022-02-23 00:00:00;
G020602;SONDE PER DIAGNOSTICA BILIARE E PANCREATICA;N;;2007-02-20 00:00:00;
G02060201;SONDE PER COLANGIOGRAFIA A CIELO APERTO;S;;2007-02-20 00:00:00;
G02060202;SONDE PER MANOMETRIA BILIARE;S;;2022-02-23 00:00:00;
G02060299;SONDE PER DIAGNOSTICA BILIARE E PANCREATICA - ALTRE;S;;2007-02-20 00:00:00;
G020603;DISPOSITIVI PER DIAGNOSTICA COLO-RETTALE;N;;2007-02-20 00:00:00;
G02060301;ANOSCOPI;S;;2007-02-20 00:00:00;
G02060302;RETTOSCOPI RIGIDI;S;;2007-02-20 00:00:00;
G02060303;SONDE A PALLONCINO PER CLISMA OPACO;S;;2007-02-20 00:00:00;
G02060304;SONDE PER INSUFFLAZIONE COLO-RETTALE;S;;2007-02-20 00:00:00;
G02060305;SONDE PER MANOMETRIA COLO-RETTALE;S;;2022-02-23 00:00:00;
G02060399;DISPOSITIVI PER DIAGNOSTICA COLO-RETTALE - ALTRI;S;;2007-02-20 00:00:00;
G0280;SONDE GASTRO-INTESTINALI - ACCESSORI;S;;2007-02-20 00:00:00;
G0299;SONDE GASTRO-INTESTINALI - ALTRE;S;;2007-02-20 00:00:00;
G03;DISPOSITIVI PER ENDOSCOPIA DIGESTIVA;N;;2007-02-20 00:00:00;
G0301;DISPOSITIVI PER DILATAZIONE ENDOSCOPICA DELLE VIE DIGERENTI;N;;2007-02-20 00:00:00;
G030101;CATETERI A PALLONCINO PER ENDOSCOPIA DIGESTIVA;N;;2007-02-20 00:00:00;
G03010101;CATETERI A PALLONCINO ESOFAGEI;N;;2007-02-20 00:00:00;
G0301010101;CATETERI A PALLONCINO ESOFAGEI A BASSA PRESSIONE;S;;2007-02-20 00:00:00;
G0301010102;CATETERI A PALLONCINO ESOFAGEI AD ALTA PRESSIONE;S;;2007-02-20 00:00:00;
G03010102;CATETERI A PALLONCINO PER ACALASIA;N;;2007-02-20 00:00:00;
G0301010201;CATETERI A PALLONCINO PER ACALASIA A BASSA PRESSIONE;S;;2007-02-20 00:00:00;
G0301010202;CATETERI A PALLONCINO PER ACALASIA AD ALTA PRESSIONE;S;;2007-02-20 00:00:00;
G03010103;CATETERI A PALLONCINO PILORICI;N;;2007-02-20 00:00:00;
G0301010301;CATETERI A PALLONCINO PILORICI A BASSA PRESSIONE;S;;2007-02-20 00:00:00;
G0301010302;CATETERI A PALLONCINO PILORICI AD ALTA PRESSIONE;S;;2007-02-20 00:00:00;
G03010104;CATETERI A PALLONCINO BILIARI;N;;2007-02-20 00:00:00;
G0301010401;CATETERI A PALLONCINO BILIARI A BASSA PRESSIONE;S;;2007-02-20 00:00:00;
G0301010402;CATETERI A PALLONCINO BILIARI AD ALTA PRESSIONE;S;;2007-02-20 00:00:00;
G03010105;CATETERI A PALLONCINO COLICI;N;;2007-02-20 00:00:00;
G0301010501;CATETERI A PALLONCINO COLICI A BASSA PRESSIONE;S;;2007-02-20 00:00:00;
G0301010502;CATETERI A PALLONCINO COLICI AD ALTA PRESSIONE;S;;2007-02-20 00:00:00;
G03010199;CATETERI A PALLONCINO PER ENDOSCOPIA DIGESTIVA - ALTRI;S;;2007-02-20 00:00:00;
G030102;DILATATORI ENDOSCOPICI PROGRESSIVI DELLE VIE DIGERENTI;N;;2007-02-20 00:00:00;
G03010201;DILATATORI ENDOSCOPICI PROGRESSIVI RIGIDI;S;;2007-02-20 00:00:00;
G03010202;DILATATORI ENDOSCOPICI PROGRESSIVI FLESSIBILI;S;;2007-02-20 00:00:00;
G0302;DISPOSITIVI PER EMOSTASI ENDOSCOPICA DELLE VIE DIGERENTI;N;;2007-02-20 00:00:00;
G030201;AGHI PER ENDOSCOPIA DIGESTIVA;N;;2007-02-20 00:00:00;
G03020101;AGHI MONOLUME PER ENDOSCOPIA DIGESTIVA;S;;2007-02-20 00:00:00;
G03020102;AGHI PLURILUME PER ENDOSCOPIA DIGESTIVA;S;;2007-02-20 00:00:00;
G030202;CLIP PER EMOSTASI ENDOSCOPICA DELLE VIE DIGERENTI;S;;2007-02-20 00:00:00;
G030203;SISTEMI DI LEGATURA ENDOSCOPICA DELLE VIE DIGERENTI;N;;2007-02-20 00:00:00;
G03020301;DISPOSITIVI DI LEGATURA DELLE VARICI ESOFAGEE;S;;2007-02-20 00:00:00;
G03020302;DISPOSITIVI DI LEGATURA DEI POLIPI DELLE VIE DIGERENTI;S;;2007-02-20 00:00:00;
G03020399;SISTEMI DI LEGATURA ENDOSCOPICA DELLE VIE DIGERENTI - ALTRI;S;;2007-02-20 00:00:00;
G030204;SONDE PER TERMOCOAGULAZIONE ENDOSCOPICA DELLE VIE DIGERENTI;S;;2007-02-20 00:00:00;
G030299;DISPOSITIVI PER EMOSTASI ENDOSCOPICA DELLE VIE DIGERENTI - ALTRI;S;;2007-02-20 00:00:00;
G0303;DISPOSITIVI PER POLIPECTOMIA;N;;2007-02-20 00:00:00;
G030301;ANSE PER POLIPECTOMIA;N;;2007-02-20 00:00:00;
G03030101;ANSE ROTANTI PER POLIPECTOMIA;S;;2007-02-20 00:00:00;
G03030102;ANSE NON ROTANTI PER POLIPECTOMIA;S;;2007-02-20 00:00:00;
G03030199;ANSE PER POLIPECTOMIA - ALTRE;S;;2008-06-30 00:00:00;
G030399;DISPOSITIVI PER POLIPECTOMIA - ALTRI;S;;2007-02-20 00:00:00;
G0304;DISPOSITIVI PER ERCP E SFINTEROTOMIA;N;;2007-02-20 00:00:00;
G030401;CANNULE PER ERCP;N;;2007-02-20 00:00:00;
G03040101;CANNULE PER ERCP MONOLUME;N;;2007-02-20 00:00:00;
G0304010101;CANNULE PER ERCP MONOLUME A PUNTA STANDARD;S;;2007-02-20 00:00:00;
G0304010102;CANNULE PER ERCP MONOLUME A PUNTA CONICA;S;;2007-02-20 00:00:00;
G0304010103;CANNULE PER ERCP MONOLUME A PUNTA RASTREMATA;S;;2007-02-20 00:00:00;
G0304010104;CANNULE PER ERCP MONOLUME A PUNTA SFERICA;S;;2007-02-20 00:00:00;
G0304010199;CANNULE PER ERCP MONOLUME - ALTRE;S;;2008-06-30 00:00:00;
G03040102;CANNULE PER ERCP PLURILUME;N;;2007-02-20 00:00:00;
G0304010201;CANNULE PER ERCP PLURILUME A PUNTA STANDARD;S;;2007-02-20 00:00:00;
G0304010202;CANNULE PER ERCP PLURILUME A PUNTA CONICA;S;;2007-02-20 00:00:00;
G0304010203;CANNULE PER ERCP PLURILUME A PUNTA RASTREMATA;S;;2007-02-20 00:00:00;
G0304010204;CANNULE PER ERCP PLURILUME A PUNTA SFERICA;S;;2007-02-20 00:00:00;
G0304010299;CANNULE PER ERCP PLURILUME - ALTRE;S;;2008-06-30 00:00:00;
G030402;PAPILLOTOMI O SFINTEROTOMI;N;;2007-02-20 00:00:00;
G03040201;PAPILLOTOMI O SFINTEROTOMI BILUME;S;;2007-02-20 00:00:00;
G03040202;PAPILLOTOMI O SFINTEROTOMI TRILUME E PIU';S;;2007-02-20 00:00:00;
G03040299;PAPILLOTOMI O SFINTEROTOMI - ALTRI;S;;2008-06-30 00:00:00;
G030403;SONDINI NASO-BILIARI-PANCREATICI;N;;2007-02-20 00:00:00;
G03040301;SONDINI BILIARI;S;;2007-02-20 00:00:00;
G03040302;SONDINI PER DOTTI EPATICI;S;;2007-02-20 00:00:00;
G03040303;SONDINI PANCREATICI;S;;2007-02-20 00:00:00;
G030499;DISPOSITIVI PER ERCP E SFINTEROTOMIA - ALTRI;S;;2007-02-20 00:00:00;
G0305;DISPOSITIVI PER RECUPERO E LITOTRISSIA (recupero calcoli, polipi e corpi estranei);N;;2007-02-20 00:00:00;
G030501;DISPOSITIVI PER RECUPERO IN ENDOSCOPIA DIGESTIVA;N;;2007-02-20 00:00:00;
G03050101;DISPOSITIVI PER RECUPERO A PALLONCINO IN ENDOSCOPIA DIGESTIVA;S;;2007-02-20 00:00:00;
G03050102;DISPOSITIVI PER RECUPERO A CESTELLO IN ENDOSCOPIA DIGESTIVA;N;;2007-02-20 00:00:00;
G0305010201;DISPOSITIVI PER RECUPERO A CESTELLO ROTANTE IN ENDOSCOPIA DIGESTIVA;S;;2007-02-20 00:00:00;
G0305010202;DISPOSITIVI PER RECUPERO A CESTELLO NON ROTANTE IN ENDOSCOPIA DIGESTIVA;S;;2007-02-20 00:00:00;
G03050103;DISPOSITIVI PER RECUPERO TRAMITE ASPIRAZIONE IN ENDOSCOPIA DIGESTIVA;S;;2022-02-23 00:00:00;
G03050199;DISPOSITIVI PER RECUPERO IN ENDOSCOPIA DIGESTIVA - ALTRI;S;;2007-02-20 00:00:00;
G030502;DISPOSITIVI PER LITOTRISSIA;S;;2007-02-20 00:00:00;2022-02-22 00:00:00
G030502;DISPOSITIVI MONOUSO PER LITOTRISSIA;S;;2022-02-23 00:00:00;
G0306;DISPOSITIVI PER IL TRATTAMENTO NON CHIRURGICO DELL'OBESITA';N;;2007-02-20 00:00:00;
G030601;SISTEMI A PALLONCINO INTRAGASTRICI;S;;2007-02-20 00:00:00;
G030602;DISPOSITIVI PER RIMOZIONE DI PALLONCINI INTRAGASTRICI;S;;2022-02-23 00:00:00;
G030603;SISTEMI DI RIVESTIMENTO INTESTINALE PER RIDUZIONE DELL'ASSORBIMENTO;S;;2022-02-23 00:00:00;
G030604;DISPOSITIVI PER RIMOZIONE DI SISTEMI DI RIVESTIMENTO INTESTINALE;S;;2022-02-23 00:00:00;
G030699;DISPOSITIVI PER IL TRATTAMENTO NON CHIRURGICO DELL'OBESITA' - ALTRI;S;;2007-02-20 00:00:00;
G0307;DISPOSITIVI ENDOSCOPICI PER DIAGNOSTICA GASTRO-INTESTINALE;N;;2007-02-20 00:00:00;
G030701;DISPOSITIVI DI DIAGNOSI PER IMMAGINE GASTRO-INTESTINALE;S;;2007-02-20 00:00:00;
G030702;DISPOSITIVI PER IL MONITORAGGIO DEL PH;S;;2007-02-20 00:00:00;
G030703;MARCATORI PER LO STUDIO DEL TRANSITO GASTRO-INTESTINALE;S;;2007-02-20 00:00:00;
G030704;CATETERI NEBULIZZATORI PER COLORAZIONE VITALE DEL COLON;S;;2022-02-23 00:00:00;
G030799;DISPOSITIVI ENDOSCOPICI PER DIAGNOSTICA GASTRO-INTESTINALE - ALTRI;S;;2007-02-20 00:00:00;
G0308;STRUMENTARIO MONOUSO PER ENDOSCOPIA GASTRO-INTESTINALE;N;;2007-02-20 00:00:00;2008-06-29 00:00:00
G0308;STRUMENTARIO MONOUSO PER ENDOSCOPIA ED ECOENDOSCOPIA GASTRO-INTESTINALE;N;;2008-06-30 00:00:00;
G030801;PINZE MONOUSO PER ENDOSCOPIA GASTRO-INTESTINALE;N;;2007-02-20 00:00:00;
G03080101;PINZE DA BIOPSIA ENDOSCOPICA GASTRO-INTESTINALE;N;;2007-02-20 00:00:00;
G0308010101;PINZE DA BIOPSIA ENDOSCOPICA GASTRO-INTESTINALE A FREDDO;S;;2007-02-20 00:00:00;
G0308010102;PINZE DA BIOPSIA ENDOSCOPICA GASTRO-INTESTINALE A CALDO;S;;2007-02-20 00:00:00;
G03080102;PINZE DA ESTRAZIONE ENDOSCOPICA GASTRO-INTESTINALE;S;;2007-02-20 00:00:00;
G03080199;PINZE MONOUSO PER ENDOSCOPIA GASTRO-INTESTINALE - ALTRE;S;;2007-02-20 00:00:00;
G030803;SPAZZOLINI PER ENDOSCOPIA GASTRO-INTESTINALE;N;;2007-02-20 00:00:00;2008-06-29 00:00:00
G030803;SPAZZOLINI PER ENDOSCOPIA ED ECOENDOSCOPIA GASTRO-INTESTINALE;N;;2008-06-30 00:00:00;
G03080301;SPAZZOLINI PER CITOLOGIA GASTRO-INTESTINALE;S;;2007-02-20 00:00:00;
G03080302;SPAZZOLINI PER PULIZIA;S;;2007-02-20 00:00:00;2022-02-23 00:00:00
G03080399;SPAZZOLINI PER ENDOSCOPIA ED ECOENDOSCOPIA GASTRO-INTESTINALE - ALTRI;S;;2008-06-30 00:00:00;
G030804;BOCCAGLI PER ENDOSCOPIA GASTRO-INTESTINALE;S;;2007-02-20 00:00:00;2008-06-29 00:00:00
G030804;BOCCAGLI PER ENDOSCOPIA ED ECOENDOSCOPIA GASTRO-INTESTINALE;S;;2008-06-30 00:00:00;
G030805;SISTEMI DI TATUAGGIO ENDOSCOPICO GASTRO-INTESTINALE;S;;2007-02-20 00:00:00;
G030899;STRUMENTARIO MONOUSO PER ENDOSCOPIA GASTRO-INTESTINALE - ALTRO;S;;2007-02-20 00:00:00;2008-06-29 00:00:00
G030899;STRUMENTARIO MONOUSO PER ENDOSCOPIA ED ECOENDOSCOPIA GASTRO-INTESTINALE - ALTRO;S;;2008-06-30 00:00:00;
G0380;DISPOSITIVI PER ENDOSCOPIA DIGESTIVA - ACCESSORI;S;;2007-02-20 00:00:00;
G0399;DISPOSITIVI PER ENDOSCOPIA DIGESTIVA - ALTRI;S;;2007-02-20 00:00:00;
G04;DISPOSITIVI PER APPARATO GASTRO-INTESTINALE A SOMMINISTRAZIONE ORALE;N;;2022-02-23 00:00:00;
G0401;DISPOSITIVI A SOMMINISTRAZIONE ORALE PER LA TERAPIA DEI DISTURBI GASTRO-INTESTINALI;S;;2022-02-23 00:00:00;
G0402;DISPOSITIVI A SOMMINISTRAZIONE ORALE PER CONTROLLO DELL'APPETITO E RIDUZIONE DELL'ASSORBIMENTO INTESTINALE;S;;2022-02-23 00:00:00;
G0499;DISPOSITIVI PER APPARATO GASTRO-INTESTINALE A SOMMINISTRAZIONE ORALE - ALTRI;S;;2022-02-23 00:00:00;
G05;DISPOSITIVI PER APPARATO GASTRO-INTESTINALE A SOMMINISTRAZIONE TOPICA ANO-RETTALE;S;;2022-02-23 00:00:00;
G99;DISPOSITIVI PER APPARATO GASTROINTESTINALE - ALTRI;S;;2007-02-20 00:00:00;2022-02-22 00:00:00
G99;DISPOSITIVI PER APPARATO GASTRO-INTESTINALE - ALTRI;S;;2022-02-23 00:00:00;
H;DISPOSITIVI DA SUTURA;N;;2007-02-20 00:00:00;
H01;SUTURE CHIRURGICHE;N;;2007-02-20 00:00:00;
H0101;SUTURE RIASSORBIBILI;N;;2007-02-20 00:00:00;
H010101;SUTURE RIASSORBIBILI SINTETICHE;N;;2007-02-20 00:00:00;
H01010101;SUTURE RIASSORBIBILI SINTETICHE MONOFILAMENTO;N;;2007-02-20 00:00:00;
H0101010101;POLIDIOSSANONE;N;;2007-02-20 00:00:00;2022-02-22 00:00:00
H0101010101;POLIDIOSSANONE MONOFILAMENTO;N;;2022-02-23 00:00:00;
H010101010101;POLIDIOSSANONE MONTATO;S;;2007-02-20 00:00:00;2008-06-29 00:00:00
H010101010101;POLIDIOSSANONE MONTATO PER CHIRURGIA APERTA;S;;2008-06-30 00:00:00;2022-02-22 00:00:00
H010101010101;POLIDIOSSANONE MONOFILAMENTO MONTATO PER CHIRURGIA APERTA;S;;2022-02-23 00:00:00;
H010101010102;POLIDIOSSANONE MONTATO PER VIDEOCHIRURGIA;S;;2007-02-20 00:00:00;2022-02-22 00:00:00
H010101010102;POLIDIOSSANONE MONOFILAMENTO MONTATO PER VIDEOCHIRURGIA;S;;2022-02-23 00:00:00;
H010101010103;POLIDIOSSANONE NON MONTATO;S;;2008-06-30 00:00:00;2022-02-22 00:00:00
H010101010103;POLIDIOSSANONE MONOFILAMENTO LIBERO;S;;2022-02-23 00:00:00;
H010101010104;"POLIDIOSSANONE MONOFILAMENTO MONTATO PER TRAZIONE TESSUTALE (""BARBED"")";S;;2022-02-23 00:00:00;
H0101010102;POLIGLICONATO E DERIVATI (POLIGLICONATO E GLICOMER, ECC...);N;;2007-02-20 00:00:00;2022-02-22 00:00:00
H0101010102;POLIGLICONATO E DERIVATI MONOFILAMENTO;N;;2022-02-23 00:00:00;
H010101010201;POLIGLICONATO MONTATO;S;;2007-02-20 00:00:00;2022-02-22 00:00:00
H010101010201;POLIGLICONATO E DERIVATI MONOFILAMENTO MONTATI;S;;2022-02-23 00:00:00;
H010101010202;POLIGLICONATO NON MONTATO;S;;2008-06-30 00:00:00;2022-02-22 00:00:00
H010101010202;POLIGLICONATO E DERIVATI MONOFILAMENTO LIBERI;S;;2022-02-23 00:00:00;
H010101010203;"POLIGLICONATO E DERIVATI MONOFILAMENTO MONTATI PER TRAZIONE TESSUTALE (""BARBED"")";S;;2022-02-23 00:00:00;
H0101010103;POLIGLECAPRONE E DERIVATI (POLIGLECAPRONE, GLICONATO, POLYGLYTONE, ECC..);N;;2007-02-20 00:00:00;2022-02-22 00:00:00
H0101010103;POLIGLECAPRONE E DERIVATI MONOFILAMENTO;N;;2022-02-23 00:00:00;
H010101010301;POLIGLECAPRONE E DERIVATI MONTATI;S;;2007-02-20 00:00:00;2022-02-22 00:00:00
H010101010301;POLIGLECAPRONE E DERIVATI MONOFILAMENTO MONTATI;S;;2022-02-23 00:00:00;
H010101010302;POLIGLECAPRONE E DERIVATI NON MONTATI;S;;2007-02-20 00:00:00;2022-02-22 00:00:00
H010101010302;POLIGLECAPRONE E DERIVATI MONOFILAMENTO LIBERI;S;;2022-02-23 00:00:00;
H010101010303;"POLIGLECAPRONE E DERIVATI MONOFILAMENTO MONTATI PER TRAZIONE TESSUTALE (""BARBED"")";S;;2022-02-23 00:00:00;
H0101010199;SUTURE RIASSORBIBILI SINTETICHE MONOFILAMENTO - ALTRE;S;;2007-02-20 00:00:00;
H01010102;SUTURE RIASSORBIBILI SINTETICHE PLURIFILAMENTO;N;;2007-02-20 00:00:00;
H0101010201;ACIDO POLIGLICOLICO;N;;2007-02-20 00:00:00;2022-02-22 00:00:00
H0101010201;ACIDO POLIGLICOLICO PLURIFILAMENTO;N;;2022-02-23 00:00:00;
H010101020101;ACIDO POLIGLICOLICO MONTATO;S;;2007-02-20 00:00:00;2008-06-29 00:00:00
H010101020101;ACIDO POLIGLICOLICO MONTATO PER CHIRURGIA APERTA;S;;2008-06-30 00:00:00;2022-02-22 00:00:00
H010101020101;ACIDO POLIGLICOLICO PLURIFILAMENTO MONTATO PER CHIRURGIA APERTA;S;;2022-02-23 00:00:00;
H010101020102;ACIDO POLIGLICOLICO MONTATO PER VIDEOCHIRURGIA;S;;2007-02-20 00:00:00;2022-02-22 00:00:00
H010101020102;ACIDO POLIGLICOLICO PLURIFILAMENTO MONTATO PER VIDEOCHIRURGIA;S;;2022-02-23 00:00:00;
H010101020103;ACIDO POLIGLICOLICO NON MONTATO;S;;2007-02-20 00:00:00;2022-02-22 00:00:00
H010101020103;ACIDO POLIGLICOLICO PLURIFILAMENTO LIBERO;S;;2022-02-23 00:00:00;
H0101010202;ACIDO POLIGLICOLICO CON ACIDO LATTICO;N;;2007-02-20 00:00:00;2022-02-22 00:00:00
H0101010202;ACIDO POLIGLICOLICO CON ACIDO LATTICO PLURIFILAMENTO;N;;2022-02-23 00:00:00;
H010101020201;ACIDO POLIGLICOLICO CON ACIDO LATTICO MONTATO;S;;2007-02-20 00:00:00;2008-06-29 00:00:00
H010101020201;ACIDO POLIGLICOLICO CON ACIDO LATTICO MONTATO PER CHIRURGIA APERTA;S;;2008-06-30 00:00:00;2022-02-22 00:00:00
H010101020201;ACIDO POLIGLICOLICO CON ACIDO LATTICO PLURIFILAMENTO MONTATO PER CHIRURGIA APERTA;S;;2022-02-23 00:00:00;
H010101020202;ACIDO POLIGLICOLICO CON ACIDO LATTICO MONTATO PER VIDEOCHIRURGIA;S;;2007-02-20 00:00:00;2022-02-22 00:00:00
H010101020202;ACIDO POLIGLICOLICO CON ACIDO LATTICO PLURIFILAMENTO MONTATO PER VIDEOCHIRURGIA;S;;2022-02-23 00:00:00;
H010101020203;ACIDO POLIGLICOLICO CON ACIDO LATTICO NON MONTATO;S;;2007-02-20 00:00:00;2022-02-22 00:00:00
H010101020203;ACIDO POLIGLICOLICO CON ACIDO LATTICO PLURIFILAMENTO LIBERO;S;;2022-02-23 00:00:00;
H0101010299;SUTURE RIASSORBIBILI SINTETICHE PLURIFILAMENTO - ALTRE;S;;2007-02-20 00:00:00;
H01010103;SUTURE RIASSORBIBILI SINTETICHE CON ANTIBATTERICO MONOFILAMENTO ;N;;2022-02-23 00:00:00;
H0101010301;POLIDIOSSANONE CON ANTIBATTERICO MONOFILAMENTO ;N;;2022-02-23 00:00:00;
H010101030101;POLIDIOSSANONE CON ANTIBATTERICO MONOFILAMENTO MONTATO ;S;;2022-02-23 00:00:00;
H010101030102;POLIDIOSSANONE CON ANTIBATTERICO MONOFILAMENTO LIBERO ;S;;2022-02-23 00:00:00;
H010101030103;"POLIDIOSSANONE CON ANTIBATTERICO MONOFILAMENTO MONTATO PER TRAZIONE TESSUTALE (""BARBED"") ";S;;2022-02-23 00:00:00;
H0101010302;ACIDO POLIGLICOLICO CON ACIDO LATTICO CON ANTIBATTERICO MONOFILAMENTO;N;;2022-02-23 00:00:00;
H010101030201;ACIDO POLIGLICOLICO CON ACIDO LATTICO CON ANTIBATTERICO MONOFILAMENTO MONTATO;S;;2022-02-23 00:00:00;
H010101030202;ACIDO POLIGLICOLICO CON ACIDO LATTICO CON ANTIBATTERICO MONOFILAMENTO LIBERO;S;;2022-02-23 00:00:00;
H010101030203;"ACIDO POLIGLICOLICO CON ACIDO LATTICO CON ANTIBATTERICO MONOFILAMENTO MONTATI PER TRAZIONE TESSUTALE (""BARBED"")";S;;2022-02-23 00:00:00;
H0101010303;POLIGLECAPRONE E DERIVATI CON ANTIBATTERICO MONOFILAMENTO;N;;2022-02-23 00:00:00;
H010101030301;POLIGLECAPRONE E DERIVATI CON ANTIBATTERICO MONOFILAMENTO MONTATO;S;;2022-02-23 00:00:00;
H010101030302;POLIGLECAPRONE E DERIVATI CON ANTIBATTERICO MONOFILAMENTO LIBERO;S;;2022-02-23 00:00:00;
H010101030303;"POLIGLECAPRONE E DERIVATI CON ANTIBATTERICO MONOFILAMENTO MONTATI PER TRAZIONE TESSUTALE (""BARBED"")";S;;2022-02-23 00:00:00;
H0101010399;SUTURE RIASSORBIBILI SINTETICHE CON ANTIBATTERICO MONOFILAMENTO  - ALTRE;S;;2022-02-23 00:00:00;
H01010104;SUTURE RIASSORBIBILI SINTETICHE CON ANTIBATTERICO PLURIFILAMENTO ;N;;2022-02-23 00:00:00;
H0101010401;ACIDO POLIGLICOLICO CON ANTIBATTERICO PLURIFILAMENTO ;N;;2022-02-23 00:00:00;
H010101040101;ACIDO POLIGLICOLICO CON ANTIBATTERICO PLURIFILAMENTO MONTATO ;S;;2022-02-23 00:00:00;
H010101040102;ACIDO POLIGLICOLICO CON ANTIBATTERICO PLURIFILAMENTO LIBERO ;S;;2022-02-23 00:00:00;
H0101010402;ACIDO POLIGLICOLICO CON ACIDO LATTICO CON ANTIBATTERICO PLURIFILAMENTO ;N;;2022-02-23 00:00:00;
H010101040201;ACIDO POLIGLICOLICO CON ACIDO LATTICO CON ANTIBATTERICO PLURIFILAMENTO MONTATO ;S;;2022-02-23 00:00:00;
H010101040202;ACIDO POLIGLICOLICO CON ACIDO LATTICO CON ANTIBATTERICO PLURIFILAMENTO LIBERO ;S;;2022-02-23 00:00:00;
H0101010499;SUTURE RIASSORBIBILI SINTETICHE CON ANTIBATTERICO PLURIFILAMENTO  - ALTRE;S;;2022-02-23 00:00:00;
H010102;SUTURE RIASSORBIBILI NATURALI;N;;2007-02-20 00:00:00;2022-02-23 00:00:00
H01010201;SUTURE RIASSORBIBILI NATURALI RITORTE;N;;2007-02-20 00:00:00;2022-02-23 00:00:00
H0101020101;CATGUT;N;;2007-02-20 00:00:00;2022-02-23 00:00:00
H010102010101;CATGUT MONTATO;S;;2007-02-20 00:00:00;2022-02-23 00:00:00
H010102010102;CATGUT NON MONTATO;S;;2007-02-20 00:00:00;2022-02-23 00:00:00
H0101020102;CATGUT CROMICO;N;;2007-02-20 00:00:00;2022-02-23 00:00:00
H010102010201;CATGUT CROMICO MONTATO;S;;2007-02-20 00:00:00;2022-02-23 00:00:00
H010102010202;CATGUT CROMICO NON MONTATO;S;;2007-02-20 00:00:00;2022-02-23 00:00:00
H0101020199;SUTURE RIASSORBIBILI NATURALI RITORTE - ALTRE;S;;2008-06-30 00:00:00;2022-02-23 00:00:00
H01010299;SUTURE RIASSORBIBILI NATURALI - ALTRE;S;;2008-06-30 00:00:00;2022-02-23 00:00:00
H0102;SUTURE NON RIASSORBIBILI;N;;2007-02-20 00:00:00;
H010201;SUTURE NON RIASSORBIBILI SINTETICHE;N;;2007-02-20 00:00:00;
H01020101;SUTURE NON RIASSORBIBILI SINTETICHE MONOFILAMENTO;N;;2007-02-20 00:00:00;
H0102010101;POLIAMMIDE MONOFILAMENTO;N;;2007-02-20 00:00:00;
H010201010101;POLIAMMIDE MONOFILAMENTO MONTATO;S;;2007-02-20 00:00:00;
H010201010102;POLIAMMIDE MONOFILAMENTO NON MONTATO;S;;2007-02-20 00:00:00;2022-02-22 00:00:00
H010201010102;POLIAMMIDE MONOFILAMENTO LIBERO;S;;2022-02-23 00:00:00;
H010201010103;"POLIAMMIDE MONOFILAMENTO MONTATO PER TRAZIONE TESSUTALE (""BARBED"")";S;;2022-02-23 00:00:00;
H0102010102;POLIESTERE E DERIVATI (POLIBUTESTERE) MONOFILAMENTO;N;;2007-02-20 00:00:00;2022-02-22 00:00:00
H0102010102;POLIESTERE E DERIVATI MONOFILAMENTO;N;;2022-02-23 00:00:00;
H010201010201;POLIESTERE E DERIVATI MONOFILAMENTO MONTATI;S;;2007-02-20 00:00:00;
H010201010202;POLIESTERE E DERIVATI MONOFILAMENTO NON MONTATI;S;;2008-06-30 00:00:00;2022-02-22 00:00:00
H010201010202;POLIESTERE E DERIVATI MONOFILAMENTO LIBERO;S;;2022-02-23 00:00:00;
H010201010203;"POLIESTERE E DERIVATI MONOFILAMENTO MONTATI PER TRAZIONE TESSUTALE (""BARBED"")";S;;2022-02-23 00:00:00;
H0102010103;POLIETEREPOLIURETANICO;N;;2007-02-20 00:00:00;2022-02-22 00:00:00
H0102010103;POLIETEREPOLIURETANICO MONOFILAMENTO;N;;2022-02-23 00:00:00;
H010201010301;POLIETEREPOLIURETANICO MONTATO;S;;2007-02-20 00:00:00;2022-02-22 00:00:00
H010201010301;POLIETEREPOLIURETANICO MONOFILAMENTO MONTATO;S;;2022-02-23 00:00:00;
H010201010302;POLIETEREPOLIURETANICO NON MONTATO;S;;2008-06-30 00:00:00;2022-02-22 00:00:00
H010201010302;POLIETEREPOLIURETANICO MONOFILAMENTO LIBERO;S;;2022-02-23 00:00:00;
H0102010104;POLIPROPILENE;N;;2007-02-20 00:00:00;2022-02-22 00:00:00
H0102010104;POLIPROPILENE MONOFILAMENTO;N;;2022-02-23 00:00:00;
H010201010401;POLIPROPILENE MONTATO;S;;2007-02-20 00:00:00;2008-06-29 00:00:00
H010201010401;POLIPROPILENE MONTATO PER CHIRURGIA APERTA;S;;2008-06-30 00:00:00;2022-02-22 00:00:00
H010201010401;POLIPROPILENE MONOFILAMENTO MONTATO PER CHIRURGIA APERTA;S;;2022-02-23 00:00:00;
H010201010402;POLIPROPILENE MONTATO PER VIDEOCHIRURGIA;S;;2007-02-20 00:00:00;2022-02-22 00:00:00
H010201010402;POLIPROPILENE MONOFILAMENTO MONTATO PER VIDEOCHIRURGIA;S;;2022-02-23 00:00:00;
H010201010403;POLIPROPILENE NON MONTATO;S;;2008-06-30 00:00:00;2022-02-22 00:00:00
H010201010403;POLIPROPILENE MONOFILAMENTO LIBERO;S;;2022-02-23 00:00:00;
H010201010404;"POLIPROPILENE MONOFILAMENTO MONTATO PER TRAZIONE TESSUTALE (""BARBED"")";S;;2022-02-23 00:00:00;
H0102010105;POLITETRAFLUORURO DI ETILENE (PTFE);N;;2007-02-20 00:00:00;2022-02-22 00:00:00
H0102010105;POLITETRAFLUORURO DI ETILENE (PTFE) MONOFILAMENTO;N;;2022-02-23 00:00:00;
H010201010501;POLITETRAFLUORURO DI ETILENE MONTATO;S;;2007-02-20 00:00:00;2022-02-22 00:00:00
H010201010501;POLITETRAFLUORURO DI ETILENE (PTFE) MONOFILAMENTO MONTATO;S;;2022-02-23 00:00:00;
H010201010502;POLITETRAFLUORURO DI ETILENE NON MONTATO;S;;2007-02-20 00:00:00;2022-02-22 00:00:00
H010201010502;POLITETRAFLUORURO DI ETILENE (PTFE) MONOFILAMENTO LIBERO;S;;2022-02-23 00:00:00;
H0102010106;POLIVINILIDENFLUORURO E DERIVATI;N;;2007-02-20 00:00:00;2022-02-22 00:00:00
H0102010106;POLIVINILIDENFLUORURO E DERIVATI MONOFILAMENTO;N;;2022-02-23 00:00:00;
H010201010601;POLIVINILIDENFLUORURO E DERIVATI MONTATI;S;;2007-02-20 00:00:00;2022-02-22 00:00:00
H010201010601;POLIVINILIDENFLUORURO E DERIVATI MONOFILAMENTO MONTATO;S;;2022-02-23 00:00:00;
H010201010602;POLIVINILIDENFLUORURO E DERIVATI NON MONTATI;S;;2008-06-30 00:00:00;2022-02-22 00:00:00
H010201010602;POLIVINILIDENFLUORURO E DERIVATI MONOFILAMENTO LIBERO;S;;2022-02-23 00:00:00;
H0102010199;SUTURE NON RIASSORBIBILI SINTETICHE MONOFILAMENTO - ALTRE;S;;2007-02-20 00:00:00;
H01020102;SUTURE NON RIASSORBIBILI SINTETICHE PLURIFILAMENTO;N;;2007-02-20 00:00:00;
H0102010201;POLIAMMIDE PLURIFILAMENTO;N;;2007-02-20 00:00:00;
H010201020101;POLIAMMIDE PLURIFILAMENTO MONTATO;S;;2007-02-20 00:00:00;
H010201020102;POLIAMMIDE PLURIFILAMENTO NON MONTATO;S;;2007-02-20 00:00:00;2022-02-22 00:00:00
H010201020102;POLIAMMIDE PLURIFILAMENTO LIBERO;S;;2022-02-23 00:00:00;
H0102010202;POLIESTERE PLURIFILAMENTO;N;;2007-02-20 00:00:00;
H010201020201;POLIESTERE PLURIFILAMENTO MONTATO;S;;2007-02-20 00:00:00;2008-06-29 00:00:00
H010201020201;POLIESTERE PLURIFILAMENTO MONTATO PER CHIRURGIA APERTA;S;;2008-06-30 00:00:00;
H010201020202;POLIESTERE PLURIFILAMENTO MONTATO PER VIDEOCHIRURGIA;S;;2007-02-20 00:00:00;
H010201020203;POLIESTERE PLURIFILAMENTO NON MONTATO;S;;2007-02-20 00:00:00;2022-02-22 00:00:00
H010201020203;POLIESTERE PLURIFILAMENTO LIBERO;S;;2022-02-23 00:00:00;
H0102010299;SUTURE NON RIASSORBIBILI SINTETICHE PLURIFILAMENTO - ALTRE;S;;2007-02-20 00:00:00;
H010202;SUTURE NON RIASSORBIBILI NATURALI ;N;;2007-02-20 00:00:00;2008-06-29 00:00:00
H010202;SUTURE NON RIASSORBIBILI NON SINTETICHE;N;;2008-06-30 00:00:00;
H01020201;SUTURE NON RIASSORBIBILI NATURALI MONOFILAMENTO;N;;2007-02-20 00:00:00;2008-06-29 00:00:00
H01020201;SUTURE NON RIASSORBIBILI NON SINTETICHE MONOFILAMENTO;N;;2008-06-30 00:00:00;
H0102020101;ACCIAIO MONOFILAMENTO;N;;2007-02-20 00:00:00;
H010202010101;ACCIAIO MONOFILAMENTO MONTATO;S;;2007-02-20 00:00:00;
H010202010102;ACCIAIO MONOFILAMENTO NON MONTATO;S;;2007-02-20 00:00:00;2022-02-22 00:00:00
H010202010102;ACCIAIO MONOFILAMENTO LIBERO;S;;2022-02-23 00:00:00;
H0102020102;ARGENTO MONOFILAMENTO;N;;2008-06-30 00:00:00;
H010202010201;ARGENTO MONOFILAMENTO MONTATO;S;;2008-06-30 00:00:00;
H010202010202;ARGENTO MONOFILAMENTO NON MONTATO;S;;2008-06-30 00:00:00;2022-02-22 00:00:00
H010202010202;ARGENTO MONOFILAMENTO LIBERO;S;;2022-02-23 00:00:00;
H0102020103;TITANIO MONOFILAMENTO;N;;2022-02-23 00:00:00;
H010202010301;TITANIO MONOFILAMENTO MONTATO;S;;2022-02-23 00:00:00;
H010202010302;TITANIO MONOFILAMENTO LIBERO;S;;2022-02-23 00:00:00;
H0102020199;SUTURE NON RIASSORBIBILI NATURALI MONOFILAMENTO - ALTRE;S;;2007-02-20 00:00:00;2008-06-29 00:00:00
H0102020199;SUTURE NON RIASSORBIBILI NON SINTETICHE MONOFILAMENTO - ALTRE;S;;2008-06-30 00:00:00;
H01020202;SUTURE NON RIASSORBIBILI NATURALI PLURIFILAMENTO;N;;2007-02-20 00:00:00;2008-06-29 00:00:00
H01020202;SUTURE NON RIASSORBIBILI NON SINTETICHE PLURIFILAMENTO;N;;2008-06-30 00:00:00;
H0102020201;ACCIAIO PLURIFILAMENTO;N;;2007-02-20 00:00:00;
H010202020101;ACCIAIO PLURIFILAMENTO MONTATO;S;;2007-02-20 00:00:00;
H010202020102;ACCIAIO PLURIFILAMENTO NON MONTATO;S;;2007-02-20 00:00:00;2022-02-22 00:00:00
H010202020102;ACCIAIO PLURIFILAMENTO LIBERO;S;;2022-02-23 00:00:00;
H0102020202;LINO;N;;2007-02-20 00:00:00;
H010202020201;LINO MONTATO;S;;2007-02-20 00:00:00;
H010202020202;LINO NON MONTATO;S;;2007-02-20 00:00:00;2022-02-22 00:00:00
H010202020202;LINO LIBERO;S;;2022-02-23 00:00:00;
H0102020203;SETA;N;;2007-02-20 00:00:00;
H010202020301;SETA MONTATA;S;;2007-02-20 00:00:00;
H010202020302;SETA NON MONTATA;S;;2007-02-20 00:00:00;2022-02-22 00:00:00
H010202020302;SETA LIBERA;S;;2022-02-23 00:00:00;
H0102020204;TITANIO PLURIFILAMENTO;N;;2022-02-23 00:00:00;
H010202020401;TITANIO PLURIFILAMENTO MONTATO;S;;2022-02-23 00:00:00;
H010202020402;TITANIO PLURIFILAMENTO LIBERO;S;;2022-02-23 00:00:00;
H0102020299;SUTURE NON RIASSORBIBILI NATURALI PLURIFILAMENTO - ALTRE;S;;2007-02-20 00:00:00;2008-06-29 00:00:00
H0102020299;SUTURE NON RIASSORBIBILI NON SINTETICHE PLURIFILAMENTO - ALTRE;S;;2008-06-30 00:00:00;
H0199;SUTURE CHIRURGICHE - ALTRE;S;;2007-02-20 00:00:00;
H02;SUTURATRICI MECCANICHE;N;;2007-02-20 00:00:00;
H0201;SUTURATRICI CUTANEE;N;;2007-02-20 00:00:00;
H020101;SUTURATRICI MECCANICHE CUTANEE;N;;2007-02-20 00:00:00;
H02010101;SUTURATRICI CUTANEE MONOUSO;S;;2007-02-20 00:00:00;
H02010102;SUTURATRICI CUTANEE MONOPAZIENTE;S;;2007-02-20 00:00:00;
H02010103;SUTURATRICI CUTANEE PLURIUSO (IN ACCIAIO);S;;2007-02-20 00:00:00;2022-02-22 00:00:00
H02010103;SUTURATRICI CUTANEE RIUTILIZZABILI (IN ACCIAIO);S;;2022-02-23 00:00:00;
H02010104;CARICATORI MONOUSO PER SUTURATRICI MONOPAZIENTE;S;;2007-02-20 00:00:00;
H02010105;CARICATORI MONOUSO PER SUTURATRICI PLURIUSO;S;;2007-02-20 00:00:00;2022-02-22 00:00:00
H02010105;CARICATORI MONOUSO PER SUTURATRICI RIUTILIZZABILI;S;;2022-02-23 00:00:00;
H02010106;ESTRATTORI DI PUNTI METALLICI MONOUSO;S;;2007-02-20 00:00:00;
H02010199;SUTURATRICI MECCANICHE CUTANEE - ALTRE;S;;2008-06-30 00:00:00;
H020102;AGRAPHES;N;;2007-02-20 00:00:00;
H02010201;AGRAPHES CUTANEE;S;;2007-02-20 00:00:00;
H02010202;AGRAPHES STERNALI;S;;2007-02-20 00:00:00;
H02010299;AGRAPHES - ALTRE;S;;2008-06-30 00:00:00;
H020180;SUTURATRICI CUTANEE - ACCESSORI;S;;2007-02-20 00:00:00;
H020199;SUTURATRICI CUTANEE - ALTRE;S;;2008-06-30 00:00:00;
H0202;SUTURATRICI PER CHIRURGIA APERTA;N;;2007-02-20 00:00:00;
H020201;SUTURATRICI LINEARI PER CHIRURGIA APERTA;N;;2007-02-20 00:00:00;
H02020101;SUTURATRICI LINEARI RETTE PER CHIRURGIA APERTA;N;;2007-02-20 00:00:00;
H0202010101;SUTURATRICI LINEARI RETTE MONOPAZIENTE PER CHIRURGIA APERTA;N;;2007-02-20 00:00:00;
H020201010101;SUTURATRICI LINEARI RETTE MONOPAZIENTE CON LAMA PER CHIRURGIA APERTA;S;;2007-02-20 00:00:00;
H020201010102;SUTURATRICI LINEARI RETTE MONOPAZIENTE SENZA LAMA PER CHIRURGIA APERTA;S;;2007-02-20 00:00:00;
H0202010102;SUTURATRICI LINEARI RETTE PLURIUSO (IN ACCIAIO) PER CHIRURGIA APERTA;N;;2007-02-20 00:00:00;2022-02-22 00:00:00
H0202010102;SUTURATRICI LINEARI RETTE RIUTILIZZABILI (IN ACCIAIO) PER CHIRURGIA APERTA;N;;2022-02-23 00:00:00;
H020201010201;SUTURATRICI LINEARI RETTE PLURIUSO CON LAMA PER CHIRURGIA APERTA;S;;2007-02-20 00:00:00;2022-02-22 00:00:00
H020201010201;SUTURATRICI LINEARI RETTE RIUTILIZZABILI CON LAMA PER CHIRURGIA APERTA;S;;2022-02-23 00:00:00;
H020201010202;SUTURATRICI LINEARI RETTE PLURIUSO SENZA LAMA PER CHIRURGIA APERTA;S;;2007-02-20 00:00:00;2022-02-22 00:00:00
H020201010202;SUTURATRICI LINEARI RETTE RIUTILIZZABILI SENZA LAMA PER CHIRURGIA APERTA;S;;2022-02-23 00:00:00;
H0202010199;SUTURATRICI LINEARI RETTE PER CHIRURGIA APERTA - ALTRE;S;;2008-06-30 00:00:00;
H02020102;SUTURATRICI LINEARI ARTICOLATE PER CHIRURGIA APERTA;N;;2007-02-20 00:00:00;
H0202010201;SUTURATRICI LINEARI ARTICOLATE MONOUSO PER CHIRURGIA APERTA;N;;2007-02-20 00:00:00;
H020201020101;SUTURATRICI LINEARI ARTICOLATE MONOUSO SENZA LAMA PER CHIRURGIA APERTA;S;;2007-02-20 00:00:00;
H020201020102;SUTURATRICI LINEARI ARTICOLATE MONOUSO CON LAMA PER CHIRURGIA APERTA;S;;2008-06-30 00:00:00;
H0202010202;SUTURATRICI LINEARI ARTICOLATE MONOPAZIENTE PER CHIRURGIA APERTA;N;;2007-02-20 00:00:00;
H020201020201;SUTURATRICI LINEARI ARTICOLATE MONOPAZIENTE CON LAMA PER CHIRURGIA APERTA;S;;2007-02-20 00:00:00;
H020201020202;SUTURATRICI LINEARI ARTICOLATE MONOPAZIENTE SENZA LAMA PER CHIRURGIA APERTA;S;;2008-06-30 00:00:00;
H0202010299;SUTURATRICI LINEARI ARTICOLATE PER CHIRURGIA APERTA - ALTRE;S;;2022-02-23 00:00:00;
H02020103;CARICATORI PER SUTURATRICI LINEARI MONOPAZIENTE PER CHIRURGIA APERTA;N;;2007-02-20 00:00:00;
H0202010301;CARICATORI PER SUTURATRICI LINEARI CON LAMA PER CHIRURGIA APERTA;S;;2007-02-20 00:00:00;2022-02-22 00:00:00
H0202010301;CARICATORI PER SUTURATRICI LINEARI MONOPAZIENTE CON LAMA PER CHIRURGIA APERTA;S;;2022-02-23 00:00:00;
H0202010302;CARICATORI PER SUTURATRICI LINEARI SENZA LAMA PER CHIRURGIA APERTA;S;;2007-02-20 00:00:00;2022-02-22 00:00:00
H0202010302;CARICATORI PER SUTURATRICI LINEARI MONOPAZIENTE SENZA LAMA PER CHIRURGIA APERTA;S;;2022-02-23 00:00:00;
H0202010399;CARICATORI PER SUTURATRICI LINEARI MONOPAZIENTE PER CHIRURGIA APERTA - ALTRI;S;;2022-02-23 00:00:00;
H02020104;CARICATORI PER SUTURATRICI PLURIUSO LINEARI PER CHIRURGIA APERTA;N;;2007-02-20 00:00:00;2022-02-22 00:00:00
H02020104;CARICATORI PER SUTURATRICI LINEARI RIUTILIZZABILI PER CHIRURGIA APERTA;N;;2022-02-23 00:00:00;
H0202010401;CARICATORI PER SUTURATRICI PLURIUSO LINEARI CON LAMA PER CHIRURGIA APERTA;S;;2007-02-20 00:00:00;2022-02-22 00:00:00
H0202010401;CARICATORI PER SUTURATRICI LINEARI RIUTILIZZABILI CON LAMA PER CHIRURGIA APERTA;S;;2022-02-23 00:00:00;
H0202010402;CARICATORI PER SUTURATRICI PLURIUSO LINEARI SENZA LAMA PER CHIRURGIA APERTA;S;;2007-02-20 00:00:00;2022-02-22 00:00:00
H0202010402;CARICATORI PER SUTURATRICI LINEARI RIUTILIZZABILI SENZA LAMA PER CHIRURGIA APERTA;S;;2022-02-23 00:00:00;
H0202010499;CARICATORI PER SUTURATRICI LINEARI RIUTILIZZABILI PER CHIRURGIA APERTA - ALTRI;S;;2022-02-23 00:00:00;
H02020199;SUTURATRICI LINEARI PER CHIRURGIA APERTA - ALTRE;S;;2008-06-30 00:00:00;
H020202;SUTURATRICI CIRCOLARI PER CHIRURGIA APERTA;N;;2007-02-20 00:00:00;
H02020201;SUTURATRICI CIRCOLARI RETTE PER CHIRURGIA APERTA;N;;2007-02-20 00:00:00;
H0202020101;SUTURATRICI CIRCOLARI RETTE MONOUSO PER CHIRURGIA APERTA;S;;2007-02-20 00:00:00;
H0202020102;SUTURATRICI CIRCOLARI RETTE PLURIUSO PER CHIRURGIA APERTA;S;;2007-02-20 00:00:00;2022-02-22 00:00:00
H0202020102;SUTURATRICI CIRCOLARI RETTE RIUTILIZZABILI PER CHIRURGIA APERTA;S;;2022-02-23 00:00:00;
H02020202;SUTURATRICI CIRCOLARI CURVE PER CHIRURGIA APERTA;N;;2007-02-20 00:00:00;
H0202020201;SUTURATRICI CIRCOLARI CURVE MONOUSO PER CHIRURGIA APERTA;S;;2007-02-20 00:00:00;
H0202020202;SUTURATRICI CIRCOLARI CURVE PLURIUSO PER CHIRURGIA APERTA;S;;2008-06-30 00:00:00;2022-02-22 00:00:00
H0202020202;SUTURATRICI CIRCOLARI CURVE RIUTILIZZABILI PER CHIRURGIA APERTA;S;;2022-02-23 00:00:00;
H02020203;SUTURATRICI PER BORSA DI TABACCO;S;;2007-02-20 00:00:00;
H02020204;CARICATORI PER SUTURATRICI PLURIUSO CIRCOLARI PER CHIRURGIA APERTA;S;;2007-02-20 00:00:00;2022-02-22 00:00:00
H02020204;CARICATORI PER SUTURATRICI CIRCOLARI RIUTILIZZABILI PER CHIRURGIA APERTA;S;;2022-02-23 00:00:00;
H02020299;SUTURATRICI CIRCOLARI PER CHIRURGIA APERTA - ALTRE;S;;2008-06-30 00:00:00;
H020203;SUTURATRICI SEMICIRCOLARI PER CHIRURGIA APERTA;N;;2016-11-15 00:00:00;
H02020301;SUTURATRICI SEMICIRCOLARI RETTE MONOPAZIENTE CON LAMA PER CHIRURGIA APERTA;S;;2016-11-15 00:00:00;
H02020302;CARICATORI PER SUTURATRICI SEMICIRCOLARI RETTE MONOPAZIENTE CON LAMA PER CHIRURGIA APERTA;S;;2016-11-15 00:00:00;
H02020399;SUTURATRICI SEMICIRCOLARI PER CHIRURGIA APERTA - ALTRE;S;;2022-02-23 00:00:00;
H020280;SUTURATRICI PER CHIRURGIA APERTA - ACCESSORI;S;;2007-02-20 00:00:00;
H020299;SUTURATRICI PER CHIRURGIA APERTA - ALTRE;S;;2008-06-30 00:00:00;
H0203;SUTURATRICI PER VIDEOCHIRURGIA;N;;2007-02-20 00:00:00;
H020301;SUTURATRICI LINEARI PER VIDEOCHIRURGIA;N;;2007-02-20 00:00:00;
H02030104;SUTURATRICI LINEARI RETTE MONOPAZIENTE PER VIDEOCHIRURGIA;N;;2007-02-20 00:00:00;
H0203010401;SUTURATRICI LINEARI RETTE MONOPAZIENTE CON LAMA PER VIDEOCHIRURGIA;N;;2007-02-20 00:00:00;
H020301040101;SUTURATRICI LINEARI RETTE MONOPAZIENTE CON LAMA PER TORACOSCOPIA;S;;2007-02-20 00:00:00;
H020301040102;SUTURATRICI LINEARI RETTE MONOPAZIENTE CON LAMA PER LAPAROSCOPIA;S;;2007-02-20 00:00:00;
H020301040199;SUTURATRICI LINEARI RETTE MONOPAZIENTE CON LAMA PER VIDEOCHIRURGIA - ALTRE;S;;2022-02-23 00:00:00;
H0203010402;SUTURATRICI LINEARI RETTE MONOPAZIENTE SENZA LAMA PER VIDEOCHIRURGIA;N;;2007-02-20 00:00:00;
H020301040201;SUTURATRICI LINEARI RETTE MONOPAZIENTE SENZA LAMA PER TORACOSCOPIA;S;;2007-02-20 00:00:00;
H020301040202;SUTURATRICI LINEARI RETTE MONOPAZIENTE SENZA LAMA PER LAPAROSCOPIA;S;;2007-02-20 00:00:00;
H020301040299;SUTURATRICI LINEARI RETTE MONOPAZIENTE SENZA LAMA PER VIDEOCHIRURGIA - ALTRE;S;;2022-02-23 00:00:00;
H0203010499;SUTURATRICI LINEARI RETTE MONOPAZIENTE PER VIDEOCHIRURGIA - ALTRE;S;;2022-02-23 00:00:00;
H02030105;SUTURATRICI LINEARI ARTICOLATE MONOPAZIENTE PER VIDEOCHIRURGIA;N;;2007-02-20 00:00:00;
H0203010501;SUTURATRICI LINEARI ARTICOLATE MONOPAZIENTE CON LAMA PER VIDEOCHIRURGIA;N;;2007-02-20 00:00:00;
H020301050101;SUTURATRICI LINEARI ARTICOLATE MONOPAZIENTE CON LAMA PER TORACOSCOPIA;S;;2007-02-20 00:00:00;
H020301050102;SUTURATRICI LINEARI ARTICOLATE MONOPAZIENTE CON LAMA PER LAPAROSCOPIA;S;;2007-02-20 00:00:00;
H020301050199;SUTURATRICI LINEARI ARTICOLATE MONOPAZIENTE CON LAMA PER VIDEOCHIRURGIA - ALTRE;S;;2022-02-23 00:00:00;
H0203010502;SUTURATRICI LINEARI ARTICOLATE MONOPAZIENTE SENZA LAMA PER VIDEOCHIRURGIA;N;;2007-02-20 00:00:00;
H020301050201;SUTURATRICI LINEARI ARTICOLATE MONOPAZIENTE SENZA LAMA PER TORACOSCOPIA;S;;2007-02-20 00:00:00;
H020301050202;SUTURATRICI LINEARI ARTICOLATE MONOPAZIENTE SENZA LAMA PER LAPAROSCOPIA;S;;2007-02-20 00:00:00;
H020301050299;SUTURATRICI LINEARI ARTICOLATE MONOPAZIENTE SENZA LAMA PER VIDEOCHIRURGIA - ALTRE;S;;2022-02-23 00:00:00;
H02030106;CARICATORI PER SUTURATRICI LINEARI PER VIDEOCHIRURGIA;S;;2007-02-20 00:00:00;
H02030199;SUTURATRICI LINEARI PER VIDEOCHIRURGIA - ALTRE;S;;2007-02-20 00:00:00;
H020302;SUTURATRICI CIRCOLARI PER VIDEOCHIRURGIA;N;;2007-02-20 00:00:00;
H02030201;SUTURATRICI CIRCOLARI CURVE PER VIDEOCHIRURGIA;N;;2007-02-20 00:00:00;
H0203020101;SUTURATRICI CIRCOLARI CURVE MONOUSO PER VIDEOCHIRURGIA;S;;2007-02-20 00:00:00;
H0203020199;SUTURATRICI CIRCOLARI CURVE PER VIDEOCHIRURGIA - ALTRE;S;;2022-02-23 00:00:00;
H02030299;SUTURATRICI CIRCOLARI PER VIDEOCHIRURGIA - ALTRE;S;;2007-02-20 00:00:00;
H020303;APPLICATORI DI AGRAPHES;S;;2007-02-20 00:00:00;
H020380;SUTURATRICI PER VIDEOCHIRURGIA - ACCESSORI;S;;2007-02-20 00:00:00;
H020399;SUTURATRICI PER VIDEOCHIRURGIA - ALTRE;S;;2008-06-30 00:00:00;
H0204;SUTURATRICI RETTALI TRANSANALI;N;;2022-02-23 00:00:00;
H020401;SUTURATRICI RETTALI TRANSANALI MONOPAZIENTE;S;;2022-02-23 00:00:00;
H020402;SUTURATRICI RETTALI TRANSANALI RIUTILIZZABILE;S;;2022-02-23 00:00:00;
H020403;CARICATORI PER SUTURATRICI RETTALI TRANSANALI;S;;2022-02-23 00:00:00;
H0299;SUTURATRICI MECCANICHE - ALTRE;S;;2007-02-20 00:00:00;
H03;CLIPS PER EMOSTASI;N;;2007-02-20 00:00:00;
H0301;CLIPS PER EMOSTASI PER CHIRURGIA APERTA;N;;2007-02-20 00:00:00;
H030101;APPLICATORI MULTIPLI DI CLIPS PER CHIRURGIA APERTA;N;;2007-02-20 00:00:00;
H03010101;APPLICATORI MULTIPLI DI CLIPS MONOUSO PER CHIRURGIA APERTA;S;;2007-02-20 00:00:00;
H03010102;APPLICATORI MULTIPLI DI CLIPS MONOPAZIENTE PER CHIRURGIA APERTA;S;;2007-02-20 00:00:00;
H03010103;APPLICATORI MULTIPLI DI CLIPS PLURIUSO PER CHIRURGIA APERTA;S;;2007-02-20 00:00:00;2022-02-23 00:00:00
H03010104;CARICATORI PER APPLICATORI DI CLIPS MONOPAZIENTE PER CHIRURGIA APERTA;S;;2007-02-20 00:00:00;
H03010105;CARICATORI PER APPLICATORI DI CLIPS PLURIUSO PER CHIRURGIA APERTA;S;;2007-02-20 00:00:00;2022-02-22 00:00:00
H03010105;CARICATORI PER APPLICATORI DI CLIPS RIUTILIZZABILI PER CHIRURGIA APERTA;S;;2022-02-23 00:00:00;
H03010199;APPLICATORI MULTIPLI DI CLIPS PER CHIRURGIA APERTA - ALTRI;S;;2008-06-30 00:00:00;
H030102;CLIPS SINGOLE PER CHIRURGIA APERTA;N;;2007-02-20 00:00:00;
H03010201;CLIPS SINGOLE NON RIASSORBIBILI PER CHIRURGIA APERTA;S;;2007-02-20 00:00:00;
H03010202;CLIPS SINGOLE RIASSORBIBILI PER CHIRURGIA APERTA;S;;2007-02-20 00:00:00;
H030199;CLIPS PER EMOSTASI PER CHIRURGIA APERTA - ALTRE;S;;2008-06-30 00:00:00;
H0302;CLIPS PER EMOSTASI PER VIDEOCHIRURGIA;N;;2007-02-20 00:00:00;
H030201;APPLICATORI MULTIPLI DI CLIPS PER VIDEOCHIRURGIA;N;;2007-02-20 00:00:00;
H03020101;APPLICATORI MULTIPLI DI CLIPS MONOUSO PER VIDEOCHIRURGIA;S;;2007-02-20 00:00:00;
H03020102;APPLICATORI MULTIPLI DI CLIPS PLURIUSO PER VIDEOCHIRURGIA;S;;2007-02-20 00:00:00;2022-02-23 00:00:00
H03020103;CARICATORI PER APPLICATORI DI CLIPS PLURIUSO PER VIDEOCHIRURGIA;S;;2007-02-20 00:00:00;2022-02-22 00:00:00
H03020103;CARICATORI PER APPLICATORI DI CLIPS RIUTILIZZABILI PER VIDEOCHIRURGIA;S;;2022-02-23 00:00:00;
H03020199;APPLICATORI MULTIPLI DI CLIPS PER VIDEOCHIRURGIA - ALTRI;S;;2008-06-30 00:00:00;
H030299;CLIPS PER EMOSTASI PER VIDEOCHIRURGIA - ALTRE;S;;2008-06-30 00:00:00;
H0303;CLIPS SINGOLE PER EMOSTASI PER CHIRURGIA APERTA E VIDEOCHIRURGIA;N;;2022-02-23 00:00:00;
H030301;CLIPS SINGOLE PER EMOSTASI PER CHIRURGIA APERTA E VIDEOCHIRURGIA;N;;2022-02-23 00:00:00;
H03030101;CLIPS SINGOLE NON RIASSORBIBILI PER EMOSTASI PER CHIRURGIA APERTA E VIDEOCHIRURGIA;S;;2022-02-23 00:00:00;
H03030102;CLIPS SINGOLE RIASSORBIBILI PER EMOSTASI PER CHIRURGIA APERTA E VIDEOCHIRURGIA;S;;2022-02-23 00:00:00;
H0380;CLIPS PER EMOSTASI - ACCESSORI;N;;2022-02-23 00:00:00;
H038001;DISPOSITIVI MONOUSO PER RIMOZIONE DI CLIPS PER EMOSTASI;N;;2022-02-23 00:00:00;
H03800101;DISPOSITIVI MONOUSO PER RIMOZIONE DI CLIPS PER CHIRURGIA APERTA;S;;2022-02-23 00:00:00;
H03800102;DISPOSITIVI MONOUSO PER RIMOZIONE DI CLIPS PER VIDEOCHIRURGIA;S;;2022-02-23 00:00:00;
H038099;CLIPS PER EMOSTASI - ACCESSORI ALTRI;S;;2022-02-23 00:00:00;
H0399;CLIPS PER EMOSTASI - ALTRE;S;;2007-02-20 00:00:00;
H90;DISPOSITIVI DA SUTURA - VARI;N;;2007-02-20 00:00:00;
H9001;ADESIVI TISSUTALI;N;;2007-02-20 00:00:00;
H900101;COLLE;N;;2007-02-20 00:00:00;
H90010101;COLLE BIOLOGICHE;S;;2007-02-20 00:00:00;
H90010102;COLLE SINTETICHE;S;;2007-02-20 00:00:00;
H900102;CEROTTI PER SUTURA;S;;2007-02-20 00:00:00;
H900199;ADESIVI TISSUTALI - ALTRI;S;;2007-02-20 00:00:00;
H9002;NASTRI;N;;2007-02-20 00:00:00;
H900201;NASTRI PER SUTURA;N;;2007-02-20 00:00:00;
H90020101;NASTRI OMBELICALI;S;;2007-02-20 00:00:00;
H90020102;NASTRI PER CERCHIAGGIO;S;;2007-02-20 00:00:00;
H90020103;NASTRI PER TESSUTI PARENCHIMATOSI;S;;2007-02-20 00:00:00;2022-02-22 00:00:00
H90020103;NASTRI PER ALTRI TESSUTI E STRUTTURE ANATOMICHE;S;;2022-02-23 00:00:00;
H90020199;NASTRI PER SUTURA - ALTRI;S;;2007-02-20 00:00:00;
H900202;NASTRI PER REPERTAMENTO VASI;S;;2007-02-20 00:00:00;
H900203;NASTRI PER OCCLUSIONE VASI;S;;2007-02-20 00:00:00;
H900299;NASTRI - ALTRI;S;;2007-02-20 00:00:00;
H9003;DISPOSITIVI DI RINFORZO O SUPPORTO PER SUTURA;N;;2007-02-20 00:00:00;
H900301;BOTTONI E PONTICELLI;S;;2007-02-20 00:00:00;
H900302;FELTRI;S;;2007-02-20 00:00:00;
H900303;PLEDGET;S;;2007-02-20 00:00:00;
H900304;PLUG;S;;2007-02-20 00:00:00;
H900305;RINFORZI PER SUTURATRICI;S;;2007-02-20 00:00:00;
H900399;DISPOSITIVI DI RINFORZO O SUPPORTO PER SUTURA - ALTRI;S;;2007-02-20 00:00:00;
H9004;CERE;S;;2007-02-20 00:00:00;2022-02-23 00:00:00
H9005;CERNIERE;S;;2007-02-20 00:00:00;
H9006;TAPPI CRANICI;S;;2007-02-20 00:00:00;
H9007;ANCORE PER SUTURA DI TESSUTI MOLLI (escluse P09120102-ANCORETTE PER SINTESI TENDINEO-LEGAMENTOSA);S;;2022-02-23 00:00:00;
H9008;STRUMENTARIO MONOUSO PER SUTURE;N;;2022-02-23 00:00:00;
H900801;SPINGINODI MONOUSO;S;;2022-02-23 00:00:00;
H900802;PORTAGHI MONOUSO;S;;2022-02-23 00:00:00;
H900899;STRUMENTARIO MONOUSO PER SUTURE - ALTRO;S;;2022-02-23 00:00:00;
H9080;ACCESSORI PER SUTURA;S;;2022-02-23 00:00:00;
H9099;DISPOSITIVI DA SUTURA - ALTRI;S;;2007-02-20 00:00:00;
J;DISPOSITIVI IMPIANTABILI ATTIVI;N;;2007-02-20 00:00:00;
J01;DISPOSITIVI PER FUNZIONALITA' CARDIACA;N;;2007-02-20 00:00:00;2022-02-22 00:00:00
J01;DISPOSITIVI IMPIANTABILI PER FUNZIONALITA' CARDIACA;N;;2022-02-23 00:00:00;
J0101;PACE MAKER ;N;;2007-02-20 00:00:00;2022-02-22 00:00:00
J0101;PACE MAKER IMPIANTABILI;N;;2022-02-23 00:00:00;
J010101;PACE MAKER MONOCAMERALI ;N;;2007-02-20 00:00:00;2022-02-22 00:00:00
J010101;PACE MAKER IMPIANTABILI MONOCAMERALI;N;;2022-02-23 00:00:00;
J01010101;PACE MAKER MONOCAMERALI (SC);S;;2007-02-20 00:00:00;2022-02-22 00:00:00
J01010101;PACE MAKER IMPIANTABILI MONOCAMERALI (SC);S;;2022-02-23 00:00:00;
J01010102;PACE MAKER MONOCAMERALI CON SENSORE (SR);S;;2007-02-20 00:00:00;2022-02-22 00:00:00
J01010102;PACE MAKER IMPIANTABILI MONOCAMERALI CON SENSORE (SR);S;;2022-02-23 00:00:00;
J010102;PACE MAKER MONOCATETERE;N;;2007-02-20 00:00:00;2022-02-22 00:00:00
J010102;PACE MAKER IMPIANTABILI MONOCATETERE;N;;2022-02-23 00:00:00;
J01010201;PACE MAKER MONOCATETERE VDD;S;;2007-02-20 00:00:00;2022-02-22 00:00:00
J01010201;PACE MAKER IMPIANTABILI MONOCATETERE VDD;S;;2022-02-23 00:00:00;
J01010202;PACE MAKER MONOCATETERE VDDR CON SENSORE;S;;2007-02-20 00:00:00;2022-02-22 00:00:00
J01010202;PACE MAKER IMPIANTABILI MONOCATETERE VDDR CON SENSORE;S;;2022-02-23 00:00:00;
J010103;PACE MAKER BICAMERALI;N;;2007-02-20 00:00:00;2022-02-22 00:00:00
J010103;PACE MAKER IMPIANTABILI BICAMERALI;N;;2022-02-23 00:00:00;
J01010301;PACE MAKER BICAMERALI (DC);S;;2007-02-20 00:00:00;2022-02-22 00:00:00
J01010301;PACE MAKER IMPIANTABILI BICAMERALI (DC);S;;2022-02-23 00:00:00;
J01010302;PACE MAKER BICAMERALI CON SENSORE (DR);S;;2007-02-20 00:00:00;2022-02-22 00:00:00
J01010302;PACE MAKER IMPIANTABILI BICAMERALI CON SENSORE (DR);S;;2022-02-23 00:00:00;
J010104;PACE MAKER TRICAMERALI ;N;;2007-02-20 00:00:00;2022-02-22 00:00:00
J010104;PACE MAKER IMPIANTABILI TRICAMERALI;N;;2022-02-23 00:00:00;
J01010401;PACE MAKER TRICAMERALI PER RESINCRONIZZAZIONE CARDIACA (TR);S;;2007-02-20 00:00:00;2022-02-22 00:00:00
J01010401;PACE MAKER IMPIANTABILI TRICAMERALI PER RESINCRONIZZAZIONE CARDIACA (TR);S;;2022-02-23 00:00:00;
J010105;PACEMAKER IMPIANTABILI CON ELETTRODI INCORPORATI (LEADLESS);S;;2022-02-23 00:00:00;
J010180;PACE MAKER - ACCESSORI;S;;2007-02-20 00:00:00;2022-02-22 00:00:00
J010180;PACE MAKER IMPIANTABILI - ACCESSORI;S;;2022-02-23 00:00:00;
J010199;PACE MAKER - ALTRI;S;;2007-02-20 00:00:00;2022-02-22 00:00:00
J010199;PACE MAKER IMPIANTABILI - ALTRI;S;;2022-02-23 00:00:00;
J0102;DISPOSITIVI IMPIANTABILI DIAGNOSTICI PER FUNZIONALITA' CARDIACA;N;;2007-02-20 00:00:00;
J010201;DISPOSITIVI IMPIANTABILI DIAGNOSTICI PER LA REGISTRAZIONE DELLE ARITMIE;S;;2007-02-20 00:00:00;
J010280;DISPOSITIVI IMPIANTABILI DIAGNOSTICI PER FUNZIONALITA' CARDIACA - ACCESSORI;S;;2007-02-20 00:00:00;
J010299;DISPOSITIVI IMPIANTABILI DIAGNOSTICI PER FUNZIONALITA' CARDIACA - ALTRI;S;;2007-02-20 00:00:00;
J0103;SISTEMI DI ASSISTENZA VENTRICOLARE E KIT;N;;2007-02-20 00:00:00;2022-02-22 00:00:00
J0103;SISTEMI IMPIANTABILI DI ASSISTENZA VENTRICOLARE ;N;;2022-02-23 00:00:00;
J010301;SISTEMI DI ASSISTENZA VENTRICOLARE;S;;2007-02-20 00:00:00;2022-02-22 00:00:00
J010301;SISTEMI IMPIANTABILI DI ASSISTENZA MONOVENTRICOLARE E BIVENTRICOLARE;N;;2022-02-23 00:00:00;
J010301;SISTEMI DI ASSISTENZA VENTRICOLARE;N;;2022-02-23 00:00:00;2022-02-23 00:00:00
J01030101;SISTEMI IMPIANTABILI DI ASSISTENZA MONOVENTRICOLARE DESTRA (RVAD);S;;2022-02-23 00:00:00;
J01030102;SISTEMI IMPIANTABILI DI ASSISTENZA MONOVENTRICOLARE SINISTRA (LVAD);S;;2022-02-23 00:00:00;
J01030103;SISTEMI IMPIANTABILI DI ASSISTENZA BIVENTRICOLARE (BIVAD);S;;2022-02-23 00:00:00;
J010302;KIT PER ASSISTENZA VENTRICOLARE;N;;2007-02-20 00:00:00;2022-02-23 00:00:00
J01030201;KIT PER ASSISTENZA MONOVENTRICOLARE (con pompa centrifuga e assiale trans-valvolare aortica);S;;2007-02-20 00:00:00;2022-02-23 00:00:00
J01030202;KIT PER ASSISTENZA BIVENTRICOLARE;S;;2007-02-20 00:00:00;2022-02-23 00:00:00
J01030203;KIT PER ASSISTENZA CIRCOLATORIA PROLUNGATA;N;;2007-02-20 00:00:00;2022-02-23 00:00:00
J0103020301;KIT PER VENTRICOLO ARTIFICIALE PARACORPOREO;S;;2007-02-20 00:00:00;2022-02-23 00:00:00
J0103020399;KIT PER ASSISTENZA CIRCOLATORIA PROLUNGATA - ALTRI;S;;2008-06-30 00:00:00;2022-02-23 00:00:00
J01030299;KIT PER ASSISTENZA VENTRICOLARE - ALTRI;S;;2008-06-30 00:00:00;2022-02-23 00:00:00
J010380;SISTEMI DI ASSISTENZA VENTRICOLARE - ACCESSORI;S;;2007-02-20 00:00:00;2022-02-22 00:00:00
J010380;SISTEMI IMPIANTABILI DI ASSISTENZA VENTRICOLARE - ACCESSORI;S;;2022-02-23 00:00:00;
J010399;SISTEMI IMPIANTABILI DI ASSISTENZA VENTRICOLARE - ALTRI;S;;2022-02-23 00:00:00;
J0104;CUORE ARTIFICIALE E KIT;N;;2007-02-20 00:00:00;2022-02-22 00:00:00
J0104;CUORE ARTIFICIALE IMPIANTABILE E KIT;N;;2022-02-23 00:00:00;
J010401;CUORE ARTIFICIALE;S;;2007-02-20 00:00:00;2022-02-22 00:00:00
J010401;CUORE ARTIFICIALE IMPIANTABILE E KIT;S;;2022-02-23 00:00:00;
J010402;KIT PER CUORE ARTIFICIALE TOTALMENTE IMPIANTABILE;S;;2007-02-20 00:00:00;2022-02-23 00:00:00
J010480;CUORE ARTIFICIALE - ACCESSORI;S;;2007-02-20 00:00:00;2022-02-22 00:00:00
J010480;CUORE ARTIFICIALE IMPIANTABILE E KIT - ACCESSORI;S;;2022-02-23 00:00:00;
J010499;CUORE ARTIFICIALE  IMPIANTABILE E KIT - ALTRI;S;;2022-02-23 00:00:00;
J0105;DEFIBRILLATORI IMPIANTABILI;N;;2007-02-20 00:00:00;
J010501;DEFIBRILLATORI MONOCAMERALI;N;;2007-02-20 00:00:00;2022-02-22 00:00:00
J010501;DEFIBRILLATORI IMPIANTABILI MONOCAMERALI;N;;2022-02-23 00:00:00;
J01050101;DEFIBRILLATORI MONOCAMERALI CON SENSORE;S;;2007-02-20 00:00:00;2022-02-22 00:00:00
J01050101;DEFIBRILLATORI IMPIANTABILI MONOCAMERALI CON SENSORE;S;;2022-02-23 00:00:00;
J010502;DEFIBRILLATORI BICAMERALI;N;;2007-02-20 00:00:00;2022-02-22 00:00:00
J010502;DEFIBRILLATORI IMPIANTABILI BICAMERALI;N;;2022-02-23 00:00:00;
J01050201;DEFIBRILLATORI BICAMERALI CON SENSORE;S;;2007-02-20 00:00:00;2022-02-22 00:00:00
J01050201;DEFIBRILLATORI IMPIANTABILI BICAMERALI CON SENSORE;S;;2022-02-23 00:00:00;
J010503;DEFIBRILLATORI TRICAMERALI;N;;2007-02-20 00:00:00;2022-02-22 00:00:00
J010503;DEFIBRILLATORI IMPIANTABILI TRICAMERALI;N;;2022-02-23 00:00:00;
J01050301;DEFIBRILLATORI TRICAMERALI CON SENSORE;S;;2007-02-20 00:00:00;2022-02-22 00:00:00
J01050301;DEFIBRILLATORI IMPIANTABILI TRICAMERALI CON SENSORE;S;;2022-02-23 00:00:00;
J010504;DEFIBRILLATORI IMPIANTABILI SOTTOCUTANEI;S;;2022-02-23 00:00:00;
J010580;DEFIBRILLATORI IMPIANTABILI - ACCESSORI;S;;2007-02-20 00:00:00;
J010599;DEFIBRILLATORI IMPIANTABILI - ALTRI;S;;2007-02-20 00:00:00;
J0106;DISPOSITIVI IMPIANTABILI PER LA MODULAZIONE DELLA CONTRATTILITÃ  CARDIACA;S;;2022-02-23 00:00:00;
J0107;SISTEMI DI MONITORAGGIO REMOTO PER DISPOSITIVI IMPIANTABILI ATTIVI CARDIACI;N;;2022-02-23 00:00:00;
J010701;SISTEMI DI MONITORAGGIO REMOTO DELLA PRESSIONE ARTERIOSA POLMONARE (COMPRESI I SENSORI);S;;2022-02-23 00:00:00;
J010702;SISTEMI DI MONITORAGGIO REMOTO PER PACEMAKER E DEFIBRILLATORI IMPIANTABILI;S;;2022-02-23 00:00:00;
J010780;SISTEMI DI MONITORAGGIO REMOTO PER DISPOSITIVI IMPIANTABILI ATTIVI CARDIACI Â¿ ACCESSORI HARDWARE;S;;2022-02-23 00:00:00;
J010782;SISTEMI DI MONITORAGGIO REMOTO PER DISPOSITIVI IMPIANTABILI ATTIVI CARDIACI Â¿ ACCESSORI SOFTWARE;S;;2022-02-23 00:00:00;
J010792;SISTEMI DI MONITORAGGIO REMOTO PER DISPOSITIVI IMPIANTABILI ATTIVI CARDIACI Â¿ DISPOSITIVI MEDICI SOFTWARE;S;;2022-02-23 00:00:00;
J010799;SISTEMI DI MONITORAGGIO REMOTO PER DISPOSITIVI IMPIANTABILI ATTIVI CARDIACI - ALTRI;S;;2022-02-23 00:00:00;
J0190;DISPOSITIVI PER FUNZIONALITA' CARDIACA - VARI;N;;2007-02-20 00:00:00;
J019001;ELETTROCATETERI PERMANENTI;N;;2007-02-20 00:00:00;
J01900101;ELETTROCATETERI PERMANENTI PER PACE MAKER (INCLUSI A RILASCIO DI STEROIDE);N;;2007-02-20 00:00:00;
J0190010101;ELETTROCATETERI ENDOCARDICI UNIPOLARI ATRIALI E VENTRICOLARI;N;;2007-02-20 00:00:00;
J019001010101;ELETTROCATETERI ATRIALI CON FISSAGGIO PASSIVO;S;;2007-02-20 00:00:00;
J019001010102;ELETTROCATETERI VENTRICOLARI CON FISSAGGIO PASSIVO;S;;2007-02-20 00:00:00;
J0190010102;ELETTROCATETERI ENDOCARDICI BIPOLARI ATRIALI E VENTRICOLARI (A FISSAGGIO ATTIVO E PASSIVO);S;;2007-02-20 00:00:00;
J0190010103;ELETTROCATETERI PER VENTRICOLO SINISTRO CON SISTEMA DI CANNULAMENTO DEL SENO CORONARICO (P.M. TRICAMERALI);S;;2007-02-20 00:00:00;
J0190010104;ELETTROCATETERI ENDOCARDICI PER PACE MAKER MONOCATETERE;S;;2007-02-20 00:00:00;
J0190010105;ELETTROCATETERI EPICARDICI PER STIMOLAZIONE CARDIACA PERMANENTE;S;;2007-02-20 00:00:00;
J01900102;ELETTROCATETERI PERMANENTI PER DEFIBRILLATORI;N;;2007-02-20 00:00:00;2022-02-22 00:00:00
J01900102;ELETTROCATETERI PERMANENTI PER DEFIBRILLATORI (INCLUSI A RILASCIO DI STEROIDE);N;;2022-02-23 00:00:00;
J0190010201;ELETTROCATETERI PERMANENTI PER STIMOLAZIONE E DEFIBRILLAZIONE IN VENTRICOLO DESTRO (a fissaggio attivo e passivo);N;;2007-02-20 00:00:00;
J019001020101;ELETTROCATETERI PERMANENTI PER DEFIBRILLATORI A SINGOLA SPIRALE;S;;2007-02-20 00:00:00;
J019001020102;ELETTROCATETERI PERMANENTI PER DEFIBRILLATORI A DOPPIA SPIRALE;S;;2007-02-20 00:00:00;
J019001020103;ELETTROCATETERI PERMANENTI PER STIMOLAZIONE E DEFIBRILLAZIONE IN VENTRICOLO DESTRO;S;;2007-02-20 00:00:00;2008-06-30 00:00:00
J019001020199;ELETTROCATETERI PERMANENTI PER STIMOLAZIONE E DEFIBRILLAZIONE IN VENTRICOLO DESTRO - ALTRI;S;;2008-06-30 00:00:00;
J0190010202;ELETTROCATETERI PERMANENTI SOTTOCUTANEI PER DEFIBRILLATORI ;S;;2022-02-23 00:00:00;
J01900180;ELETTROCATETERI PERMANENTI - ACCESSORI;S;;2007-02-20 00:00:00;
J01900199;ELETTROCATETERI PERMANENTI - ALTRI;S;;2007-02-20 00:00:00;
J019002;PROGRAMMATORI PER DISPOSITIVI CARDIACI IMPIANTABILI;N;;2007-02-20 00:00:00;2008-06-29 00:00:00
J019002;PROGRAMMATORI E RELATIVI ACCESSORI PER DISPOSITIVI CARDIACI IMPIANTABILI;N;;2008-06-30 00:00:00;
J01900201;PROGRAMMATORI PER PACE MAKER;S;;2007-02-20 00:00:00;2008-06-30 00:00:00
J01900202;PROGRAMMATORI PER DEFIBRILLATORI IMPIANTABILI;S;;2007-02-20 00:00:00;2008-06-30 00:00:00
J01900203;PROGRAMMATORI PER DISPOSITIVI CARDIACI IMPIANTABILI;S;;2008-06-30 00:00:00;
J01900280;PROGRAMMATORI PER DISPOSITIVI CARDIACI IMPIANTABILI - COMPONENTI ACCESSORI HARDWARE;S;;2008-06-30 00:00:00;2022-02-22 00:00:00
J01900280;PROGRAMMATORI PER DISPOSITIVI CARDIACI IMPIANTABILI - ACCESSORI HARDWARE;S;;2022-02-23 00:00:00;
J01900282;PROGRAMMATORI PER DISPOSITIVI CARDIACI IMPIANTABILI - COMPONENTI ACCESSORI SOFTWARE;S;;2008-06-30 00:00:00;2022-02-22 00:00:00
J01900282;PROGRAMMATORI PER DISPOSITIVI CARDIACI IMPIANTABILI - ACCESSORI SOFTWARE;S;;2022-02-23 00:00:00;
J01900285;PROGRAMMATORI PER DISPOSITIVI CARDIACI IMPIANTABILI - MATERIALI SPECIFICI;S;;2008-06-30 00:00:00;
J01900292;PROGRAMMATORI PER DISPOSITIVI CARDIACI IMPIANTABILI -  DISPOSITIVI MEDICI SOFTWARE;S;;2022-02-23 00:00:00;
J019003;MAGNETI PER SISTEMI PER FUNZIONALITA' CARDIACA;S;;2007-02-20 00:00:00;
J019004;ADATTATORI PER SISTEMI PER FUNZIONALITA' CARDIACA;S;;2007-02-20 00:00:00;
J019005;SISTEMI PER RIMOZIONE DI ELETTROCATETERI CARDIACI;S;;2007-02-20 00:00:00;
J019099;DISPOSITIVI PER FUNZIONALITA' CARDIACA - ALTRI;S;;2007-02-20 00:00:00;
J02;NEUROSTIMOLATORI;N;;2007-02-20 00:00:00;2022-02-22 00:00:00
J02;NEUROSTIMOLATORI IMPIANTABILI;N;;2022-02-23 00:00:00;
J0201;NEUROSTIMOLATORI CEREBRALI;N;;2007-02-20 00:00:00;2022-02-22 00:00:00
J0201;NEUROSTIMOLATORI IMPIANTABILI CEREBRALI;N;;2022-02-23 00:00:00;
J020101;NEUROSTIMOLATORI PER LA TERAPIA DEL MORBO DI PARKINSON;S;;2007-02-20 00:00:00;2022-02-22 00:00:00
J020101;NEUROSTIMOLATORI PER LA TERAPIA DEL MORBO DI PARKINSON;N;;2022-02-23 00:00:00;2022-02-23 00:00:00
J020101;NEUROSTIMOLATORI IMPIANTABILI PER STIMOLAZIONE CEREBRALE PROFONDA (DBS);N;;2022-02-23 00:00:00;
J02010101;NEUROSTIMOLATORI IMPIANTABILI PER STIMOLAZIONE CEREBRALE PROFONDA (DBS) RICARICABILI;S;;2022-02-23 00:00:00;
J02010102;NEUROSTIMOLATORI IMPIANTABILI PER STIMOLAZIONE CEREBRALE PROFONDA (DBS) NON  RICARICABILI;S;;2022-02-23 00:00:00;
J020102;ELETTROCATETERI PER STIMOLAZIONE CEREBRALE PROFONDA (DBS);S;;2022-02-23 00:00:00;
J020180;NEUROSTIMOLATORI CEREBRALI - ACCESSORI;S;;2007-02-20 00:00:00;2022-02-22 00:00:00
J020180;NEUROSTIMOLATORI IMPIANTABILI CEREBRALI - ACCESSORI;S;;2022-02-23 00:00:00;
J020199;NEUROSTIMOLATORI CEREBRALI - ALTRI;S;;2007-02-20 00:00:00;2022-02-22 00:00:00
J020199;NEUROSTIMOLATORI IMPIANTABILI CEREBRALI - ALTRI;S;;2022-02-23 00:00:00;
J0202;NEUROSTIMOLATORI SPINALI;N;;2007-02-20 00:00:00;2022-02-22 00:00:00
J0202;NEUROSTIMOLATORI IMPIANTABILI SPINALI;N;;2022-02-23 00:00:00;
J020201;NEUROSTIMOLATORI SPINALI A RADIOFREQUENZA;S;;2007-02-20 00:00:00;2022-02-22 00:00:00
J020201;NEUROSTIMOLATORI IMPIANTABILI SPINALI A RADIOFREQUENZA;S;;2022-02-23 00:00:00;
J020202;NEUROSTIMOLATORI SPINALI TOTALMENTE IMPIANTABILI;S;;2007-02-20 00:00:00;2022-02-22 00:00:00
J020202;NEUROSTIMOLATORI SPINALI TOTALMENTE IMPIANTABILI;N;;2022-02-23 00:00:00;
J02020201;NEUROSTIMOLATORI SPINALI TOTALMENTE IMPIANTABILI RICARICABILI;S;;2022-02-23 00:00:00;
J02020202;NEUROSTIMOLATORI SPINALI TOTALMENTE IMPIANTABILI NON  RICARICABILI;S;;2022-02-23 00:00:00;
J020203;ELETTROCATETERI PER NEUROSTIMOLAZIONE SPINALE ;S;;2022-02-23 00:00:00;
J020280;NEUROSTIMOLATORI SPINALI - ACCESSORI;S;;2007-02-20 00:00:00;2022-02-22 00:00:00
J020280;NEUROSTIMOLATORI IMPIANTABILI SPINALI - ACCESSORI;S;;2022-02-23 00:00:00;
J020299;NEUROSTIMOLATORI SPINALI - ALTRI;S;;2007-02-20 00:00:00;2022-02-22 00:00:00
J020299;NEUROSTIMOLATORI IMPIANTABILI SPINALI - ALTRI;S;;2022-02-23 00:00:00;
J0203;NEUROSTIMOLATORI VAGALI;N;;2007-02-20 00:00:00;2022-02-22 00:00:00
J0203;NEUROSTIMOLATORI IMPIANTABILI VAGALI;N;;2022-02-23 00:00:00;
J020301;NEUROSTIMOLATORI PER LA TERAPIA NON CHIRURGICA DELL'EPILESSIA FARMACO-RESISTENTE;S;;2007-02-20 00:00:00;2022-02-22 00:00:00
J020301;NEUROSTIMOLATORI IMPIANTABILI PER LA TERAPIA NON CHIRURGICA DELL'EPILESSIA FARMACO-RESISTENTE;S;;2022-02-23 00:00:00;
J020302;ELETTROCATETERI PER NEUROSTIMOLAZIONE VAGALE;S;;2022-02-23 00:00:00;
J020380;NEUROSTIMOLATORI VAGALI - ACCESSORI;S;;2007-02-20 00:00:00;2022-02-22 00:00:00
J020380;NEUROSTIMOLATORI IMPIANTABILI VAGALI - ACCESSORI;S;;2022-02-23 00:00:00;
J020399;NEUROSTIMOLATORI VAGALI - ALTRI;S;;2007-02-20 00:00:00;2022-02-22 00:00:00
J020399;NEUROSTIMOLATORI IMPIANTABILI VAGALI - ALTRI;S;;2022-02-23 00:00:00;
J0204;NEUROMODULATORI DEL RACHIDE SACRALE;N;;2007-02-20 00:00:00;2008-06-29 00:00:00
J0204;NEUROSTIMOLATORI DEL RACHIDE SACRALE;N;;2008-06-30 00:00:00;2022-02-22 00:00:00
J0204;NEUROSTIMOLATORI IMPIANTABILI DEL RACHIDE SACRALE;N;;2022-02-23 00:00:00;
J020401;NEUROSTIMOLATORI PER L'INCONTINENZA VESCICALE;S;;2007-02-20 00:00:00;
J020402;NEUROSTIMOLATORI PER L'INCONTINENZA INTESTINALE;S;;2007-02-20 00:00:00;
J020403;ELETTROCATETERI PER NEUROSTIMOLAZIONE DEL RACHIDE SACRALE;S;;2022-02-23 00:00:00;
J020480;NEUROSTIMOLATORI DEL RACHIDE SACRALE - ACCESSORI;S;;2007-02-20 00:00:00;2022-02-22 00:00:00
J020480;NEUROSTIMOLATORI IMPIANTABILI DEL RACHIDE SACRALE -ACCESSORI;S;;2022-02-23 00:00:00;
J020499;NEUROSTIMOLATORI DEL RACHIDE SACRALE - ALTRI;S;;2007-02-20 00:00:00;2022-02-22 00:00:00
J020499;NEUROSTIMOLATORI IMPIANTABILI DEL RACHIDE SACRALE -ALTRI;S;;2022-02-23 00:00:00;
J0205;NEUROSTIMOLATORI PER IL RECUPERO MOTORIO;N;;2007-02-20 00:00:00;2022-02-23 00:00:00
J020501;NEUROSTIMOLATORI PER GLI ARTI SUPERIORI;S;;2007-02-20 00:00:00;2022-02-23 00:00:00
J020502;NEUROSTIMOLATORI PER GLI ARTI INFERIORI;S;;2007-02-20 00:00:00;2022-02-23 00:00:00
J020580;NEUROSTIMOLATORI PER IL RECUPERO MOTORIO - ACCESSORI;S;;2007-02-20 00:00:00;2022-02-23 00:00:00
J020599;NEUROSTIMOLATORI PER IL RECUPERO MOTORIO - ALTRI;S;;2007-02-20 00:00:00;2022-02-23 00:00:00
J0206;NEUROSTIMOLATORI DEL NERVO FRENICO;S;;2007-02-20 00:00:00;2022-02-22 00:00:00
J0206;NEUROSTIMOLATORI IMPIANTABILI DEL NERVO FRENICO;S;;2022-02-23 00:00:00;
J0207;PROGRAMMATORI E RELATIVI ACCESSORI PER NEUROSTIMOLATORI;N;;2008-06-30 00:00:00;
J020701;PROGRAMMATORI PER NEUROSTIMOLATORI;S;;2008-06-30 00:00:00;
J020780;PROGRAMMATORI PER NEUROSTIMOLATORI - COMPONENTI ACCESSORI HARDWARE;S;;2008-06-30 00:00:00;2022-02-22 00:00:00
J020780;PROGRAMMATORI PER NEUROSTIMOLATORI - ACCESSORI HARDWARE;S;;2022-02-23 00:00:00;
J020782;PROGRAMMATORI PER NEUROSTIMOLATORI - COMPONENTI ACCESSORI SOFTWARE;S;;2008-06-30 00:00:00;2022-02-22 00:00:00
J020782;PROGRAMMATORI PER NEUROSTIMOLATORI - ACCESSORI SOFTWARE;S;;2022-02-23 00:00:00;
J020785;PROGRAMMATORI PER NEUROSTIMOLATORI - MATERIALI SPECIFICI;S;;2008-06-30 00:00:00;
J020792;PROGRAMMATORI PER NEUROSTIMOLATORI -  DISPOSITIVI MEDICI SOFTWARE;S;;2022-02-23 00:00:00;
J0208;NEUROSTIMOLATORI IMPIANTABILI GASTRICI;N;;2022-02-23 00:00:00;
J020801;NEUROSTIMOLATORI IMPIANTABILI PER SFINTERE ESOFAGEO INFERIORE;S;;2022-02-23 00:00:00;
J020802;NEUROSTIMOLATORI IMPIANTABILI GASTRICI PER TRATTAMENTO DELL'OBESITÃ;S;;2022-02-23 00:00:00;
J020803;NEUROSTIMOLATORI IMPIANTABILI GASTRICI PER TERAPIA DELLA NAUSEA ;S;;2022-02-23 00:00:00;
J020804;ELETTROCATETERI PER NEUROSTIMOLAZIONE GASTRICA;S;;2022-02-23 00:00:00;
J0209;NEUROSTIMOLATORI IMPIANTABILI DEL SENO CAROTIDEO ED ELETTROCATETERI ;S;;2022-02-23 00:00:00;
J0210;NEUROSTIMOLATORI IMPIANTABILI NERVOSI PERIFERICI PER LA TERAPIA DEL DOLORE ED ELETTROCATETERI;S;;2022-02-23 00:00:00;
J0211;NEUROSTIMOLATORI IMPIANTABILI PER TRATTAMENTO DELLE APNEE NOTTURNE ED ELETTROCATETERI;S;;2022-02-23 00:00:00;
J0280;NEUROSTIMOLATORI IMPIANTABILI  - ACCESSORI;S;;2022-02-23 00:00:00;
J0299;NEUROSTIMOLATORI - ALTRI;S;;2007-02-20 00:00:00;2022-02-22 00:00:00
J0299;NEUROSTIMOLATORI IMPIANTABILI - ALTRI;S;;2022-02-23 00:00:00;
J03;IMPIANTI AURICOLARI ATTIVI;N;;2007-02-20 00:00:00;
J0301;IMPIANTI COCLEARI;S;;2007-02-20 00:00:00;
J0302;IMPIANTI ATTIVI PER L'ORECCHIO MEDIO;S;;2007-02-20 00:00:00;
J0303;IMPIANTI AL TRONCO PER SORDITA' PROFONDA;S;;2007-02-20 00:00:00;
J0380;IMPIANTI AURICOLARI ATTIVI - ACCESSORI;S;;2007-02-20 00:00:00;
J0399;IMPIANTI AURICOLARI ATTIVI - ALTRI;S;;2007-02-20 00:00:00;
J04;POMPE IMPIANTABILI;N;;2007-02-20 00:00:00;
J0401;POMPE IMPIANTABILI ELETTRONICHE;S;;2007-02-20 00:00:00;
J0402;POMPE IMPIANTABILI MECCANICHE;S;;2007-02-20 00:00:00;
J0403;PROGRAMMATORI E RELATIVI ACCESSORI PER POMPE IMPIANTABILI;N;;2008-06-30 00:00:00;
J040301;PROGRAMMATORI PER POMPE IMPIANTABILI;S;;2008-06-30 00:00:00;
J040380;PROGRAMMATORI PER POMPE IMPIANTABILI - COMPONENTI ACCESSORI HARDWARE;S;;2008-06-30 00:00:00;2022-02-22 00:00:00
J040380;PROGRAMMATORI PER POMPE IMPIANTABILI - ACCESSORI HARDWARE;S;;2022-02-23 00:00:00;
J040382;PROGRAMMATORI PER POMPE IMPIANTABILI - COMPONENTI ACCESSORI SOFTWARE;S;;2008-06-30 00:00:00;2022-02-22 00:00:00
J040382;PROGRAMMATORI PER POMPE IMPIANTABILI - ACCESSORI SOFTWARE;S;;2022-02-23 00:00:00;
J040385;PROGRAMMATORI PER POMPE IMPIANTABILI - MATERIALI SPECIFICI;S;;2008-06-30 00:00:00;
J040392;PROGRAMMATORI PER POMPE IMPIANTABILI -  DISPOSITIVI MEDICI SOFTWARE;S;;2022-02-23 00:00:00;
J0480;POMPE IMPIANTABILI - ACCESSORI;S;;2007-02-20 00:00:00;
J0499;POMPE IMPIANTABILI - ALTRE;S;;2007-02-20 00:00:00;
J05;DISPOSITIVI IMPIANTABILI PER BRACHITERAPIA;N;;2022-02-23 00:00:00;
J0501;SORGENTI PER BRACHITERAPIA;S;;2022-02-23 00:00:00;
J0502;KIT DI SOMMINISTRAZIONE PER BRACHITERAPIA;S;;2022-02-23 00:00:00;
J0580;DISPOSITIVI IMPIANTABILI PER BRACHITERAPIA Â¿ ACCESSORI;S;;2022-02-23 00:00:00;
J06;SISTEMI IMPIANTABILI ATTIVI PER  MONITORAGGIO DEL GLUCOSIO ;N;;2022-02-23 00:00:00;
J0601;SENSORI IMPIANTABILI PER MONITORAGGIO DEL GLUCOSIO ;S;;2022-02-23 00:00:00;
J0602;TRASMETTITORI PER SISTEMI IMPIANTABILI ATTIVI PER MONITORAGGIO DEL GLUCOSIO ;S;;2022-02-23 00:00:00;
J0680;SISTEMI IMPIANTABILI ATTIVI PER IL MONITORAGGIO DEL GLUCOSIO  - ACCESSORI;S;;2022-02-23 00:00:00;
J07;DISPOSITIVI IMPIANTABILI ATTIVI PER IMPIEGO OFTALMOLOGICO;N;;2022-02-23 00:00:00;
J0701;DISPOSITIVI IMPIANTABILI ATTIVI RETINICI;S;;2022-02-23 00:00:00;
J0702;DISPOSITIVI IMPIANTABILI PER MONITORAGGIO PRESSORIO INTRAOCULARE;S;;2022-02-23 00:00:00;
J0780;DISPOSITIVI IMPIANTABILI ATTIVI PER IMPIEGO OFTALMOLOGICO - ACCESSORI;S;;2022-02-23 00:00:00;
J0799;DISPOSITIVI IMPIANTABILI ATTIVI PER IMPIEGO OFTALMOLOGICO - ALTRI;S;;2022-02-23 00:00:00;
J99;DISPOSITIVI IMPIANTABILI ATTIVI - ALTRI;S;;2007-02-20 00:00:00;
K;DISPOSITIVI PER CHIRURGIA MINI-INVASIVA ED ELETTROCHIRURGIA;N;;2007-02-20 00:00:00;
K01;DISPOSITIVI PER CHIRURGIA MINI-INVASIVA;N;;2007-02-20 00:00:00;
K0101;TROCAR E KIT MONOUSO;N;;2007-02-20 00:00:00;2022-02-22 00:00:00
K0101;TROCAR E KIT, MONOUSO;N;;2022-02-23 00:00:00;
K010101;TROCAR MONOUSO;N;;2007-02-20 00:00:00;2022-02-22 00:00:00
K010101;TROCAR, MONOUSO;N;;2022-02-23 00:00:00;
K01010101;TROCAR MONOUSO STANDARD;S;;2007-02-20 00:00:00;2022-02-22 00:00:00
K01010101;TROCAR STANDARD, MONOUSO;S;;2022-02-23 00:00:00;
K01010102;TROCAR DI HASSON MONOUSO;S;;2007-02-20 00:00:00;2022-02-22 00:00:00
K01010102;TROCAR DI HASSON, MONOUSO;S;;2022-02-23 00:00:00;
K01010103;TROCAR OTTICI MONOUSO;S;;2007-02-20 00:00:00;2022-02-22 00:00:00
K01010103;TROCAR OTTICI, MONOUSO;S;;2022-02-23 00:00:00;
K01010104;TROCAR TORACICI MONOUSO;S;;2007-02-20 00:00:00;2022-02-22 00:00:00
K01010104;TROCAR TORACICI, MONOUSO;S;;2022-02-23 00:00:00;
K01010105;TROCAR SPECIALI MONOUSO;S;;2007-02-20 00:00:00;2022-02-22 00:00:00
K01010105;TROCAR SPECIALI, MONOUSO;S;;2022-02-23 00:00:00;
K01010180;TROCAR MONOUSO - ACCESSORI;S;;2007-02-20 00:00:00;2022-02-22 00:00:00
K01010180;TROCAR, MONOUSO - ACCESSORI;S;;2022-02-23 00:00:00;
K01010199;TROCAR MONOUSO - ALTRI;S;;2007-02-20 00:00:00;2022-02-22 00:00:00
K01010199;TROCAR, MONOUSO - ALTRI;S;;2022-02-23 00:00:00;
K010102;KIT PER INTERVENTI DI CHIRURGIA MINI-INVASIVA;S;;2007-02-20 00:00:00;2022-02-22 00:00:00
K010102;KIT PER INTERVENTI DI CHIRURGIA MINI-INVASIVA, MONOUSO;S;;2022-02-23 00:00:00;
K010190;DISPOSITIVI PER CHIRURGIA MINI-INVASIVA - VARI;N;;2007-02-20 00:00:00;2022-02-23 00:00:00
K01019001;AGHI DI VERESS;S;;2007-02-20 00:00:00;2022-02-23 00:00:00
K01019002;FILETTATURE DI STABILITA' PER CHIRURGIA MINI-INVASIVA;S;;2007-02-20 00:00:00;2022-02-23 00:00:00
K01019003;RIDUTTORI PER CHIRURGIA MINI-INVASIVA;S;;2007-02-20 00:00:00;2022-02-23 00:00:00
K01019004;SONDE PER COLANGIOGRAFIA;S;;2007-02-20 00:00:00;2022-02-23 00:00:00
K01019005;DISPOSITIVI PER CHIRURGIA MANO-ASSISTITA (HAND-ASSISTED);S;;2007-02-20 00:00:00;2022-02-23 00:00:00
K0102;STRUMENTARIO MONOUSO PER CHIRURGIA MINI-INVASIVA;N;;2007-02-20 00:00:00;2022-02-22 00:00:00
K0102;STRUMENTARIO  PER CHIRURGIA MINI-INVASIVA E ROBOTICA, MONOUSO;N;;2022-02-23 00:00:00;
K010201;STRUMENTI CHIRURGICI MONOUSO PER CHIRURGIA MINI-INVASIVA;N;;2007-02-20 00:00:00;2022-02-22 00:00:00
K010201;STRUMENTI CHIRURGICI PER CHIRURGIA MINI-INVASIVA, MONOUSO;N;;2022-02-23 00:00:00;
K01020101;DISSETTORI MONOUSO PER CHIRURGIA MINI-INVASIVA;S;;2007-02-20 00:00:00;2022-02-22 00:00:00
K01020101;DISSETTORI PER CHIRURGIA MINI-INVASIVA, MONOUSO;S;;2022-02-23 00:00:00;
K01020102;FORBICI MONOUSO PER CHIRURGIA MINI-INVASIVA;S;;2007-02-20 00:00:00;2022-02-22 00:00:00
K01020102;FORBICI PER CHIRURGIA MINI-INVASIVA, MONOUSO;S;;2022-02-23 00:00:00;
K01020103;MANIPOLATORI MONOUSO PER CHIRURGIA MINI-INVASIVA;S;;2007-02-20 00:00:00;2022-02-22 00:00:00
K01020103;MANIPOLATORI PER CHIRURGIA MINI-INVASIVA, MONOUSO;S;;2022-02-23 00:00:00;
K01020104;PINZE MONOUSO PER CHIRURGIA MINI-INVASIVA;S;;2007-02-20 00:00:00;2022-02-22 00:00:00
K01020104;PINZE PER CHIRURGIA MINI-INVASIVA, MONOUSO;S;;2022-02-23 00:00:00;
K01020105;PORTAGHI MONOUSO PER CHIRURGIA MINI-INVASIVA;S;;2007-02-20 00:00:00;2022-02-22 00:00:00
K01020105;PORTAGHI PER CHIRURGIA MINI-INVASIVA, MONOUSO;S;;2022-02-23 00:00:00;
K01020106;RETRATTORI MONOUSO PER CHIRURGIA MINI-INVASIVA;S;;2007-02-20 00:00:00;2022-02-22 00:00:00
K01020106;DIVARICATORI E RETRATTORI PER CHIRURGIA MINI-INVASIVA, MONOUSO;S;;2022-02-23 00:00:00;
K01020107;SACCHETTI DI RECUPERO PER CHIRURGIA MINI-INVASIVA;S;;2007-02-20 00:00:00;
K01020109;TAMPONI PER CHIRURGIA MINI-INVASIVA;S;;2007-02-20 00:00:00;
K01020110;CANNULE MONOUSO PER ASPIRAZIONE/IRRIGAZIONE IN CHIRURGIA MINI-INVASIVA (non elettrificate);S;;2007-02-20 00:00:00;2022-02-22 00:00:00
K01020110;CANNULE PER CHIRURGIA MINI-INVASIVA, MONOUSO;S;;2022-02-23 00:00:00;
K01020111;LAME PER CHIRURGIA MINI-INVASIVA, MONOUSO;S;;2022-02-23 00:00:00;
K01020112;UNCINI PER CHIRURGIA MINI-INVASIVA, MONOUSO;S;;2022-02-23 00:00:00;
K01020113;SPATOLE PER CHIRURGIA MINI-INVASIVA, MONOUSO;S;;2022-02-23 00:00:00;
K01020114;GUIDE PER CHIRURGIA MINI-INVASIVA, MONOUSO;S;;2022-02-23 00:00:00;
K01020115;MANIPOLI PER CHIRURGIA MINI-INVASIVA, MONOUSO;S;;2022-02-23 00:00:00;
K01020116;APPROSSIMATORI TESSUTALI ENDOSCOPICI PER SUTURA, MONOUSO;S;;2022-02-23 00:00:00;
K01020117;DILATATORI PER CHIRURGIA MINI-INVASIVA, MONOUSO;S;;2022-02-23 00:00:00;
K01020118;AGHI PER CHIRURGIA MINI-INVASIVA, MONOUSO;S;;2022-02-23 00:00:00;
K01020119;PALPATORI PER CHIRURGIA MINI-INVASIVA, MONOUSO;S;;2022-02-23 00:00:00;
K01020120;KIT DI STRUMENTARIO CHIRURGICO PER CHIRURGIA MINI-INVASIVA, MONOUSO;S;;2022-02-23 00:00:00;
K01020199;STRUMENTI CHIRURGICI MONOUSO PER CHIRURGIA MINI-INVASIVA - ALTRI;S;;2007-02-20 00:00:00;2022-02-22 00:00:00
K01020199;STRUMENTI CHIRURGICI PER CHIRURGIA MINI-INVASIVA, MONOUSO - ALTRI;S;;2022-02-23 00:00:00;
K010202;STRUMENTARIO MONOUSO PER CHIRURGIA ROBOTICA;N;;2007-02-20 00:00:00;2022-02-22 00:00:00
K010202;STRUMENTARIO PER CHIRURGIA ROBOTICA, MONOUSO;N;;2022-02-23 00:00:00;
K01020201;BISTURI E LAME MONOUSO PER CHIRURGIA ROBOTICA;S;;2007-02-20 00:00:00;2022-02-22 00:00:00
K01020201;BISTURI E LAME PER CHIRURGIA ROBOTICA, MONOUSO;S;;2022-02-23 00:00:00;
K01020202;CLIP MONOUSO PER CHIRURGIA ROBOTICA;S;;2007-02-20 00:00:00;2022-02-22 00:00:00
K01020202;CLIPS PER CHIRURGIA ROBOTICA, MONOUSO;S;;2022-02-23 00:00:00;
K01020203;FORBICI MONOUSO PER CHIRURGIA ROBOTICA;S;;2007-02-20 00:00:00;2022-02-22 00:00:00
K01020203;FORBICI PER CHIRURGIA ROBOTICA, MONOUSO;S;;2022-02-23 00:00:00;
K01020204;PINZE MONOUSO PER CHIRURGIA ROBOTICA;S;;2007-02-20 00:00:00;2022-02-22 00:00:00
K01020204;PINZE PER CHIRURGIA ROBOTICA, MONOUSO;S;;2022-02-23 00:00:00;
K01020205;KIT DI STRUMENTARIO PER CHIRURGIA ROBOTICA, MONOUSO;S;;2022-02-23 00:00:00;
K01020299;STRUMENTARIO MONOUSO PER CHIRURGIA ROBOTICA - ALTRO;S;;2007-02-20 00:00:00;2022-02-22 00:00:00
K01020299;STRUMENTARIO PER CHIRURGIA ROBOTICA, MONOUSO - ALTRO;S;;2022-02-23 00:00:00;
K0103;DISPOSITIVI PER CHIRURGIA MINI-INVASIVA SPINALE;N;;2007-02-20 00:00:00;
K010301;DISPOSITIVI PER CIFOPLASTICA PERCUTANEA CON PALLONCINO;S;;2007-02-20 00:00:00;2011-08-29 00:00:00
K010301;DISPOSITIVI PER PLASTICA PERCUTANEA DELLA COLONNA VERTEBRALE;S;;2011-08-30 00:00:00;
K010302;STRUMENTARIO PER CHIRURGIA MINI-INVASIVA SPINALE, MONOUSO;S;;2022-02-23 00:00:00;
K010399;DISPOSITIVI PER CHIRURGIA MINI-INVASIVA SPINALE - ALTRI;S;;2007-02-20 00:00:00;
K0104;AGHI DI VERESS;S;;2022-02-23 00:00:00;
K0105;FILETTATURE DI STABILITA' PER CHIRURGIA MINI-INVASIVA ;S;;2022-02-23 00:00:00;
K0106;RIDUTTORI PER CHIRURGIA MINI-INVASIVA ;S;;2022-02-23 00:00:00;
K0107;SONDE PER COLANGIOGRAFIA ;S;;2022-02-23 00:00:00;
K0108;DISPOSITIVI PER CHIRURGIA MANO-ASSISTITA (HAND-ASSISTED) ;S;;2022-02-23 00:00:00;
K0180;DISPOSITIVI PER CHIRURGIA MINI-INVASIVA - ACCESSORI ALTRI;S;;2007-02-20 00:00:00;
K0199;DISPOSITIVI PER CHIRURGIA MINI-INVASIVA - ALTRI;S;;2007-02-20 00:00:00;
K02;DISPOSITIVI PER ELETTROCHIRURGIA;N;;2007-02-20 00:00:00;2022-02-22 00:00:00
K02;DISPOSITIVI PER ELETTROCHIRURGIA, MONOUSO;N;;2022-02-23 00:00:00;
K0201;DISPOSITIVI MONO- E BIPOLARI;N;;2007-02-20 00:00:00;2022-02-22 00:00:00
K0201;DISPOSITIVI MONO- E BIPOLARI, MONOUSO;N;;2022-02-23 00:00:00;
K020101;STRUMENTARIO MONOUSO MONO- E BIPOLARE;N;;2007-02-20 00:00:00;2022-02-22 00:00:00
K020101;STRUMENTARIO CHIRURGICO MONO- E BIPOLARE, MONOUSO;N;;2022-02-23 00:00:00;
K02010101;CANNULE MULTIFUNZIONE MONOUSO;N;;2007-02-20 00:00:00;2008-06-29 00:00:00
K02010101;CANNULE MULTIFUNZIONE MONOUSO PER ELETTROCHIRURGIA;N;;2008-06-30 00:00:00;2022-02-22 00:00:00
K02010101;CANNULE MULTIFUNZIONE PER ELETTROCHIRURGIA, MONOUSO;N;;2022-02-23 00:00:00;
K0201010101;CANNULE MULTIFUNZIONE MONOUSO PER ELETTROCHIRURGIA A CIELO APERTO;S;;2007-02-20 00:00:00;2022-02-22 00:00:00
K0201010101;CANNULE MULTIFUNZIONE PER ELETTROCHIRURGIA A CIELO APERTO, MONOUSO;S;;2022-02-23 00:00:00;
K0201010102;CANNULE MULTIFUNZIONE MONOUSO PER ELETTROCHIRURGIA LAPAROSCOPICA;S;;2007-02-20 00:00:00;2022-02-22 00:00:00
K0201010102;CANNULE MULTIFUNZIONE PER ELETTROCHIRURGIA LAPARO- E TORACOSCOPICA, MONOUSO;S;;2022-02-23 00:00:00;
K02010102;DISSETTORI MONOUSO PER ELETTROCHIRURGIA;N;;2007-02-20 00:00:00;2022-02-22 00:00:00
K02010102;DISSETTORI PER ELETTROCHIRURGIA, MONOUSO;N;;2022-02-23 00:00:00;
K0201010201;DISSETTORI MONOUSO PER ELETTROCHIRURGIA A CIELO APERTO;S;;2007-02-20 00:00:00;2022-02-22 00:00:00
K0201010201;DISSETTORI PER ELETTROCHIRURGIA A CIELO APERTO, MONOUSO;S;;2022-02-23 00:00:00;
K0201010202;DISSETTORI MONOUSO PER ELETTROCHIRURGIA LAPAROSCOPICA;S;;2007-02-20 00:00:00;2022-02-22 00:00:00
K0201010202;DISSETTORI PER ELETTROCHIRURGIA LAPARO- E TORACOSCOPICA, MONOUSO;S;;2022-02-23 00:00:00;
K02010103;ELETTRODI MONOUSO PER ELETTROCHIRURGIA;N;;2007-02-20 00:00:00;2022-02-22 00:00:00
K02010103;ELETTRODI PER ELETTROCHIRURGIA, MONOUSO;N;;2022-02-23 00:00:00;
K0201010301;ELETTRODI MONOUSO PER ELETTROCHIRURGIA A CIELO APERTO;S;;2007-02-20 00:00:00;2022-02-22 00:00:00
K0201010301;ELETTRODI PER ELETTROCHIRURGIA A CIELO APERTO, MONOUSO;S;;2022-02-23 00:00:00;
K0201010302;ELETTRODI MONOUSO PER ELETTROCHIRURGIA LAPAROSCOPICA;S;;2007-02-20 00:00:00;2022-02-22 00:00:00
K0201010302;ELETTRODI PER ELETTROCHIRURGIA LAPARO- E TORACOSCOPICA, MONOUSO;S;;2022-02-23 00:00:00;
K02010104;FORBICI MONOUSO PER ELETTROCHIRURGIA;N;;2007-02-20 00:00:00;2022-02-22 00:00:00
K02010104;FORBICI PER ELETTROCHIRURGIA, MONOUSO;N;;2022-02-23 00:00:00;
K0201010401;FORBICI MONOUSO PER ELETTROCHIRURGIA A CIELO APERTO;S;;2007-02-20 00:00:00;2022-02-22 00:00:00
K0201010401;FORBICI PER ELETTROCHIRURGIA A CIELO APERTO, MONOUSO;S;;2022-02-23 00:00:00;
K0201010402;FORBICI MONOUSO PER ELETTROCHIRURGIA LAPAROSCOPICA;S;;2007-02-20 00:00:00;2022-02-22 00:00:00
K0201010402;FORBICI PER ELETTROCHIRURGIA LAPARO- E TORACOSCOPICA, MONOUSO;S;;2022-02-23 00:00:00;
K02010105;MANIPOLI MONOUSO PER ELETTROCHIRURGIA;N;;2007-02-20 00:00:00;2022-02-22 00:00:00
K02010105;MANIPOLI PER ELETTROCHIRURGIA, MONOUSO;N;;2022-02-23 00:00:00;
K0201010501;MANIPOLI MONOUSO PER ELETTROCHIRURGIA A CIELO APERTO;S;;2007-02-20 00:00:00;2022-02-22 00:00:00
K0201010501;MANIPOLI PER ELETTROCHIRURGIA A CIELO APERTO, MONOUSO;S;;2022-02-23 00:00:00;
K0201010502;MANIPOLI MONOUSO PER ELETTROCHIRURGIA LAPAROSCOPICA;S;;2007-02-20 00:00:00;2022-02-22 00:00:00
K0201010502;MANIPOLI PER ELETTROCHIRURGIA LAPARO- E TORACOSCOPICA, MONOUSO;S;;2022-02-23 00:00:00;
K02010106;PINZE MONOUSO PER ELETTROCHIRURGIA;N;;2007-02-20 00:00:00;2022-02-22 00:00:00
K02010106;PINZE PER ELETTROCHIRURGIA, MONOUSO;N;;2022-02-23 00:00:00;
K0201010601;PINZE MONOUSO PER ELETTROCHIRURGIA A CIELO APERTO;S;;2007-02-20 00:00:00;2022-02-22 00:00:00
K0201010601;PINZE PER ELETTROCHIRURGIA A CIELO APERTO, MONOUSO;S;;2022-02-23 00:00:00;
K0201010602;PINZE MONOUSO PER ELETTROCHIRURGIA LAPAROSCOPICA;S;;2007-02-20 00:00:00;2022-02-22 00:00:00
K0201010602;PINZE PER ELETTROCHIRURGIA LAPARO- E TORACOSCOPICA, MONOUSO;S;;2022-02-23 00:00:00;
K02010107;SISTEMI PER EVACUAZIONE DEI FUMI;S;;2007-02-20 00:00:00;
K02010108;AGHI PER ELETTROCHIRURGIA, MONOUSO;N;;2022-02-23 00:00:00;
K0201010801;AGHI PER ELETTROCHIRURGIA A CIELO APERTO, MONOUSO;S;;2022-02-23 00:00:00;
K0201010802;AGHI PER ELETTROCHIRURGIA LAPARO- E TORACOSCOPICA, MONOUSO;S;;2022-02-23 00:00:00;
K02010109;LAME PER ELETTROCHIRURGIA, MONOUSO;N;;2022-02-23 00:00:00;
K0201010901;LAME PER ELETTROCHIRURGIA A CIELO APERTO, MONOUSO;S;;2022-02-23 00:00:00;
K0201010902;LAME PER ELETTROCHIRURGIA LAPARO- E TORACOSCOPICA, MONOUSO;S;;2022-02-23 00:00:00;
K02010110;MANIPOLATORI PER ELETTROCHIRURGIA, MONOUSO;N;;2022-02-23 00:00:00;
K0201011001;MANIPOLATORI PER ELETTROCHIRURGIA A CIELO APERTO, MONOUSO;S;;2022-02-23 00:00:00;
K0201011002;MANIPOLATORI PER ELETTROCHIRURGIA LAPARO- E TORACOSCOPICA, MONOUSO;S;;2022-02-23 00:00:00;
K02010111;KIT DI STRUMENTARIO PER ELETTROCHIRURGIA, MONOUSO;N;;2022-02-23 00:00:00;
K0201011101;KIT DI STRUMENTARIO PER ELETTROCHIRURGIA A CIELO APERTO, MONOUSO;S;;2022-02-23 00:00:00;
K0201011102;KIT DI STRUMENTARIO PER ELETTROCHIRURGIA LAPARO- E TORACOSCOPICA, MONOUSO;S;;2022-02-23 00:00:00;
K02010112;SONDE PER ELETTROCHIRURGIA, MONOUSO;N;;2022-02-23 00:00:00;
K0201011201;SONDE PER ELETTROCHIRURGIA A CIELO APERTO, MONOUSO;S;;2022-02-23 00:00:00;
K0201011202;SONDE PER ELETTROCHIRURGIA LAPARO- E TORACOSCOPICA, MONOUSO;S;;2022-02-23 00:00:00;
K02010113;MANIPOLI MULTIUSO PER CHIRURGIA MINI-INVASIVA, MONOUSO;S;;2022-02-23 00:00:00;
K02010199;STRUMENTARIO MONOUSO MONO- E BIPOLARE - ALTRO;S;;2007-02-20 00:00:00;2022-02-22 00:00:00
K02010199;STRUMENTARIO MONO- E BIPOLARE, MONOUSO - ALTRO;S;;2022-02-23 00:00:00;
K020102;PIASTRE E CAVI PER ELETTROCHIRURGIA;N;;2007-02-20 00:00:00;2022-02-22 00:00:00
K020102;PIASTRE (ELETTRODI NEUTRI) E CAVI PER ELETTROCHIRURGIA, MONOUSO;N;;2022-02-23 00:00:00;
K02010201;PIASTRE PAZIENTE MONOPARTITE PER ELETTROCHIRURGIA;S;;2007-02-20 00:00:00;2022-02-22 00:00:00
K02010201;PIASTRE PAZIENTE (ELETTRODI NEUTRI) MONOPARTITE PER ELETTROCHIRURGIA, MONOUSO;S;;2022-02-23 00:00:00;
K02010202;PIASTRE PAZIENTE BIPARTITE PER ELETTROCHIRURGIA;S;;2007-02-20 00:00:00;2022-02-22 00:00:00
K02010202;PIASTRE PAZIENTE (ELETTRODI NEUTRI) BIPARTITE PER ELETTROCHIRURGIA, MONOUSO;S;;2022-02-23 00:00:00;
K02010203;CAVI DI COLLEGAMENTO PER ELETTROCHIRURGIA;S;;2007-02-20 00:00:00;2022-02-22 00:00:00
K02010203;CAVI DI COLLEGAMENTO PER ELETTROCHIRURGIA, MONOUSO;S;;2022-02-23 00:00:00;
K020103;ELETTROCAUTERI BIPOLARI AUTOALIMENTATI;N;;2007-02-20 00:00:00;2022-02-22 00:00:00
K020103;ELETTROCAUTERI BIPOLARI AUTOALIMENTATI, MONOUSO;N;;2022-02-23 00:00:00;
K02010301;ELETTROCAUTERI BIPOLARI A BASSA TEMPERATURA;S;;2007-02-20 00:00:00;2022-02-22 00:00:00
K02010301;ELETTROCAUTERI BIPOLARI A BASSA TEMPERATURA, MONOUSO;S;;2022-02-23 00:00:00;
K02010302;ELETTROCAUTERI BIPOLARI A MEDIA TEMPERATURA;S;;2007-02-20 00:00:00;2022-02-22 00:00:00
K02010302;ELETTROCAUTERI BIPOLARI A MEDIA TEMPERATURA, MONOUSO;S;;2022-02-23 00:00:00;
K02010303;ELETTROCAUTERI BIPOLARI AD ALTA TEMPERATURA;S;;2007-02-20 00:00:00;2022-02-22 00:00:00
K02010303;ELETTROCAUTERI BIPOLARI AD ALTA TEMPERATURA, MONOUSO;S;;2022-02-23 00:00:00;
K020180;DISPOSITIVI MONO- E BIPOLARI - ACCESSORI;S;;2007-02-20 00:00:00;2022-02-22 00:00:00
K020180;DISPOSITIVI MONO- E BIPOLARI, MONOUSO - ACCESSORI;S;;2022-02-23 00:00:00;
K020199;DISPOSITIVI MONO- E BIPOLARI - ALTRI;S;;2007-02-20 00:00:00;2022-02-22 00:00:00
K020199;DISPOSITIVI MONO- E BIPOLARI, MONOUSO - ALTRI;S;;2022-02-23 00:00:00;
K0202;DISPOSITIVI PER CHIRURGIA CON GENERATORE A ULTRASUONI;N;;2007-02-20 00:00:00;2022-02-22 00:00:00
K0202;DISPOSITIVI PER CHIRURGIA CON GENERATORE A ULTRASUONI, MONOUSO;N;;2022-02-23 00:00:00;
K020201;STRUMENTARIO MONOUSO PER CHIRURGIA A ULTRASUONI;N;;2007-02-20 00:00:00;2022-02-22 00:00:00
K020201;STRUMENTARIO PER CHIRURGIA A ULTRASUONI, MONOUSO;N;;2022-02-23 00:00:00;
K02020101;FORBICI MONOUSO PER CHIRURGIA A ULTRASUONI;N;;2007-02-20 00:00:00;2022-02-22 00:00:00
K02020101;FORBICI PER CHIRURGIA A ULTRASUONI, MONOUSO;N;;2022-02-23 00:00:00;
K0202010101;FORBICI MONOUSO PER CHIRURGIA A ULTRASUONI A CIELO APERTO;S;;2007-02-20 00:00:00;2022-02-22 00:00:00
K0202010101;FORBICI PER CHIRURGIA A ULTRASUONI A CIELO APERTO, MONOUSO;S;;2022-02-23 00:00:00;
K0202010102;FORBICI MONOUSO PER CHIRURGIA A ULTRASUONI LAPAROSCOPICA;S;;2007-02-20 00:00:00;2022-02-22 00:00:00
K0202010102;FORBICI PER CHIRURGIA A ULTRASUONI LAPARO- E TORACOSCOPICA, MONOUSO;S;;2022-02-23 00:00:00;
K02020102;MANIPOLI MONOUSO PER CHIRURGIA A ULTRASUONI;N;;2007-02-20 00:00:00;2022-02-22 00:00:00
K02020102;MANIPOLI PER CHIRURGIA A ULTRASUONI, MONOUSO;N;;2022-02-23 00:00:00;
K0202010201;MANIPOLI MONOUSO PER CHIRURGIA A ULTRASUONI A CIELO APERTO;S;;2007-02-20 00:00:00;2022-02-22 00:00:00
K0202010201;MANIPOLI PER CHIRURGIA A ULTRASUONI A CIELO APERTO, MONOUSO;S;;2022-02-23 00:00:00;
K0202010202;MANIPOLI MONOUSO PER CHIRURGIA A ULTRASUONI LAPAROSCOPICA;S;;2007-02-20 00:00:00;2022-02-22 00:00:00
K0202010202;MANIPOLI PER CHIRURGIA A ULTRASUONI LAPARO- E TORACOSCOPICA, MONOUSO;S;;2022-02-23 00:00:00;
K02020103;LAME MONOUSO PER CHIRURGIA A ULTRASUONI;N;;2007-02-20 00:00:00;2022-02-22 00:00:00
K02020103;LAME PER CHIRURGIA A ULTRASUONI, MONOUSO;N;;2022-02-23 00:00:00;
K0202010301;LAME MONOUSO PER CHIRURGIA A ULTRASUONI A CIELO APERTO;S;;2007-02-20 00:00:00;2022-02-22 00:00:00
K0202010301;LAME PER CHIRURGIA A ULTRASUONI A CIELO APERTO, MONOUSO;S;;2022-02-23 00:00:00;
K0202010302;LAME MONOUSO PER CHIRURGIA A ULTRASUONI LAPAROSCOPICA;S;;2007-02-20 00:00:00;2022-02-22 00:00:00
K0202010302;LAME PER CHIRURGIA A ULTRASUONI LAPARO- E TORACOSCOPICA, MONOUSO;S;;2022-02-23 00:00:00;
K02020104;KIT DI STRUMENTARIO PER CHIRURGIA A ULTRASUONI, MONOUSO;N;;2022-02-23 00:00:00;
K0202010401;KIT DI STRUMENTARIO PER CHIRURGIA A ULTRASUONI A CIELO APERTO, MONOUSO;S;;2022-02-23 00:00:00;
K0202010402;KIT DI STRUMENTARIO PER CHIRURGIA A ULTRASUONI LAPARO- E TORACOSCOPICA, MONOUSO;S;;2022-02-23 00:00:00;
K02020105;CANNULE PER CHIRURGIA A ULTRASUONI, MONOUSO;N;;2022-02-23 00:00:00;
K0202010501;CANNULE PER CHIRURGIA A ULTRASUONI A CIELO APERTO, MONOUSO;S;;2022-02-23 00:00:00;
K0202010502;CANNULE PER CHIRURGIA A ULTRASUONI LAPARO- E TORACOSCOPICA, MONOUSO;S;;2022-02-23 00:00:00;
K02020106;DISSETTORI PER CHIRURGIA A ULTRASUONI, MONOUSO;N;;2022-02-23 00:00:00;
K0202010601;DISSETTORI PER CHIRURGIA A ULTRASUONI A CIELO APERTO, MONOUSO;S;;2022-02-23 00:00:00;
K0202010602;DISSETTORI PER CHIRURGIA A ULTRASUONI LAPARO- E TORACOSCOPICA, MONOUSO;S;;2022-02-23 00:00:00;
K02020107;ELETTRODI PER CHIRURGIA A ULTRASUONI, MONOUSO;N;;2022-02-23 00:00:00;
K0202010701;ELETTRODI PER CHIRURGIA A ULTRASUONI A CIELO APERTO, MONOUSO;S;;2022-02-23 00:00:00;
K0202010702;ELETTRODI PER CHIRURGIA A ULTRASUONI LAPARO- E TORACOSCOPICA, MONOUSO;S;;2022-02-23 00:00:00;
K02020108;PINZE PER CHIRURGIA A ULTRASUONI, MONOUSO;N;;2022-02-23 00:00:00;
K0202010801;PINZE PER CHIRURGIA A ULTRASUONI A CIELO APERTO, MONOUSO;S;;2022-02-23 00:00:00;
K0202010802;PINZE PER CHIRURGIA A ULTRASUONI LAPARO- E TORACOSCOPICA, MONOUSO;S;;2022-02-23 00:00:00;
K02020109;MANIPOLATORI PER CHIRURGIA A ULTRASUONI, MONOUSO;N;;2022-02-23 00:00:00;
K0202010901;MANIPOLATORI PER CHIRURGIA A ULTRASUONI A CIELO APERTO, MONOUSO;S;;2022-02-23 00:00:00;
K0202010902;MANIPOLATORI PER CHIRURGIA A ULTRASUONI LAPARO- E TORACOSCOPICA, MONOUSO;S;;2022-02-23 00:00:00;
K02020199;STRUMENTARIO MONOUSO PER CHIRURGIA A ULTRASUONI - ALTRO;S;;2007-02-20 00:00:00;2022-02-22 00:00:00
K02020199;STRUMENTARIO PER CHIRURGIA A ULTRASUONI, MONOUSO - ALTRO;S;;2022-02-23 00:00:00;
K020280;DISPOSITIVI PER CHIRURGIA CON GENERATORE A ULTRASUONI - ACCESSORI;S;;2007-02-20 00:00:00;2022-02-22 00:00:00
K020280;DISPOSITIVI PER CHIRURGIA CON GENERATORE A ULTRASUONI, MONOUSO - ACCESSORI;S;;2022-02-23 00:00:00;
K020299;DISPOSITIVI PER CHIRURGIA CON GENERATORE A ULTRASUONI - ALTRI;S;;2007-02-20 00:00:00;2022-02-22 00:00:00
K020299;DISPOSITIVI PER CHIRURGIA CON GENERATORE A ULTRASUONI, MONOUSO - ALTRI;S;;2022-02-23 00:00:00;
K0203;DISPOSITIVI PER CHIRURGIA CON GENERATORE A RADIOFREQUENZA;N;;2007-02-20 00:00:00;2018-06-25 00:00:00
K0203;DISPOSITIVI PER CHIRURGIA CON GENERATORE A RADIOFREQUENZA  E RADIOFREQUENZA COMBINATA AD ULTRASUONI ;N;;2018-06-26 00:00:00;2022-02-22 00:00:00
K0203;DISPOSITIVI PER CHIRURGIA CON GENERATORE A RADIOFREQUENZA, MONOUSO;N;;2022-02-23 00:00:00;
K020301;STRUMENTARIO MONOUSO PER CHIRURGIA A RADIOFREQUENZA;N;;2007-02-20 00:00:00;2018-06-25 00:00:00
K020301;STRUMENTARIO MONOUSO PER CHIRURGIA A RADIOFREQUENZA E PER CHIRURGIA A RADIOFREQUENZA COMBINATA AD ULTRASUONI;N;;2018-06-26 00:00:00;2022-02-22 00:00:00
K020301;STRUMENTARIO PER CHIRURGIA A RADIOFREQUENZA, MONOUSO;N;;2022-02-23 00:00:00;
K02030101;ELETTRODI MONOUSO PER CHIRURGIA A RADIOFREQUENZA;S;;2007-02-20 00:00:00;2018-06-25 00:00:00
K02030101;ELETTRODI MONOUSO PER CHIRURGIA A RADIOFREQUENZA E PER CHIRURGIA A RADIOFREQUENZA COMBINATA AD ULTRASUONI;S;;2018-06-26 00:00:00;2022-02-22 00:00:00
K02030101;ELETTRODI PER CHIRURGIA A RADIOFREQUENZA, MONOUSO;S;;2022-02-23 00:00:00;
K02030102;PINZE MONOUSO PER CHIRURGIA A RADIOFREQUENZA;S;;2007-02-20 00:00:00;2018-06-25 00:00:00
K02030102;PINZE/FORBICI MONOUSO PER CHIRURGIA A RADIOFREQUENZA E PER CHIRURGIA A RADIOFREQUENZA COMBINATA AD ULTRASUONI;S;;2018-06-26 00:00:00;2022-02-22 00:00:00
K02030102;PINZE PER CHIRURGIA A RADIOFREQUENZA, MONOUSO;S;;2022-02-23 00:00:00;
K02030103;KIT DI STRUMENTARIO PER CHIRURGIA A RADIOFREQUENZA, MONOUSO;S;;2022-02-23 00:00:00;
K02030104;AGHI PER CHIRURGIA A RADIOFREQUENZA, MONOUSO;S;;2022-02-23 00:00:00;
K02030105;DISSETTORI PER CHIRURGIA A RADIOFREQUENZA, MONOUSO;S;;2022-02-23 00:00:00;
K02030106;CANNULE PER CHIRURGIA A RADIOFREQUENZA, MONOUSO;S;;2022-02-23 00:00:00;
K02030107;LAME PER CHIRURGIA A RADIOFREQUENZA, MONOUSO;S;;2022-02-23 00:00:00;
K02030108;FORBICI PER CHIRURGIA A RADIOFREQUENZA, MONOUSO;S;;2022-02-23 00:00:00;
K02030109;MANIPOLI PER CHIRURGIA A RADIOFREQUENZA, MONOUSO;S;;2022-02-23 00:00:00;
K02030110;MANIPOLATORI PER CHIRURGIA A RADIOFREQUENZA, MONOUSO;S;;2022-02-23 00:00:00;
K02030199;STRUMENTARIO MONOUSO PER CHIRURGIA A RADIOFREQUENZA - ALTRO;S;;2007-02-20 00:00:00;2018-06-25 00:00:00
K02030199;STRUMENTARIO MONOUSO PER CHIRURGIA A RADIOFREQUENZA  E PER CHIRURGIA A RADIOFREQUENZA COMBINATA AD ULTRASUONI - ALTRO  ;S;;2018-06-26 00:00:00;2022-02-22 00:00:00
K02030199;STRUMENTARIO PER CHIRURGIA A RADIOFREQUENZA , MONOUSO Â¿ ALTRO;S;;2022-02-23 00:00:00;
K020380;DISPOSITIVI PER CHIRURGIA CON GENERATORE A RADIOFREQUENZA - ACCESSORI;S;;2007-02-20 00:00:00;2018-06-25 00:00:00
K020380;DISPOSITIVI PER CHIRURGIA CON GENERATORE A RADIOFREQUENZA  E RADIOFREQUENZA COMBINATA AD ULTRASUONI - ACCESSORI ;S;;2018-06-26 00:00:00;2022-02-22 00:00:00
K020380;DISPOSITIVI PER CHIRURGIA CON GENERATORE A RADIOFREQUENZA, MONOUSO Â¿ ACCESSORI;S;;2022-02-23 00:00:00;
K020399;DISPOSITIVI PER CHIRURGIA CON GENERATORE A RADIOFREQUENZA - ALTRI;S;;2007-02-20 00:00:00;2018-06-25 00:00:00
K020399;DISPOSITIVI PER CHIRURGIA CON GENERATORE A RADIOFREQUENZA  E RADIOFREQUENZA COMBINATA AD ULTRASUONI- ALTRI  ;S;;2018-06-26 00:00:00;2022-02-22 00:00:00
K020399;DISPOSITIVI PER CHIRURGIA CON GENERATORE A RADIOFREQUENZA, MONOUSO - ALTRI;S;;2022-02-23 00:00:00;
K0204;DISPOSITIVI PER CHIRURGIA CON GENERATORE A GAS ARGON;N;;2007-02-20 00:00:00;2022-02-22 00:00:00
K0204;DISPOSITIVI PER CHIRURGIA CON GENERATORE A GAS ARGON, MONOUSO;N;;2022-02-23 00:00:00;
K020401;STRUMENTARIO MONOUSO PER CHIRURGIA A GAS ARGON;N;;2007-02-20 00:00:00;2022-02-22 00:00:00
K020401;STRUMENTARIO PER CHIRURGIA A GAS ARGON, MONOUSO;N;;2022-02-23 00:00:00;
K02040101;ELETTRODI MONOUSO PER CHIRURGIA A GAS ARGON;N;;2007-02-20 00:00:00;2022-02-22 00:00:00
K02040101;ELETTRODI PER CHIRURGIA A GAS ARGON, MONOUSO;N;;2022-02-23 00:00:00;
K0204010101;ELETTRODI MONOUSO PER CHIRURGIA A GAS ARGON A CIELO APERTO;S;;2007-02-20 00:00:00;2022-02-22 00:00:00
K0204010101;ELETTRODI PER CHIRURGIA A GAS ARGON A CIELO APERTO, MONOUSO;S;;2022-02-23 00:00:00;
K0204010102;ELETTRODI MONOUSO PER CHIRURGIA A GAS ARGON LAPAROSCOPICA;S;;2007-02-20 00:00:00;2022-02-22 00:00:00
K0204010102;ELETTRODI PER CHIRURGIA A GAS ARGON LAPARO- E TORACOSCOPICA, MONOUSO;S;;2022-02-23 00:00:00;
K02040102;MANIPOLI MONOUSO PER CHIRURGIA A GAS ARGON;S;;2007-02-20 00:00:00;2022-02-22 00:00:00
K02040102;MANIPOLI MONOUSO PER CHIRURGIA A GAS ARGON;N;;2022-02-23 00:00:00;2022-02-23 00:00:00
K02040102;MANIPOLI PER CHIRURGIA A GAS ARGON, MONOUSO;N;;2022-02-23 00:00:00;
K0204010201;MANIPOLI PER CHIRURGIA A GAS ARGON A CIELO APERTO, MONOUSO;S;;2022-02-23 00:00:00;
K0204010202;MANIPOLI PER CHIRURGIA A GAS ARGON LAPARO- E TORACOSCOPICA, MONOUSO;S;;2022-02-23 00:00:00;
K02040103;PINZE PER CHIRURGIA A GAS ARGON, MONOUSO;N;;2022-02-23 00:00:00;
K0204010301;PINZE PER CHIRURGIA A GAS ARGON A CIELO APERTO, MONOUSO;S;;2022-02-23 00:00:00;
K0204010302;PINZE PER CHIRURGIA A GAS ARGON LAPARO- E TORACOSCOPICA, MONOUSO;S;;2022-02-23 00:00:00;
K02040104;FORBICI PER CHIRURGIA A GAS ARGON, MONOUSO;N;;2022-02-23 00:00:00;
K0204010401;FORBICI PER CHIRURGIA A GAS ARGON A CIELO APERTO, MONOUSO;S;;2022-02-23 00:00:00;
K0204010402;FORBICI PER CHIRURGIA A GAS ARGON LAPARO- E TORACOSCOPICA, MONOUSO;S;;2022-02-23 00:00:00;
K02040105;LAME PER CHIRURGIA A GAS ARGON, MONOUSO;N;;2022-02-23 00:00:00;
K0204010501;LAME PER CHIRURGIA A GAS ARGON A CIELO APERTO, MONOUSO;S;;2022-02-23 00:00:00;
K0204010502;LAME PER CHIRURGIA A GAS ARGON LAPARO- E TORACOSCOPICA, MONOUSO;S;;2022-02-23 00:00:00;
K02040106;DISSETTORI PER CHIRURGIA A GAS ARGON, MONOUSO;N;;2022-02-23 00:00:00;
K0204010601;DISSETTORI PER CHIRURGIA A GAS ARGON A CIELO APERTO, MONOUSO;S;;2022-02-23 00:00:00;
K0204010602;DISSETTORI PER CHIRURGIA A GAS ARGON LAPARO- E TORACOSCOPICA, MONOUSO;S;;2022-02-23 00:00:00;
K02040107;CANNULE PER CHIRURGIA A GAS ARGON, MONOUSO;N;;2022-02-23 00:00:00;
K0204010701;CANNULE PER CHIRURGIA A GAS ARGON A CIELO APERTO, MONOUSO;S;;2022-02-23 00:00:00;
K0204010702;CANNULE PER CHIRURGIA A GAS ARGON LAPARO- E TORACOSCOPICA, MONOUSO;S;;2022-02-23 00:00:00;
K02040108;MANIPOLATORI PER CHIRURGIA A GAS ARGON, MONOUSO;N;;2022-02-23 00:00:00;
K0204010801;MANIPOLATORI PER CHIRURGIA A GAS ARGON A CIELO APERTO, MONOUSO;S;;2022-02-23 00:00:00;
K0204010802;MANIPOLATORI PER CHIRURGIA A GAS ARGON LAPARO- E TORACOSCOPICA, MONOUSO;S;;2022-02-23 00:00:00;
K02040109;KIT DI STRUMENTARIO PER CHIRURGIA A GAS ARGON, MONOUSO;S;;2022-02-23 00:00:00;
K02040199;STRUMENTARIO MONOUSO PER CHIRURGIA A GAS ARGON - ALTRO;S;;2007-02-20 00:00:00;2022-02-22 00:00:00
K02040199;STRUMENTARIO PER CHIRURGIA A GAS ARGON, MONOUSO - ALTRO;S;;2022-02-23 00:00:00;
K020480;DISPOSITIVI PER CHIRURGIA CON GENERATORE A GAS ARGON - ACCESSORI;S;;2007-02-20 00:00:00;2022-02-22 00:00:00
K020480;DISPOSITIVI PER CHIRURGIA CON GENERATORE A GAS ARGON, MONOUSO - ACCESSORI;S;;2022-02-23 00:00:00;
K020499;DISPOSITIVI PER CHIRURGIA CON GENERATORE A GAS ARGON - ALTRI;S;;2007-02-20 00:00:00;2022-02-22 00:00:00
K020499;DISPOSITIVI PER CHIRURGIA CON GENERATORE A GAS ARGON, MONOUSO - ALTRI;S;;2022-02-23 00:00:00;
K0205;DISPOSITIVI PER CHIRURGIA CON GENERATORI A RADIOFREQUENZA/ULTRASUONI COMBINATI, MONOUSO;N;;2022-02-23 00:00:00;
K020501;STRUMENTARIO PER CHIRURGIA A RADIOFREQUENZA/ULTRASUONI COMBINATI, MONOUSO;N;;2022-02-23 00:00:00;
K02050101;ELETTRODI PER CHIRURGIA A RADIOFREQUENZA/ULTRASUONI COMBINATI, MONOUSO;S;;2022-02-23 00:00:00;
K02050102;PINZE PER CHIRURGIA A RADIOFREQUENZA/ULTRASUONI COMBINATI, MONOUSO;S;;2022-02-23 00:00:00;
K02050103;KIT DI STRUMENTARIO PER CHIRURGIA A RADIOFREQUENZA/ULTRASUONI COMBINATI, MONOUSO;S;;2022-02-23 00:00:00;
K02050104;AGHI PER CHIRURGIA A RADIOFREQUENZA/ULTRASUONI COMBINATI, MONOUSO;S;;2022-02-23 00:00:00;
K02050105;DISSETTORI PER CHIRURGIA A RADIOFREQUENZA/ULTRASUONI COMBINATI, MONOUSO;S;;2022-02-23 00:00:00;
K02050106;CANNULE PER CHIRURGIA A RADIOFREQUENZA/ULTRASUONI COMBINATI, MONOUSO;S;;2022-02-23 00:00:00;
K02050107;LAME PER CHIRURGIA A RADIOFREQUENZA/ULTRASUONI COMBINATI, MONOUSO;S;;2022-02-23 00:00:00;
K02050108;FORBICI PER CHIRURGIA A RADIOFREQUENZA/ULTRASUONI COMBINATI, MONOUSO;S;;2022-02-23 00:00:00;
K02050109;MANIPOLI PER CHIRURGIA A RADIOFREQUENZA/ULTRASUONI COMBINATI, MONOUSO;S;;2022-02-23 00:00:00;
K02050110;MANIPOLATORI PER CHIRURGIA A RADIOFREQUENZA/ULTRASUONI COMBINATI, MONOUSO;S;;2022-02-23 00:00:00;
K0299;DISPOSITIVI PER ELETTROCHIRURGIA - ALTRI;S;;2007-02-20 00:00:00;2022-02-22 00:00:00
K0299;DISPOSITIVI PER ELETTROCHIRURGIA, MONOUSO - ALTRI;S;;2022-02-23 00:00:00;
K03;DISPOSITIVI PER ARTROSCOPIA;N;;2007-02-20 00:00:00;2022-02-22 00:00:00
K03;DISPOSITIVI PER ARTROSCOPIA, MONOUSO;N;;2022-02-23 00:00:00;
K0301;SISTEMI DI TRAZIONE PER ARTROSCOPIA;S;;2007-02-20 00:00:00;2022-02-22 00:00:00
K0301;SISTEMI DI TRAZIONE PER ARTROSCOPIA, MONOUSO;S;;2022-02-23 00:00:00;
K0302;DISPOSITIVI CHIRURGICI MONOUSO PER ARTROSCOPIA;N;;2007-02-20 00:00:00;2022-02-22 00:00:00
K0302;STRUMENTARIO CHIRURGICO PER ARTROSCOPIA, MONOUSO;N;;2022-02-23 00:00:00;
K030201;CANNULE MONOUSO PER ARTROSCOPIA;S;;2007-02-20 00:00:00;2022-02-22 00:00:00
K030201;CANNULE PER ARTROSCOPIA, MONOUSO;S;;2022-02-23 00:00:00;
K030202;FILI GUIDA MONOUSO PER ARTROSCOPIA;S;;2007-02-20 00:00:00;2022-02-22 00:00:00
K030202;FILI GUIDA PER ARTROSCOPIA, MONOUSO;S;;2022-02-23 00:00:00;
K030203;LAME MONOUSO PER ARTROSCOPIA;S;;2007-02-20 00:00:00;2022-02-22 00:00:00
K030203;LAME PER ARTROSCOPIA, MONOUSO;S;;2022-02-23 00:00:00;
K030204;FRESE MONOUSO PER ARTROSCOPIA;S;;2007-02-20 00:00:00;2022-02-22 00:00:00
K030204;FRESE PER ARTROSCOPIA, MONOUSO;S;;2022-02-23 00:00:00;
K030205;DISPOSITIVI DA SUTURA PER ARTROSCOPIA;S;;2007-02-20 00:00:00;2022-02-22 00:00:00
K030205;DISPOSITIVI DA SUTURA PER ARTROSCOPIA, MONOUSO - NON COMPRESI IN ALTRE CLASSI;S;;2022-02-23 00:00:00;
K030206;DISSETTORI PER ARTROSCOPIA, MONOUSO;S;;2022-02-23 00:00:00;
K030207;ELETTRODI PER ARTROSCOPIA, MONOUSO;S;;2022-02-23 00:00:00;
K030208;PINZE PER ARTROSCOPIA, MONOUSO;S;;2022-02-23 00:00:00;
K030209;FORBICI PER ARTROSCOPIA, MONOUSO;S;;2022-02-23 00:00:00;
K030210;MANIPOLI PER ARTROSCOPIA, MONOUSO;S;;2022-02-23 00:00:00;
K030211;MANIPOLATORI PER ARTROSCOPIA, MONOUSO;S;;2022-02-23 00:00:00;
K030212;KIT DI STRUMENTARIO PER ARTROSCOPIA, MONOUSO;S;;2022-02-23 00:00:00;
K030299;DISPOSITIVI CHIRURGICI MONOUSO PER ARTROSCOPIA - ALTRI;S;;2007-02-20 00:00:00;2022-02-22 00:00:00
K030299;STRUMENTARIO CHIRURGICO PER ARTROSCOPIA, MONOUSO - ALTRO;S;;2022-02-23 00:00:00;
K0380;DISPOSITIVI PER ARTROSCOPIA - ACCESSORI;S;;2007-02-20 00:00:00;2022-02-22 00:00:00
K0380;DISPOSITIVI PER ARTROSCOPIA, MONOUSO - ACCESSORI;S;;2022-02-23 00:00:00;
K0399;DISPOSITIVI PER ARTROSCOPIA - ALTRI;S;;2007-02-20 00:00:00;2022-02-22 00:00:00
K0399;DISPOSITIVI PER ARTROSCOPIA, MONOUSO - ALTRI;S;;2022-02-23 00:00:00;
L;STRUMENTARIO CHIRURGICO PLURIUSO O RIUSABILE;N;;2007-02-20 00:00:00;2022-02-22 00:00:00
L;STRUMENTARIO CHIRURGICO RIUTILIZZABILE;N;;2022-02-23 00:00:00;
L01;STRUMENTI TAGLIENTI (non ricompresi nel gruppo V01);N;;2007-02-20 00:00:00;2022-02-22 00:00:00
L01;STRUMENTI TAGLIENTI, RIUTILIZZABILI;N;;2022-02-23 00:00:00;
L0101;BISTURI NON STERILI;N;;2007-02-20 00:00:00;2022-02-22 00:00:00
L0101;BISTURI CHIRURGICI, RIUTILIZZABILI;N;;2022-02-23 00:00:00;
L010101;BISTURI CHIRURGICI MONOBLOCCO;S;;2007-02-20 00:00:00;2022-02-22 00:00:00
L010101;BISTURI CHIRURGICI MONOBLOCCO, RIUTILIZZABILI;S;;2022-02-23 00:00:00;
L010102;LAME PER BISTURI;S;;2007-02-20 00:00:00;2022-02-22 00:00:00
L010102;LAME PER BISTURI, RIUTILIZZABILI;S;;2022-02-23 00:00:00;
L010103;MANICI PER BISTURI;S;;2007-02-20 00:00:00;2022-02-22 00:00:00
L010103;MANICI PER BISTURI, RIUTILIZZABILI;S;;2022-02-23 00:00:00;
L0102;COLTELLI CHIRURGICI;S;;2007-02-20 00:00:00;2022-02-22 00:00:00
L0102;COLTELLI CHIRURGICI, RIUTILIZZABILI;S;;2022-02-23 00:00:00;
L0103;DERMOTOMI E LAME;S;;2007-02-20 00:00:00;2022-02-22 00:00:00
L0103;DERMOTOMI E LAME, RIUTILIZZABILI;S;;2022-02-23 00:00:00;
L0104;FORBICI;N;;2007-02-20 00:00:00;2022-02-22 00:00:00
L0104;FORBICI CHIRURGICHE, RIUTILIZZABILI;N;;2022-02-23 00:00:00;
L010401;FORBICI PER BENDE E VESTIARIO;N;;2007-02-20 00:00:00;2022-02-22 00:00:00
L010401;FORBICI PER BENDE E VESTIARIO, RIUTILIZZABILI;N;;2022-02-23 00:00:00;
L01040101;FORBICI PER GESSO;S;;2007-02-20 00:00:00;2022-02-22 00:00:00
L01040101;FORBICI PER GESSO, RIUTILIZZABILI;S;;2022-02-23 00:00:00;
L01040102;FORBICI PER BENDAGGI, RIUTILIZZABILI;S;;2022-02-23 00:00:00;
L01040103;FORBICI PER VESTIARIO, RIUTILIZZABILI;S;;2022-02-23 00:00:00;
L01040199;FORBICI PER BENDE E VESTIARIO - ALTRE;S;;2007-02-20 00:00:00;2022-02-22 00:00:00
L01040199;FORBICI PER BENDE E VESTIARIO, RIUTILIZZABILI - ALTRE;S;;2022-02-23 00:00:00;
L010402;FORBICI PER SUTURE;N;;2007-02-20 00:00:00;2022-02-22 00:00:00
L010402;FORBICI PER SUTURE CHIRURGICHE, RIUTILIZZABILI;N;;2022-02-23 00:00:00;
L01040201;FORBICI LEVAPUNTI;S;;2007-02-20 00:00:00;2022-02-22 00:00:00
L01040201;FORBICI LEVAPUNTI, RIUTILIZZABILI;S;;2022-02-23 00:00:00;
L01040202;FORBICI PER LEGATURE;S;;2007-02-20 00:00:00;2022-02-22 00:00:00
L01040202;FORBICI PER LEGATURE, RIUTILIZZABILI;S;;2022-02-23 00:00:00;
L01040299;FORBICI PER SUTURE - ALTRE;S;;2007-02-20 00:00:00;2022-02-22 00:00:00
L01040299;FORBICI PER SUTURE CHIRURGICHE, RIUTILIZZABILI - ALTRE;S;;2022-02-23 00:00:00;
L010403;FORBICI PER DISSEZIONE;S;;2007-02-20 00:00:00;2022-02-22 00:00:00
L010403;FORBICI PER DISSEZIONE CHIRURGICA, RIUTILIZZABILI;S;;2022-02-23 00:00:00;
L010404;FORBICI PER CHIRURGIA CARDIOVASCOLARE;N;;2007-02-20 00:00:00;2022-02-22 00:00:00
L010404;FORBICI PER CHIRURGIA CARDIOVASCOLARE, RIUTILIZZABILI;N;;2022-02-23 00:00:00;
L01040401;FORBICI CARDIACHE;S;;2007-02-20 00:00:00;2022-02-22 00:00:00
L01040401;FORBICI CARDIACHE, RIUTILIZZABILI;S;;2022-02-23 00:00:00;
L01040402;FORBICI VASCOLARI;S;;2007-02-20 00:00:00;2022-02-22 00:00:00
L01040402;FORBICI VASCOLARI, RIUTILIZZABILI;S;;2022-02-23 00:00:00;
L010405;FORBICI PER OFTALMOLOGIA;N;;2007-02-20 00:00:00;2022-02-22 00:00:00
L010405;FORBICI PER OFTALMOLOGIA, RIUTILIZZABILI;N;;2022-02-23 00:00:00;
L01040501;FORBICI CORNEALI;S;;2007-02-20 00:00:00;2022-02-22 00:00:00
L01040501;FORBICI CORNEALI, RIUTILIZZABILI;S;;2022-02-23 00:00:00;
L01040502;FORBICI PER ENUCLEAZIONE OCULARE;S;;2007-02-20 00:00:00;2022-02-22 00:00:00
L01040502;FORBICI PER ENUCLEAZIONE OCULARE, RIUTILIZZABILI;S;;2022-02-23 00:00:00;
L01040503;FORBICI PER IRIDE;S;;2007-02-20 00:00:00;2022-02-22 00:00:00
L01040503;FORBICI PER IRIDE, RIUTILIZZABILI;S;;2022-02-23 00:00:00;
L01040504;FORBICI PER CHIRURGIA VITREO-RETINICA;S;;2010-09-13 13:02:51;2022-02-22 00:00:00
L01040504;FORBICI PER CHIRURGIA VITREO-RETINICA, RIUTILIZZABILI;S;;2022-02-23 00:00:00;
L01040505;FORBICI PER CONGIUNTIVA;S;;2010-09-13 13:02:55;2022-02-22 00:00:00
L01040505;FORBICI PER CONGIUNTIVA, RIUTILIZZABILI;S;;2022-02-23 00:00:00;
L01040506;FORBICI PER TENOTOMIA E CORREZIONE DELLO STRABISMO;S;;2010-09-13 13:02:59;2022-02-22 00:00:00
L01040506;FORBICI PER TENOTOMIA E CORREZIONE DELLO STRABISMO, RIUTILIZZABILI;S;;2022-02-23 00:00:00;
L01040507;FORBICI PER BLEFAROPLASTICA, RIUTILIZZABILI;S;;2022-02-23 00:00:00;
L01040508;FORBICI PER IMPIANTI ENDOCULARI, RIUTILIZZABILI;S;;2022-02-23 00:00:00;
L01040509;FORBICI PER ANNESSI OCULARI, RIUTILIZZABILI;N;;2022-02-23 00:00:00;
L0104050901;FORBICI CILIARI, RIUTILIZZABILI;S;;2022-02-23 00:00:00;
L0104050999;FORBICI PER ANNESSI OCULARI, RIUTILIZZABILI - ALTRE;S;;2022-02-23 00:00:00;
L01040510;FORBICI PER CAPSULOTOMIA, RIUTILIZZABILI;S;;2022-02-23 00:00:00;
L01040599;FORBICI PER OFTALMOLOGIA - ALTRE;S;;2007-02-20 00:00:00;2022-02-22 00:00:00
L01040599;FORBICI PER OFTALMOLOGIA, RIUTILIZZABILI - ALTRE;S;;2022-02-23 00:00:00;
L010406;FORBICI PER CHIRURGIA OTORINOLARINGOIATRICA;N;;2007-02-20 00:00:00;2022-02-22 00:00:00
L010406;FORBICI PER CHIRURGIA OTORINOLARINGOIATRICA, RIUTILIZZABILI;N;;2022-02-23 00:00:00;
L01040601;FORBICI NASALI;S;;2007-02-20 00:00:00;2022-02-22 00:00:00
L01040601;FORBICI NASALI, RIUTILIZZABILI;S;;2022-02-23 00:00:00;
L01040602;FORBICI PER CHIRURGIA DELL'ORECCHIO;S;;2007-02-20 00:00:00;2022-02-22 00:00:00
L01040602;FORBICI PER CHIRURGIA DELL'ORECCHIO, RIUTILIZZABILI;S;;2022-02-23 00:00:00;
L01040603;FORBICI TONSILLARI;S;;2007-02-20 00:00:00;2022-02-22 00:00:00
L01040603;FORBICI TONSILLARI, RIUTILIZZABILI;S;;2022-02-23 00:00:00;
L01040604;FORBICI LARINGEE, RIUTILIZZABILI;S;;2022-02-23 00:00:00;
L01040699;FORBICI PER CHIRURGIA OTORINOLARINGOIATRICA - ALTRE;S;;2007-02-20 00:00:00;2022-02-22 00:00:00
L01040699;FORBICI PER CHIRURGIA OTORINOLARINGOIATRICA, RIUTILIZZABILI - ALTRE;S;;2022-02-23 00:00:00;
L010407;FORBICI PER NEUROCHIRURGIA;N;;2007-02-20 00:00:00;2022-02-22 00:00:00
L010407;FORBICI PER NEUROCHIRURGIA, RIUTILIZZABILI;N;;2022-02-23 00:00:00;
L01040701;FORBICI PER DURA MADRE;S;;2007-02-20 00:00:00;2022-02-22 00:00:00
L01040701;FORBICI PER DURA MADRE, RIUTILIZZABILI;S;;2022-02-23 00:00:00;
L01040702;FORBICI PER NERVI, RIUTILIZZABILI;S;;2022-02-23 00:00:00;
L01040799;FORBICI PER NEUROCHIRURGIA - ALTRE;S;;2007-02-20 00:00:00;2022-02-22 00:00:00
L01040799;FORBICI PER NEUROCHIRURGIA, RIUTILIZZABILI - ALTRE;S;;2022-02-23 00:00:00;
L010408;FORBICI PER GASTROENTEROLOGIA;N;;2007-02-20 00:00:00;2022-02-22 00:00:00
L010408;FORBICI PER GASTROENTEROLOGIA, RIUTILIZZABILI;N;;2022-02-23 00:00:00;
L01040801;FORBICI INTESTINALI;N;;2007-02-20 00:00:00;2022-02-22 00:00:00
L01040801;FORBICI INTESTINALI, RIUTILIZZABILI;N;;2022-02-23 00:00:00;
L0104080101;FORBICI RETTALI;S;;2007-02-20 00:00:00;2022-02-22 00:00:00
L0104080101;FORBICI RETTALI, RIUTILIZZABILI;S;;2022-02-23 00:00:00;
L0104080102;FORBICI PER ENTEROTOMIA, RIUTILIZZABILI;S;;2022-02-23 00:00:00;
L0104080199;FORBICI INTESTINALI - ALTRE;S;;2008-06-30 00:00:00;2022-02-22 00:00:00
L0104080199;FORBICI INTESTINALI, RIUTILIZZABILI - ALTRE;S;;2022-02-23 00:00:00;
L01040899;FORBICI PER GASTROENTEROLOGIA - ALTRE;S;;2007-02-20 00:00:00;2022-02-22 00:00:00
L01040899;FORBICI PER GASTROENTEROLOGIA, RIUTILIZZABILI - ALTRE;S;;2022-02-23 00:00:00;
L010409;FORBICI PER CHIRURGIA TORACICA;S;;2007-02-20 00:00:00;2022-02-22 00:00:00
L010409;FORBICI PER CHIRURGIA TORACICA, RIUTILIZZABILI;S;;2022-02-23 00:00:00;
L010410;FORBICI PER ODONTOSTOMATOLOGIA;S;;2007-02-20 00:00:00;2022-02-22 00:00:00
L010410;FORBICI PER ODONTOSTOMATOLOGIA, RIUTILIZZABILI;N;;2022-02-23 00:00:00;
L010410;FORBICI PER ODONTOSTOMATOLOGIA;N;;2022-02-23 00:00:00;2022-02-23 00:00:00
L01041001;FORBICI GENGIVALI, RIUTILIZZABILI;S;;2022-02-23 00:00:00;
L01041099;FORBICI PER ODONTOSTOMATOLOGIA, RIUTILIZZABILI - ALTRE;S;;2022-02-23 00:00:00;
L010411;FORBICI PER CHIRURGIA OSTETRICO-GINECOLOGICA;N;;2007-02-20 00:00:00;2022-02-22 00:00:00
L010411;FORBICI PER CHIRURGIA OSTETRICO-GINECOLOGICA, RIUTILIZZABILI;N;;2022-02-23 00:00:00;
L01041101;FORBICI PER OSTETRICIA;N;;2007-02-20 00:00:00;2022-02-22 00:00:00
L01041101;FORBICI PER OSTETRICIA, RIUTILIZZABILI;N;;2022-02-23 00:00:00;
L0104110101;FORBICI OMBELICALI;S;;2007-02-20 00:00:00;2022-02-22 00:00:00
L0104110101;FORBICI OMBELICALI, RIUTILIZZABILI;S;;2022-02-23 00:00:00;
L0104110102;FORBICI PER EPISIOTOMIA;S;;2007-02-20 00:00:00;2022-02-22 00:00:00
L0104110102;FORBICI PER EPISIOTOMIA, RIUTILIZZABILI;S;;2022-02-23 00:00:00;
L0104110103;FORBICI PER CEFALOTOMIA;S;;2007-02-20 00:00:00;2022-02-22 00:00:00
L0104110103;FORBICI PER CEFALOTOMIA, RIUTILIZZABILI;S;;2022-02-23 00:00:00;
L0104110199;FORBICI PER OSTETRICIA - ALTRE;S;;2008-06-30 00:00:00;2022-02-22 00:00:00
L0104110199;FORBICI PER OSTETRICIA, RIUTILIZZABILI - ALTRE;S;;2022-02-23 00:00:00;
L01041102;FORBICI PER GINECOLOGIA;N;;2007-02-20 00:00:00;2022-02-22 00:00:00
L01041102;FORBICI PER GINECOLOGIA, RIUTILIZZABILI;N;;2022-02-23 00:00:00;
L0104110201;FORBICI UTERINE;S;;2007-02-20 00:00:00;2022-02-22 00:00:00
L0104110201;FORBICI UTERINE, RIUTILIZZABILI;S;;2022-02-23 00:00:00;
L0104110202;FORBICI PER PARAMETRIO;S;;2007-02-20 00:00:00;2022-02-22 00:00:00
L0104110202;FORBICI PER PARAMETRIO, RIUTILIZZABILI;S;;2022-02-23 00:00:00;
L0104110299;FORBICI PER GINECOLOGIA - ALTRE;S;;2008-06-30 00:00:00;2022-02-22 00:00:00
L0104110299;FORBICI PER GINECOLOGIA, RIUTILIZZABILI - ALTRE;S;;2022-02-23 00:00:00;
L01041199;FORBICI PER CHIRURGIA OSTETRICO-GINECOLOGICA - ALTRE;S;;2007-02-20 00:00:00;2022-02-22 00:00:00
L01041199;FORBICI PER CHIRURGIA OSTETRICO-GINECOLOGICA, RIUTILIZZABILI - ALTRE;S;;2022-02-23 00:00:00;
L010412;FORBICI PER CHIRURGIA ORTOPEDICA;N;;2007-02-20 00:00:00;2022-02-22 00:00:00
L010412;FORBICI PER CHIRURGIA ORTOPEDICA, RIUTILIZZABILI;N;;2022-02-23 00:00:00;
L01041201;FORBICI OSSEE;S;;2007-02-20 00:00:00;2022-02-22 00:00:00
L01041201;FORBICI OSSEE, RIUTILIZZABILI;S;;2022-02-23 00:00:00;
L01041202;FORBICI PER FILI E PLACCHE METALLICHE;S;;2007-02-20 00:00:00;2008-06-30 00:00:00
L01041202;FORBICI PER FILI E PLACCHE METALLICHE, RIUTILIZZABILI;S;;2022-02-23 00:00:00;
L01041299;FORBICI PER CHIRURGIA ORTOPEDICA - ALTRE;S;;2007-02-20 00:00:00;2022-02-22 00:00:00
L01041299;FORBICI PER CHIRURGIA ORTOPEDICA, RIUTILIZZABILI - ALTRE;S;;2022-02-23 00:00:00;
L010413;FORBICI PER MICROCHIRURGIA;S;;2007-02-20 00:00:00;2022-02-22 00:00:00
L010413;FORBICI PER MICROCHIRURGIA, RIUTILIZZABILI;S;;2022-02-23 00:00:00;
L010499;FORBICI CHIRURGICHE - ALTRE;S;;2007-02-20 00:00:00;2022-02-22 00:00:00
L010499;FORBICI CHIRURGICHE, RIUTILIZZABILI - ALTRE;S;;2022-02-23 00:00:00;
L0107;SEGHE;S;;2007-02-20 00:00:00;2022-02-22 00:00:00
L0107;SEGHE E LAME CHIRURGICHE, RIUTILIZZABILI;N;;2022-02-23 00:00:00;
L0107;SEGHE;N;;2022-02-23 00:00:00;2022-02-23 00:00:00
L010701;SEGHE CHIRURGICHE MANUALI, RIUTILIZZABILI;S;;2022-02-23 00:00:00;
L010702;LAME PER SEGHE CHIRURGICHE MANUALI, RIUTILIZZABILI;S;;2022-02-23 00:00:00;
L010703;LAME PER SEGHE CHIRURGICHE MOTORIZZATE, RIUTILIZZABILI;S;;2022-02-23 00:00:00;
L0180;STRUMENTI TAGLIENTI - ACCESSORI;S;;2007-02-20 00:00:00;2022-02-22 00:00:00
L0180;STRUMENTI TAGLIENTI, RIUTILIZZABILI - ACCESSORI;S;;2022-02-23 00:00:00;
L0199;STRUMENTI TAGLIENTI - ALTRI;S;;2007-02-20 00:00:00;2022-02-22 00:00:00
L0199;STRUMENTI TAGLIENTI, RIUTILIZZABILI - ALTRI;S;;2022-02-23 00:00:00;
L02;STRUMENTI PER SUTURA;N;;2007-02-20 00:00:00;2022-02-22 00:00:00
L02;STRUMENTI PER SUTURA, RIUTILIZZABILI;N;;2022-02-23 00:00:00;
L0201;AGHI PER LEGATURA;S;;2007-02-20 00:00:00;2022-02-22 00:00:00
L0201;AGHI E APPLICATORI PER LEGATURE, RIUTILIZZABILI;S;;2022-02-23 00:00:00;
L0202;AGHI PER SUTURA;S;;2007-02-20 00:00:00;2022-02-22 00:00:00
L0202;AGHI PER SUTURA, RIUTILIZZABILI;S;;2022-02-23 00:00:00;
L0203;CONTENITORI PER AGHI;S;;2007-02-20 00:00:00;2022-02-22 00:00:00
L0203;CONTENITORI PER AGHI, RIUTILIZZABILI;S;;2022-02-23 00:00:00;
L0204;LEVAPUNTI;S;;2007-02-20 00:00:00;2022-02-22 00:00:00
L0204;LEVAPUNTI, RIUTILIZZABILI;S;;2022-02-23 00:00:00;
L0205;PORTAGHI;S;;2007-02-20 00:00:00;2022-02-22 00:00:00
L0205;PORTAGHI, RIUTILIZZABILI;S;;2022-02-23 00:00:00;
L0206;SONDE SCANALATE;S;;2007-02-20 00:00:00;2022-02-22 00:00:00
L0206;SONDE SCANALATE, RIUTILIZZABILI;S;;2022-02-23 00:00:00;
L0207;SPINGINODI, RIUTILIZZABILI;S;;2022-02-23 00:00:00;
L0208;APPLICATORI MULTIPLI DI CLIPS, RIUTILIZZABILI;N;;2022-02-23 00:00:00;
L020801;APPLICATORI MULTIPLI DI CLIPS PER CHIRURGIA APERTA, RIUTILIZZABILI;S;;2022-02-23 00:00:00;
L020802;APPLICATORI MULTIPLI DI CLIPS PER VIDEOCHIRURGIA, RIUTILIZZABILI;S;;2022-02-23 00:00:00;
L0299;STRUMENTI PER SUTURA - ALTRI;S;;2007-02-20 00:00:00;2022-02-22 00:00:00
L0299;STRUMENTI PER SUTURA, RIUTILIZZABILI - ALTRI;S;;2022-02-23 00:00:00;
L03;STRUMENTARIO PER CHIRURGIA GENERALE;N;;2007-02-20 00:00:00;2022-02-22 00:00:00
L03;STRUMENTARIO PER CHIRURGIA GENERALE, RIUTILIZZABILE;N;;2022-02-23 00:00:00;
L0301;CANNULE CHIRURGICHE (non ricomprese nel gruppo A);N;;2007-02-20 00:00:00;2022-02-22 00:00:00
L0301;CANNULE CHIRURGICHE E MANIPOLI PER CHIRURGIA GENERALE, RIUTILIZZABILI;N;;2022-02-23 00:00:00;
L030101;CANNULE CHIRURGICHE DA ASPIRAZIONE E LAVAGGIO;S;;2007-02-20 00:00:00;2022-02-22 00:00:00
L030101;CANNULE CHIRURGICHE E MANIPOLI PER ASPIRAZIONE E LAVAGGIO, RIUTILIZZABILI;S;;2022-02-23 00:00:00;
L030199;CANNULE CHIRURGICHE - ALTRE;S;;2007-02-20 00:00:00;2022-02-22 00:00:00
L030199;CANNULE CHIRURGICHE E MANIPOLI PER CHIRURGIA GENERALE, RIUTILIZZABILI - ALTRE;S;;2022-02-23 00:00:00;
L0311;SONDE E SPECILLI;N;;2007-02-20 00:00:00;2022-02-22 00:00:00
L0311;SONDE E SPECILLI, RIUTILIZZABILI;N;;2022-02-23 00:00:00;
L031101;SONDE PER FISTOLE;S;;2007-02-20 00:00:00;2022-02-22 00:00:00
L031101;SONDE PER FISTOLE, RIUTILIZZABILI;S;;2022-02-23 00:00:00;
L031102;SONDE PER ESPLORAZIONE, RIUTILIZZABILI;S;;2022-02-23 00:00:00;
L031103;SONDE BOTTONUTE, RIUTILIZZABILI;S;;2022-02-23 00:00:00;
L031104;SPECILLI CHIRURGICI, RIUTILIZZABILI;S;;2022-02-23 00:00:00;
L031199;SONDE E SPECILLI - ALTRI;S;;2007-02-20 00:00:00;2022-02-22 00:00:00
L031199;SONDE E SPECILLI, RIUTILIZZABILI - ALTRI;S;;2022-02-23 00:00:00;
L0312;TREQUARTI (non ricompresi nel gruppo A) ;S;;2007-02-20 00:00:00;2022-02-22 00:00:00
L0312;TREQUARTI (non ricompresi nel gruppo A) ;N;;2022-02-23 00:00:00;2022-02-23 00:00:00
L0312;TROCAR CHIRURGICI, RIUTILIZZABILI;N;;2022-02-23 00:00:00;
L031201;TROCAR TORACICI, RIUTILIZZABILI;S;;2022-02-23 00:00:00;
L031202;TROCAR ADDOMINALI, RIUTILIZZABILI;S;;2022-02-23 00:00:00;
L031203;TROCAR PER CHIRURGIA OTORINOLARINGOIATRICA, RIUTILIZZABILI;S;;2022-02-23 00:00:00;
L031204;TROCAR PER CHIRURGIA ARTROSCOPICA, RIUTILIZZABILI;S;;2022-02-23 00:00:00;
L031205;TROCAR PER CHIRURGIA ORTOPEDICA, RIUTILIZZABILI;S;;2022-02-23 00:00:00;
L031280;TROCAR CHIRURGICI, RIUTILIZZABILI - ACCESSORI;S;;2022-02-23 00:00:00;
L031299;TROCAR CHIRURGICI, RIUTILIZZABILI - ALTRI;S;;2022-02-23 00:00:00;
L0313;PINZE PER CHIRURGIA GENERALE;N;;2007-02-20 00:00:00;2022-02-22 00:00:00
L0313;PINZE PER CHIRURGIA GENERALE, RIUTILIZZABILI;N;;2022-02-23 00:00:00;
L031301;PINZE DA BIOPSIA PER CHIRURGIA GENERALE;S;;2007-02-20 00:00:00;2022-02-22 00:00:00
L031301;PINZE DA BIOPSIA PER CHIRURGIA GENERALE, RIUTILIZZABILI;S;;2022-02-23 00:00:00;
L031302;PINZE DA MEDICAZIONE;S;;2007-02-20 00:00:00;2022-02-22 00:00:00
L031302;PINZE DA MEDICAZIONE, RIUTILIZZABILI;S;;2022-02-23 00:00:00;
L031303;PINZE PORTATAMPONI;S;;2007-02-20 00:00:00;2022-02-22 00:00:00
L031303;PINZE PORTATAMPONI, RIUTILIZZABILI;S;;2022-02-23 00:00:00;
L031304;PINZE DA PRESA;N;;2007-02-20 00:00:00;2022-02-22 00:00:00
L031304;PINZE DA PRESA, RIUTILIZZABILI;N;;2022-02-23 00:00:00;
L03130401;PINZE DA PRESA DI TESSUTI E ORGANI;S;;2007-02-20 00:00:00;2022-02-22 00:00:00
L03130401;PINZE DA PRESA DI TESSUTI E ORGANI, RIUTILIZZABILI;S;;2022-02-23 00:00:00;
L03130402;PINZE PER CORPI ESTRANEI;S;;2007-02-20 00:00:00;2022-02-22 00:00:00
L03130402;PINZE PER CORPI ESTRANEI, RIUTILIZZABILI;S;;2022-02-23 00:00:00;
L03130403;PINZE PER SCHEGGE;S;;2007-02-20 00:00:00;2022-02-22 00:00:00
L03130403;PINZE PER SCHEGGE, RIUTILIZZABILI;S;;2022-02-23 00:00:00;
L03130499;PINZE DA PRESA - ALTRE;S;;2008-06-30 00:00:00;2022-02-22 00:00:00
L03130499;PINZE DA PRESA, RIUTILIZZABILI- ALTRE;S;;2022-02-23 00:00:00;
L031305;PINZE PER TESSUTI E BENDAGGI;S;;2007-02-20 00:00:00;2022-02-22 00:00:00
L031305;PINZE PER TESSUTI E BENDAGGI, RIUTILIZZABILI;S;;2022-02-23 00:00:00;
L031306;PINZE EMOSTATICHE;S;;2007-02-20 00:00:00;2022-02-22 00:00:00
L031306;PINZE EMOSTATICHE, RIUTILIZZABILI;S;;2022-02-23 00:00:00;
L031307;PINZE FERMATELI E FERMATUBI;S;;2007-02-20 00:00:00;2022-02-22 00:00:00
L031307;PINZE FERMATELI E FERMATUBI, RIUTILIZZABILI;S;;2022-02-23 00:00:00;
L031308;PINZETTE CHIRURGICHE E ANATOMICHE;S;;2007-02-20 00:00:00;2022-02-22 00:00:00
L031308;PINZETTE CHIRURGICHE E ANATOMICHE, RIUTILIZZABILI;S;;2022-02-23 00:00:00;
L031309;PINZE PASSAFILI;S;;2007-02-20 00:00:00;2022-02-22 00:00:00
L031309;PINZE PASSAFILI, RIUTILIZZABILI;S;;2022-02-23 00:00:00;
L031310;PINZE PER DISSEZIONE;S;;2007-02-20 00:00:00;2022-02-22 00:00:00
L031310;PINZE PER DISSEZIONE, RIUTILIZZABILI;S;;2022-02-23 00:00:00;
L031311;CLIPS CUTANEE;S;;2007-02-20 00:00:00;2022-02-23 00:00:00
L031312;PINZE DA INTUBAZIONE;S;;2007-02-20 00:00:00;2022-02-22 00:00:00
L031312;PINZE PER INTUBAZIONE, RIUTILIZZABILI;S;;2022-02-23 00:00:00;
L031399;PINZE PER CHIRURGIA GENERALE - ALTRE;S;;2007-02-20 00:00:00;2022-02-22 00:00:00
L031399;PINZE PER CHIRURGIA GENERALE, RIUTILIZZABILI - ALTRE;S;;2022-02-23 00:00:00;
L0314;DIVARICATORI E SPATOLE PER CHIRURGIA GENERALE;N;;2007-02-20 00:00:00;2022-02-22 00:00:00
L0314;DIVARICATORI E SPATOLE PER CHIRURGIA GENERALE, RIUTILIZZABILI;N;;2022-02-23 00:00:00;
L031401;DIVARICATORI E RETRATTORI PER CHIRURGIA GENERALE;N;;2007-02-20 00:00:00;2022-02-22 00:00:00
L031401;DIVARICATORI E RETRATTORI PER CHIRURGIA GENERALE, RIUTILIZZABILI;N;;2022-02-23 00:00:00;
L03140101;DIVARICATORI AUTOSTATICI;S;;2007-02-20 00:00:00;2022-02-22 00:00:00
L03140101;DIVARICATORI AUTOSTATICI, RIUTILIZZABILI;S;;2022-02-23 00:00:00;
L03140102;DIVARICATORI VAGINALI;S;;2007-02-20 00:00:00;2022-02-22 00:00:00
L03140102;DIVARICATORI VAGINALI, RIUTILIZZABILI;S;;2022-02-23 00:00:00;
L03140103;RETRATTORI E DIVARICATORI VASCOLARI;S;;2007-02-20 00:00:00;2022-02-22 00:00:00
L03140103;RETRATTORI E DIVARICATORI VASCOLARI, RIUTILIZZABILI;S;;2022-02-23 00:00:00;
L03140104;UNCINI DIVARICATORI;S;;2007-02-20 00:00:00;2022-02-22 00:00:00
L03140104;UNCINI DIVARICATORI, RIUTILIZZABILI;S;;2022-02-23 00:00:00;
L03140105;RETRATTORI CUTANEI;S;;2007-02-20 00:00:00;2022-02-22 00:00:00
L03140105;RETRATTORI CUTANEI, RIUTILIZZABILI;S;;2022-02-23 00:00:00;
L03140199;DIVARICATORI E RETRATTORI PER CHIRURGIA GENERALE - ALTRI;S;;2007-02-20 00:00:00;2022-02-22 00:00:00
L03140199;DIVARICATORI E RETRATTORI PER CHIRURGIA GENERALE, RIUTILIZZABILI - ALTRI;S;;2022-02-23 00:00:00;
L031402;SPATOLE PER CHIRURGIA GENERALE;S;;2007-02-20 00:00:00;2022-02-22 00:00:00
L031402;SPATOLE PER CHIRURGIA GENERALE, RIUTILIZZABILI;S;;2022-02-23 00:00:00;
L0315;DISSETTORI PER CHIRURGIA GENERALE;S;;2007-02-20 00:00:00;2022-02-22 00:00:00
L0315;DISSETTORI PER CHIRURGIA GENERALE, RIUTILIZZABILI;S;;2022-02-23 00:00:00;
L0316;CASCHI E OCCHIALI BINOCULARI PER CHIRURGO;S;;2022-02-23 00:00:00;
L0317;ADATTATORI E CONNETTORI PER  CHIRURGIA GENERALE, RIUTILIZZABILI;S;;2022-02-23 00:00:00;
L0318;STRUMENTARIO PER SOSTEGNO DI DISPOSITIVI CHIRURGICI, RIUTILIZZABILE;S;;2022-02-23 00:00:00;
L0399;STRUMENTARIO PER CHIRURGIA GENERALE - ALTRO;S;;2007-02-20 00:00:00;2022-02-22 00:00:00
L0399;STRUMENTARIO PER CHIRURGIA GENERALE, RIUTILIZZABILE - ALTRO;S;;2022-02-23 00:00:00;
L04;STRUMENTARIO PER CHIRURGIA ADDOMINALE;N;;2007-02-20 00:00:00;2022-02-22 00:00:00
L04;STRUMENTARIO PER CHIRURGIA ADDOMINALE, RIUTILIZZABILE;N;;2022-02-23 00:00:00;
L0406;RETTOSCOPI E ANOSCOPI RIGIDI;S;;2007-02-20 00:00:00;2022-02-22 00:00:00
L0406;RETTOSCOPI E ANOSCOPI RIGIDI, RIUTILIZZABILI;S;;2022-02-23 00:00:00;
L0408;PINZE SPECIALI PER CHIRURGIA ADDOMINALE;N;;2007-02-20 00:00:00;2022-02-22 00:00:00
L0408;PINZE SPECIALI PER CHIRURGIA ADDOMINALE, RIUTILIZZABILI;N;;2022-02-23 00:00:00;
L040801;PINZE SPECIALI PER FEGATO E VIE BILIARI;N;;2007-02-20 00:00:00;2022-02-22 00:00:00
L040801;PINZE SPECIALI PER FEGATO E VIE BILIARI, RIUTILIZZABILI;N;;2022-02-23 00:00:00;
L04080101;PINZE PER COLECISTI;S;;2007-02-20 00:00:00;2022-02-22 00:00:00
L04080101;PINZE PER COLECISTI, RIUTILIZZABILI;S;;2022-02-23 00:00:00;
L04080102;PINZE PER CALCOLI BILIARI;S;;2007-02-20 00:00:00;2022-02-22 00:00:00
L04080102;PINZE PER CALCOLI BILIARI, RIUTILIZZABILI;S;;2022-02-23 00:00:00;
L04080103;PINZE PER VIE BILIARI;S;;2007-02-20 00:00:00;2022-02-22 00:00:00
L04080103;PINZE PER VIE BILIARI, RIUTILIZZABILI;S;;2022-02-23 00:00:00;
L04080199;PINZE SPECIALI PER FEGATO E VIE BILIARI - ALTRE;S;;2007-02-20 00:00:00;2022-02-22 00:00:00
L04080199;PINZE SPECIALI PER FEGATO E VIE BILIARI, RIUTILIZZABILI - ALTRE;S;;2022-02-23 00:00:00;
L040802;PINZE SPECIALI PER APPARATO GASTROINTESTINALE;N;;2007-02-20 00:00:00;2022-02-22 00:00:00
L040802;PINZE SPECIALI PER APPARATO GASTROINTESTINALE, RIUTILIZZABILI;N;;2022-02-23 00:00:00;
L04080201;PINZE ESOFAGEE;S;;2007-02-20 00:00:00;2022-02-22 00:00:00
L04080201;PINZE ESOFAGEE, RIUTILIZZABILI;S;;2022-02-23 00:00:00;
L04080202;PINZE GASTRICHE;S;;2007-02-20 00:00:00;2022-02-22 00:00:00
L04080202;PINZE GASTRICHE, RIUTILIZZABILI;S;;2022-02-23 00:00:00;
L04080203;PINZE INTESTINALI;N;;2007-02-20 00:00:00;2022-02-22 00:00:00
L04080203;PINZE INTESTINALI, RIUTILIZZABILI;N;;2022-02-23 00:00:00;
L0408020301;PINZE DA PRESA DI TESSUTI INTESTINALI;S;;2007-02-20 00:00:00;2022-02-22 00:00:00
L0408020301;PINZE DA PRESA DI TESSUTI INTESTINALI, RIUTILIZZABILI;S;;2022-02-23 00:00:00;
L0408020302;ENTEROSTATI;S;;2007-02-20 00:00:00;2022-02-22 00:00:00
L0408020302;ENTEROSTATI, RIUTILIZZABILI;S;;2022-02-23 00:00:00;
L0408020303;PINZE BIOPTICHE RETTALI;S;;2007-02-20 00:00:00;2022-02-22 00:00:00
L0408020303;PINZE BIOPTICHE RETTALI, RIUTILIZZABILI;S;;2022-02-23 00:00:00;
L0408020304;PINZE PER COMPRESSIONE INTESTINALE;S;;2007-02-20 00:00:00;2022-02-22 00:00:00
L0408020304;PINZE PER COMPRESSIONE INTESTINALE, RIUTILIZZABILI;S;;2022-02-23 00:00:00;
L0408020305;PINZE PER ANASTOMOSI INTESTINALI;S;;2007-02-20 00:00:00;2022-02-22 00:00:00
L0408020305;PINZE PER ANASTOMOSI INTESTINALI, RIUTILIZZABILI;S;;2022-02-23 00:00:00;
L0408020306;PINZE EMORROIDALI;S;;2007-02-20 00:00:00;2022-02-22 00:00:00
L0408020306;PINZE EMORROIDALI, RIUTILIZZABILI;S;;2022-02-23 00:00:00;
L0408020399;PINZE INTESTINALI - ALTRE;S;;2007-02-20 00:00:00;2022-02-22 00:00:00
L0408020399;PINZE INTESTINALI, RIUTILIZZABILI - ALTRE;S;;2022-02-23 00:00:00;
L04080204;PINZE PERITONEALI;S;;2007-02-20 00:00:00;2022-02-22 00:00:00
L04080204;PINZE PERITONEALI, RIUTILIZZABILI;S;;2022-02-23 00:00:00;
L04080299;PINZE SPECIALI PER APPARATO GASTROINTESTINALE - ALTRE;S;;2008-06-30 00:00:00;2022-02-22 00:00:00
L04080299;PINZE SPECIALI PER APPARATO GASTROINTESTINALE, RIUTILIZZABILI - ALTRE;S;;2022-02-23 00:00:00;
L0409;DILATATORI E DIVARICATORI PER CHIRURGIA ADDOMINALE;N;;2007-02-20 00:00:00;2022-02-22 00:00:00
L0409;DILATATORI E DIVARICATORI PER CHIRURGIA ADDOMINALE, RIUTILIZZABILI;N;;2022-02-23 00:00:00;
L040901;DIVARICATORI ADDOMINALI;S;;2007-02-20 00:00:00;2022-02-22 00:00:00
L040901;DIVARICATORI ADDOMINALI, RIUTILIZZABILI;S;;2022-02-23 00:00:00;
L040902;DIVARICATORI RETTALI E ANALI;S;;2007-02-20 00:00:00;2022-02-22 00:00:00
L040902;DIVARICATORI RETTALI E ANALI, RIUTILIZZABILI;S;;2022-02-23 00:00:00;
L040903;DILATATORI GASTRICI;S;;2007-02-20 00:00:00;2022-02-22 00:00:00
L040903;DILATATORI GASTRICI, RIUTILIZZABILI;S;;2022-02-23 00:00:00;
L040999;DILATATORI E DIVARICATORI PER CHIRURGIA ADDOMINALE - ALTRI;S;;2007-02-20 00:00:00;2022-02-22 00:00:00
L040999;DILATATORI E DIVARICATORI PER CHIRURGIA ADDOMINALE, RIUTILIZZABILI - ALTRI;S;;2022-02-23 00:00:00;
L0410;SONDE PER CHIRURGIA ADDOMINALE;N;;2007-02-20 00:00:00;2022-02-22 00:00:00
L0410;SONDE PER CHIRURGIA ADDOMINALE, RIUTILIZZABILI;N;;2022-02-23 00:00:00;
L041001;SONDE CHIRURGICHE PER FEGATO E VIE BILIARI;N;;2007-02-20 00:00:00;2022-02-22 00:00:00
L041001;SONDE CHIRURGICHE PER FEGATO E VIE BILIARI, RIUTILIZZABILI;N;;2022-02-23 00:00:00;
L04100101;SONDE CHIRURGICHE BILIARI;S;;2007-02-20 00:00:00;2022-02-22 00:00:00
L04100101;SONDE CHIRURGICHE BILIARI, RIUTILIZZABILI;S;;2022-02-23 00:00:00;
L04100102;SONDE CHIRURGICHE PER FEGATO;S;;2007-02-20 00:00:00;2022-02-22 00:00:00
L04100102;SONDE CHIRURGICHE PER FEGATO, RIUTILIZZABILI;S;;2022-02-23 00:00:00;
L041002;SONDE CHIRURGICHE PER APPARATO DIGERENTE;N;;2007-02-20 00:00:00;2022-02-22 00:00:00
L041002;SONDE CHIRURGICHE PER APPARATO DIGERENTE, RIUTILIZZABILI;N;;2022-02-23 00:00:00;
L04100201;SONDE CHIRURGICHE ESOFAGEE;S;;2007-02-20 00:00:00;2022-02-22 00:00:00
L04100201;SONDE CHIRURGICHE ESOFAGEE, RIUTILIZZABILI;S;;2022-02-23 00:00:00;
L04100202;SONDE CHIRURGICHE RETTALI;S;;2007-02-20 00:00:00;2022-02-22 00:00:00
L04100202;SONDE CHIRURGICHE RETTALI, RIUTILIZZABILI;S;;2022-02-23 00:00:00;
L04100299;SONDE CHIRURGICHE PER APPARATO DIGERENTE - ALTRE;S;;2007-02-20 00:00:00;2022-02-22 00:00:00
L04100299;SONDE CHIRURGICHE PER APPARATO DIGERENTE, RIUTILIZZABILI - ALTRE;S;;2022-02-23 00:00:00;
L0411;KIT DI STRUMENTARIO PER CHIRURGIA ADDOMINALE, RIUTILIZZABILE;S;;2022-02-23 00:00:00;
L0499;STRUMENTARIO PER CHIRURGIA ADDOMINALE - ALTRO;S;;2007-02-20 00:00:00;2022-02-22 00:00:00
L0499;STRUMENTARIO PER CHIRURGIA ADDOMINALE, RIUTILIZZABILE - ALTRO;S;;2022-02-23 00:00:00;
L05;STRUMENTARIO PER OSTETRICIA E GINECOLOGIA;N;;2007-02-20 00:00:00;2022-02-22 00:00:00
L05;STRUMENTARIO PER OSTETRICIA E GINECOLOGIA, RIUTILIZZABILE;N;;2022-02-23 00:00:00;
L0508;STRUMENTARIO PER OSTETRICIA;N;;2007-02-20 00:00:00;2022-02-22 00:00:00
L0508;STRUMENTARIO PER OSTETRICIA, RIUTILIZZABILE;N;;2022-02-23 00:00:00;
L050801;FORCIPI;S;;2007-02-20 00:00:00;2022-02-22 00:00:00
L050801;FORCIPI PER OSTETRICIA, RIUTILIZZABILI;S;;2022-02-23 00:00:00;
L050802;AMNIOTOMI PLURIUSO;S;;2007-02-20 00:00:00;2022-02-22 00:00:00
L050802;AMNIOTOMI, RIUTILIZZABILI;S;;2022-02-23 00:00:00;
L050803;PINZE PER CHIRURGIA OSTETRICA;N;;2007-02-20 00:00:00;2022-02-22 00:00:00
L050803;PINZE PER CHIRURGIA OSTETRICA, RIUTILIZZABILI;N;;2022-02-23 00:00:00;
L05080301;CLAMP PER CHIRURGIA OSTETRICA;N;;2007-02-20 00:00:00;2022-02-22 00:00:00
L05080301;CLAMP PER CHIRURGIA OSTETRICA, RIUTILIZZABILI;N;;2022-02-23 00:00:00;
L0508030101;PINZE PER CLAMPAGGIO OMBELICALE;S;;2007-02-20 00:00:00;2022-02-22 00:00:00
L0508030101;PINZE PER CLAMPAGGIO OMBELICALE, RIUTILIZZABILI;S;;2022-02-23 00:00:00;
L0508030199;CLAMP PER CHIRURGIA OSTETRICA - ALTRI;S;;2008-06-30 00:00:00;2022-02-22 00:00:00
L0508030199;CLAMP PER CHIRURGIA OSTETRICA, RIUTILIZZABILI - ALTRI;S;;2022-02-23 00:00:00;
L05080302;PINZE DA PRESA OSTETRICHE;S;;2007-02-20 00:00:00;2022-02-22 00:00:00
L05080302;PINZE DA PRESA OSTETRICHE, RIUTILIZZABILI;S;;2022-02-23 00:00:00;
L05080303;PINZE PER PLACENTA E TESSUTI ABORTIVI;S;;2007-02-20 00:00:00;2022-02-22 00:00:00
L05080303;PINZE PER PLACENTA E TESSUTI ABORTIVI, RIUTILIZZABILI;S;;2022-02-23 00:00:00;
L05080399;PINZE PER CHIRURGIA OSTETRICA - ALTRE;S;;2007-02-20 00:00:00;2022-02-22 00:00:00
L05080399;PINZE PER CHIRURGIA OSTETRICA, RIUTILIZZABILI - ALTRE;S;;2022-02-23 00:00:00;
L050804;UNCINI PER OSTETRICIA;S;;2007-02-20 00:00:00;2022-02-22 00:00:00
L050804;UNCINI PER OSTETRICIA, RIUTILIZZABILI;S;;2022-02-23 00:00:00;
L050899;STRUMENTARIO PER OSTETRICIA - ALTRO;S;;2007-02-20 00:00:00;2022-02-22 00:00:00
L050899;STRUMENTARIO PER OSTETRICIA, RIUTILIZZABILE - ALTRO;S;;2022-02-23 00:00:00;
L0509;STRUMENTARIO PER CHIRURGIA GINECOLOGICA;N;;2007-02-20 00:00:00;2022-02-22 00:00:00
L0509;STRUMENTARIO PER CHIRURGIA GINECOLOGICA, RIUTILIZZABILE;N;;2022-02-23 00:00:00;
L050901;CURETTE UTERINE;S;;2007-02-20 00:00:00;2022-02-22 00:00:00
L050901;CURETTE UTERINE, RIUTILIZZABILI;S;;2022-02-23 00:00:00;
L050902;DILATATORI E DIVARICATORI PER USO GINECOLOGICO;N;;2007-02-20 00:00:00;2022-02-22 00:00:00
L050902;DILATATORI E DIVARICATORI PER USO GINECOLOGICO, RIUTILIZZABILI;N;;2022-02-23 00:00:00;
L05090201;DILATATORI PER USO GINECOLOGICO;N;;2007-02-20 00:00:00;2022-02-22 00:00:00
L05090201;DILATATORI PER USO GINECOLOGICO, RIUTILIZZABILI;N;;2022-02-23 00:00:00;
L0509020101;DILATATORI VAGINALI;S;;2007-02-20 00:00:00;2022-02-22 00:00:00
L0509020101;DILATATORI VAGINALI, RIUTILIZZABILI;S;;2022-02-23 00:00:00;
L0509020102;DILATATORI CERVICALI;S;;2007-02-20 00:00:00;2022-02-22 00:00:00
L0509020102;DILATATORI CERVICALI, RIUTILIZZABILI;S;;2022-02-23 00:00:00;
L0509020103;DILATATORI TUBARICI, RIUTILIZZABILI;S;;2022-02-23 00:00:00;
L0509020199;DILATATORI PER USO GINECOLOGICO - ALTRI;S;;2007-02-20 00:00:00;2022-02-22 00:00:00
L0509020199;DILATATORI PER USO GINECOLOGICO, RIUTILIZZABILI - ALTRI;S;;2022-02-23 00:00:00;
L05090202;DIVARICATORI PER USO GINECOLOGICO;N;;2007-02-20 00:00:00;2022-02-22 00:00:00
L05090202;DIVARICATORI PER USO GINECOLOGICO, RIUTILIZZABILI;N;;2022-02-23 00:00:00;
L0509020201;RETRATTORI UTERINI;S;;2007-02-20 00:00:00;2022-02-22 00:00:00
L0509020201;RETRATTORI UTERINI, RIUTILIZZABILI;S;;2022-02-23 00:00:00;
L0509020299;DIVARICATORI PER USO GINECOLOGICO - ALTRI;S;;2007-02-20 00:00:00;2022-02-22 00:00:00
L0509020299;DIVARICATORI PER USO GINECOLOGICO, RIUTILIZZABILI - ALTRI;S;;2022-02-23 00:00:00;
L050903;PINZE PER CHIRURGIA GINECOLOGICA;N;;2007-02-20 00:00:00;2022-02-22 00:00:00
L050903;PINZE PER CHIRURGIA GINECOLOGICA, RIUTILIZZABILI;N;;2022-02-23 00:00:00;
L05090301;PINZE DA BIOPSIA GINECOLOGICA;S;;2007-02-20 00:00:00;2022-02-22 00:00:00
L05090301;PINZE DA BIOPSIA GINECOLOGICA, RIUTILIZZABILI;S;;2022-02-23 00:00:00;
L05090302;PINZE UTERINE;N;;2007-02-20 00:00:00;2022-02-22 00:00:00
L05090302;PINZE UTERINE, RIUTILIZZABILI;N;;2022-02-23 00:00:00;
L0509030201;PINZE PER ISTERECTOMIA;S;;2007-02-20 00:00:00;2022-02-22 00:00:00
L0509030201;PINZE PER ISTERECTOMIA, RIUTILIZZABILI;S;;2022-02-23 00:00:00;
L0509030202;PINZE DA PRESA UTERINE;S;;2007-02-20 00:00:00;2022-02-22 00:00:00
L0509030202;PINZE DA PRESA UTERINE, RIUTILIZZABILI;S;;2022-02-23 00:00:00;
L0509030203;PINZE PER PARAMETRIO;S;;2007-02-20 00:00:00;2022-02-22 00:00:00
L0509030203;PINZE PER PARAMETRIO, RIUTILIZZABILI;S;;2022-02-23 00:00:00;
L0509030299;PINZE UTERINE - ALTRE;S;;2007-02-20 00:00:00;2022-02-22 00:00:00
L0509030299;PINZE UTERINE, RIUTILIZZABILI - ALTRE;S;;2022-02-23 00:00:00;
L05090399;PINZE PER CHIRURGIA GINECOLOGICA - ALTRE;S;;2007-02-20 00:00:00;2022-02-22 00:00:00
L05090399;PINZE PER CHIRURGIA GINECOLOGICA, RIUTILIZZABILI - ALTRE;S;;2022-02-23 00:00:00;
L050905;SONDE PER CHIRURGIA GINECOLOGICA;N;;2007-02-20 00:00:00;2022-02-22 00:00:00
L050905;SONDE PER CHIRURGIA GINECOLOGICA, RIUTILIZZABILI;N;;2022-02-23 00:00:00;
L05090501;SONDE CHIRURGICHE UTERINE;S;;2007-02-20 00:00:00;2022-02-22 00:00:00
L05090501;SONDE CHIRURGICHE UTERINE, RIUTILIZZABILI;S;;2022-02-23 00:00:00;
L05090599;SONDE PER CHIRURGIA GINECOLOGICA - ALTRE;S;;2007-02-20 00:00:00;2022-02-22 00:00:00
L05090599;SONDE PER CHIRURGIA GINECOLOGICA, RIUTILIZZABILI - ALTRE;S;;2022-02-23 00:00:00;
L0590;STRUMENTARIO PER OSTETRICIA E GINECOLOGIA - VARIO;N;;2007-02-20 00:00:00;2022-02-22 00:00:00
L0590;STRUMENTARIO PER OSTETRICIA E GINECOLOGIA, RIUTILIZZABILE - VARIO;N;;2022-02-23 00:00:00;
L059001;SPECULI VAGINALI PLURIUSO;S;;2007-02-20 00:00:00;2022-02-22 00:00:00
L059001;SPECULI VAGINALI, RIUTILIZZABILI;S;;2022-02-23 00:00:00;
L059002;LEVE UTERINE;S;;2007-02-20 00:00:00;2022-02-22 00:00:00
L059002;LEVE UTERINE, RIUTILIZZABILI;S;;2022-02-23 00:00:00;
L059003;UNCINI PER USO GINECOLOGICO;S;;2007-02-20 00:00:00;2022-02-22 00:00:00
L059003;UNCINI PER USO GINECOLOGICO, RIUTILIZZABILI;S;;2022-02-23 00:00:00;
L059004;MANIPOLATORI UTERINI, RIUTILIZZABILI;S;;2022-02-23 00:00:00;
L059005;AGHI PER CERCHIAGGIO CERVICALE, RIUTILIZZABILI;S;;2022-02-23 00:00:00;
L059006;BISTURI E COLTELLI PER CHIRURGIA OSTETRICA E GINECOLOGICA, RIUTILIZZABILI;S;;2022-02-23 00:00:00;
L059007;ESTRATTORI DI MIOMI UTERINI, RIUTILIZZABILI;S;;2022-02-23 00:00:00;
L059008;KIT DI STRUMENTARIO PER CHIRURGIA OSTETRICA E GINECOLOGICA, RIUTILIZZABILE;S;;2022-02-23 00:00:00;
L059099;STRUMENTARIO PER OSTETRICIA E GINECOLOGIA - ALTRO;S;;2007-02-20 00:00:00;2022-02-22 00:00:00
L059099;STRUMENTARIO PER OSTETRICIA E GINECOLOGIA, RIUTILIZZABILE - ALTRO;S;;2022-02-23 00:00:00;
L06;STRUMENTARIO PER UROLOGIA;N;;2007-02-20 00:00:00;2022-02-22 00:00:00
L06;STRUMENTARIO PER UROLOGIA, RIUTILIZZABILE;N;;2022-02-23 00:00:00;
L0604;STRUMENTARIO PER ENDOUROLOGIA;S;;2007-02-20 00:00:00;2022-02-22 00:00:00
L0604;STRUMENTARIO PER ENDOUROLOGIA;N;;2022-02-23 00:00:00;2022-02-23 00:00:00
L0604;STRUMENTARIO PER UROLOGIA ENDOSCOPICA, RIUTILIZZABILE;N;;2022-02-23 00:00:00;
L060401;FORBICI PER UROLOGIA ENDOSCOPICA, RIUTILIZZABILI;S;;2022-02-23 00:00:00;
L060402;MANIPOLATORI PER UROLOGIA ENDOSCOPICA, RIUTILIZZABILI;S;;2022-02-23 00:00:00;
L060403;PINZE PER UROLOGIA ENDOSCOPICA, RIUTILIZZABILI;S;;2022-02-23 00:00:00;
L060404;DISSETTORI PER UROLOGIA ENDOSCOPICA, RIUTILIZZABILI;S;;2022-02-23 00:00:00;
L060405;BISTURI PER UROLOGIA ENDOSCOPICA, RIUTILIZZABILI;N;;2022-02-23 00:00:00;
L06040501;URETROTOMI E URETEROTOMI PER CHIRURGIA ENDOSCOPICA, RIUTILIZZABILI;S;;2022-02-23 00:00:00;
L06040599;BISTURI PER UROLOGIA ENDOSCOPICA, RIUTILIZZABILI Â¿ ALTRI;S;;2022-02-23 00:00:00;
L060406;CESTELLI DI RECUPERO PER UROLOGIA ENDOSCOPICA, RIUTILIZZABILI;S;;2022-02-23 00:00:00;
L060407;CAMICIE PER UROLOGIA ENDOSCOPICA, RIUTILIZZABILI;S;;2022-02-23 00:00:00;
L060408;OTTURATORI PER UROLOGIA ENDOSCOPICA, RIUTILIZZABILI;S;;2022-02-23 00:00:00;
L060409;CANNULE PER UROLOGIA ENDOSCOPICA, RIUTILIZZABILI;S;;2022-02-23 00:00:00;
L060410;AGHI PER UROLOGIA ENDOSCOPICA, RIUTILIZZABILI;S;;2022-02-23 00:00:00;
L060411;DIVARICATORI E RETRATTORI PER UROLOGIA ENDOSCOPICA, RIUTILIZZABILI;S;;2022-02-23 00:00:00;
L060412;DILATATORI PER UROLOGIA ENDOSCOPICA, RIUTILIZZABILI;S;;2022-02-23 00:00:00;
L060413;ADATTATORI E CONNETTORI PER UROLOGIA ENDOSCOPICA, RIUTILIZZABILI;S;;2022-02-23 00:00:00;
L060480;STRUMENTARIO PER UROLOGIA ENDOSCOPICA, RIUTILIZZABILE Â¿ ACCESSORI;S;;2022-02-23 00:00:00;
L060499;STRUMENTARIO PER UROLOGIA ENDOSCOPICA, RIUTILIZZABILE Â¿ ALTRO;S;;2022-02-23 00:00:00;
L0605;DILATATORI E DIVARICATORI UROLOGICI;N;;2007-02-20 00:00:00;2022-02-22 00:00:00
L0605;DILATATORI E DIVARICATORI PER UROLOGIA NON ENDOSCOPICA, RIUTILIZZABILI;N;;2022-02-23 00:00:00;
L060501;STRUMENTARIO PER DILATAZIONE UROLOGICA;N;;2007-02-20 00:00:00;2022-02-22 00:00:00
L060501;STRUMENTARIO PER DILATAZIONE UROLOGICA NON ENDOSCOPICA, RIUTILIZZABILE;N;;2022-02-23 00:00:00;
L06050101;STRUMENTARIO PER DILATAZIONE URETRALE;S;;2007-02-20 00:00:00;2022-02-22 00:00:00
L06050101;STRUMENTARIO PER DILATAZIONE URETRALE NON ENDOSCOPICA, RIUTILIZZABILE;S;;2022-02-23 00:00:00;
L06050199;STRUMENTARIO PER DILATAZIONE UROLOGICA - ALTRO;S;;2007-02-20 00:00:00;2022-02-22 00:00:00
L06050199;STRUMENTARIO PER DILATAZIONE UROLOGICA NON ENDOSCOPICA, RIUTILIZZABILE - ALTRO;S;;2022-02-23 00:00:00;
L060502;DIVARICATORI UROLOGICI;N;;2007-02-20 00:00:00;2022-02-22 00:00:00
L060502;DIVARICATORI PER UROLOGIA NON ENDOSCOPICA, RIUTILIZZABILI;N;;2022-02-23 00:00:00;
L06050201;DIVARICATORI E RETRATTORI VESCICALI;S;;2007-02-20 00:00:00;2022-02-22 00:00:00
L06050201;DIVARICATORI E RETRATTORI VESCICALI NON ENDOSCOPICI, RIUTILIZZABILI;S;;2022-02-23 00:00:00;
L06050202;DIVARICATORI E RETRATTORI PROSTATICI NON ENDOSCOPICI, RIUTILIZZABILI;S;;2022-02-23 00:00:00;
L06050299;DIVARICATORI UROLOGICI - ALTRI;S;;2007-02-20 00:00:00;2022-02-22 00:00:00
L06050299;DIVARICATORI PER UROLOGIA NON ENDOSCOPICA, RIUTILIZZABILI - ALTRI;S;;2022-02-23 00:00:00;
L0606;PINZE PER UROLOGIA;N;;2007-02-20 00:00:00;2022-02-22 00:00:00
L0606;PINZE PER UROLOGIA NON ENDOSCOPICA, RIUTILIZZABILI;N;;2022-02-23 00:00:00;
L060601;PINZE RENALI;N;;2007-02-20 00:00:00;2022-02-22 00:00:00
L060601;PINZE RENALI NON ENDOSCOPICHE, RIUTILIZZABILI;N;;2022-02-23 00:00:00;
L06060101;PINZE DA CALCOLI RENALI;S;;2007-02-20 00:00:00;2022-02-22 00:00:00
L06060101;PINZE PER CALCOLI RENALI NON ENDOSCOPICHE, RIUTILIZZABILI;S;;2022-02-23 00:00:00;
L06060102;PINZE DA PEDUNCOLO RENALE;S;;2007-02-20 00:00:00;2022-02-22 00:00:00
L06060102;PINZE DA PEDUNCOLO RENALE NON ENDOSCOPICHE, RIUTILIZZABILI;S;;2022-02-23 00:00:00;
L06060103;PINZE DA PRESA RENALI;S;;2007-02-20 00:00:00;2022-02-22 00:00:00
L06060103;PINZE DA PRESA RENALI NON ENDOSCOPICHE, RIUTILIZZABILI;S;;2022-02-23 00:00:00;
L06060199;PINZE RENALI - ALTRE;S;;2008-06-30 00:00:00;2022-02-22 00:00:00
L06060199;PINZE RENALI NON ENDOSCOPICHE, RIUTILIZZABILI - ALTRE;S;;2022-02-23 00:00:00;
L060602;PINZE PER VIE URINARIE;S;;2007-02-20 00:00:00;2022-02-22 00:00:00
L060602;PINZE PER VIE URINARIE NON ENDOSCOPICHE, RIUTILIZZABILI;S;;2022-02-23 00:00:00;
L060603;PINZE PER GENITALI MASCHILI ESTERNI;N;;2007-02-20 00:00:00;2022-02-22 00:00:00
L060603;PINZE PER GENITALI MASCHILI ESTERNI, RIUTILIZZABILI;N;;2022-02-23 00:00:00;
L06060301;CLAMP PER GENITALI MASCHILI ESTERNI;N;;2007-02-20 00:00:00;2022-02-22 00:00:00
L06060301;CLAMP PER GENITALI MASCHILI ESTERNI, RIUTILIZZABILI;N;;2022-02-23 00:00:00;
L0606030101;CLAMP PENIENI;S;;2007-02-20 00:00:00;2022-02-22 00:00:00
L0606030101;CLAMP PENIENI, RIUTILIZZABILI;S;;2022-02-23 00:00:00;
L0606030199;CLAMP PER GENITALI MASCHILI ESTERNI - ALTRI;S;;2008-06-30 00:00:00;2022-02-22 00:00:00
L0606030199;CLAMP PER GENITALI MASCHILI ESTERNI, RIUTILIZZABILI - ALTRI;S;;2022-02-23 00:00:00;
L06060399;PINZE PER GENITALI MASCHILI ESTERNI - ALTRE;S;;2008-06-30 00:00:00;2022-02-22 00:00:00
L06060399;PINZE PER GENITALI MASCHILI ESTERNI, RIUTILIZZABILI - ALTRE;S;;2022-02-23 00:00:00;
L060604;PINZE PROSTATICHE;S;;2007-02-20 00:00:00;2022-02-22 00:00:00
L060604;PINZE PROSTATICHE NON ENDOSCOPICHE, RIUTILIZZABILI;S;;2022-02-23 00:00:00;
L060699;PINZE PER UROLOGIA - ALTRE;S;;2007-02-20 00:00:00;2022-02-22 00:00:00
L060699;PINZE PER UROLOGIA NON ENDOSCOPICA, RIUTILIZZABILI - ALTRE;S;;2022-02-23 00:00:00;
L0607;MANIPOLI PER ACCESSI SOVRAPUBICI, RIUTILIZZABILI;S;;2022-02-23 00:00:00;
L0608;MANIPOLATORI CHIRURGICI DELLE VIE URINARIE NON ENDOSCOPICI, RIUTILIZZABILI;S;;2022-02-23 00:00:00;
L0609;KIT DI STRUMENTARIO PER CHIRURGIA UROLOGICA, RIUTILIZZABILE;S;;2022-02-23 00:00:00;
L0610;SPATOLE PER CHIRURGIA UROLOGICA NON ENDOSCOPICHE, RIUTILIZZABILI;S;;2022-02-23 00:00:00;
L0611;AGHI PER UROLOGIA NON ENDOSCOPICA, RIUTILIZZABILI;S;;2022-02-23 00:00:00;
L0699;STRUMENTARIO PER UROLOGIA - ALTRO;S;;2007-02-20 00:00:00;2022-02-22 00:00:00
L0699;STRUMENTARIO PER UROLOGIA, RIUTILIZZABILE - ALTRO;S;;2022-02-23 00:00:00;
L07;STRUMENTARIO PER CHIRURGIA CARDIOVASCOLARE;N;;2007-02-20 00:00:00;2022-02-22 00:00:00
L07;STRUMENTARIO PER CHIRURGIA CARDIOVASCOLARE, RIUTILIZZABILE;N;;2022-02-23 00:00:00;
L0707;STRUMENTARIO PER CHIRURGIA CARDIACA;N;;2007-02-20 00:00:00;2022-02-22 00:00:00
L0707;STRUMENTARIO PER CHIRURGIA CARDIACA, RIUTILIZZABILE;N;;2022-02-23 00:00:00;
L070701;PINZE PER CHIRURGIA CARDIACA;S;;2007-02-20 00:00:00;2022-02-22 00:00:00
L070701;PINZE PER CHIRURGIA CARDIACA, RIUTILIZZABILI;S;;2022-02-23 00:00:00;
L070702;DILATATORI E DIVARICATORI CARDIACI;N;;2007-02-20 00:00:00;2022-02-22 00:00:00
L070702;DILATATORI E DIVARICATORI CARDIACI, RIUTILIZZABILI;N;;2022-02-23 00:00:00;
L07070201;DILATATORI CARDIACI;N;;2007-02-20 00:00:00;2022-02-22 00:00:00
L07070201;DILATATORI CARDIACI, RIUTILIZZABILI;N;;2022-02-23 00:00:00;
L0707020101;DILATATORI VALVOLARI;S;;2007-02-20 00:00:00;2022-02-22 00:00:00
L0707020101;DILATATORI VALVOLARI, RIUTILIZZABILI;S;;2022-02-23 00:00:00;
L0707020199;DILATATORI CARDIACI - ALTRI;S;;2008-06-30 00:00:00;2022-02-22 00:00:00
L0707020199;DILATATORI CARDIACI, RIUTILIZZABILI - ALTRI;S;;2022-02-23 00:00:00;
L07070202;RETRATTORI CARDIACI;S;;2007-02-20 00:00:00;2022-02-22 00:00:00
L07070202;RETRATTORI CARDIACI, RIUTILIZZABILI;S;;2022-02-23 00:00:00;
L070703;VALVULOTOMI CARDIACI;S;;2007-02-20 00:00:00;2022-02-22 00:00:00
L070703;VALVULOTOMI CARDIACI, RIUTILIZZABILI;S;;2022-02-23 00:00:00;
L070704;STRUMENTARIO PER MISURAZIONI IN CHIRURGIA CARDIACA, RIUTILIZZABILE;S;;2022-02-23 00:00:00;
L070705;KIT DI STRUMENTARIO PER CHIRURGIA CARDIACA, RIUTILIZZABILE;S;;2022-02-23 00:00:00;
L070799;STRUMENTARIO PER CHIRURGIA CARDIACA - ALTRO;S;;2007-02-20 00:00:00;2022-02-22 00:00:00
L070799;STRUMENTARIO PER CHIRURGIA CARDIACA, RIUTILIZZABILE - ALTRO;S;;2022-02-23 00:00:00;
L0708;STRUMENTARIO PER CHIRURGIA VASCOLARE;N;;2007-02-20 00:00:00;2022-02-22 00:00:00
L0708;STRUMENTARIO PER CHIRURGIA VASCOLARE, RIUTILIZZABILE;N;;2022-02-23 00:00:00;
L070801;PINZE PER CHIRURGIA VASCOLARE;N;;2007-02-20 00:00:00;2022-02-22 00:00:00
L070801;PINZE PER CHIRURGIA VASCOLARE, RIUTILIZZABILI;N;;2022-02-23 00:00:00;
L07080101;CLIPS VASCOLARI;N;;2007-02-20 00:00:00;2022-02-22 00:00:00
L07080101;CLIPS VASCOLARI, RIUTILIZZABILI;N;;2022-02-23 00:00:00;
L0708010101;CLIPS VASCOLARI BULLDOG;S;;2007-02-20 00:00:00;2022-02-22 00:00:00
L0708010101;CLIPS VASCOLARI BULLDOG, RIUTILIZZABILI;S;;2022-02-23 00:00:00;
L0708010180;CLIPS VASCOLARI - ACCESSORI;N;;2007-02-20 00:00:00;2022-02-22 00:00:00
L0708010180;CLIPS VASCOLARI, RIUTILIZZABILI - ACCESSORI;N;;2022-02-23 00:00:00;
L070801018001;PINZE PER APPLICAZIONE E RIMOZIONE DI CLIPS VASCOLARI;S;;2007-02-20 00:00:00;2022-02-22 00:00:00
L070801018001;PINZE PER APPLICAZIONE E RIMOZIONE DI CLIPS VASCOLARI, RIUTILIZZABILI;S;;2022-02-23 00:00:00;
L070801018099;CLIPS VASCOLARI, RIUTILIZZABILI - ACCESSORI ALTRI;S;;2022-02-23 00:00:00;
L0708010199;CLIPS VASCOLARI - ALTRE;S;;2007-02-20 00:00:00;2022-02-22 00:00:00
L0708010199;CLIPS VASCOLARI, RIUTILIZZABILI - ALTRE;S;;2022-02-23 00:00:00;
L07080102;ANGIOSTATI E PINZE PER CLAMPAGGIO VASCOLARE GENERICO;S;;2007-02-20 00:00:00;2022-02-22 00:00:00
L07080102;ANGIOSTATI E PINZE PER CLAMPAGGIO VASCOLARE GENERICO, RIUTILIZZABILI;S;;2022-02-23 00:00:00;
L07080103;PINZE PER ANASTOMOSI VASCOLARI;S;;2007-02-20 00:00:00;2022-02-22 00:00:00
L07080103;PINZE PER ANASTOMOSI VASCOLARI, RIUTILIZZABILI;S;;2022-02-23 00:00:00;
L07080104;APPROSSIMATORI VASCOLARI;S;;2007-02-20 00:00:00;2022-02-22 00:00:00
L07080104;APPROSSIMATORI VASCOLARI, RIUTILIZZABILI;S;;2022-02-23 00:00:00;
L07080105;PINZE PER VASI SPECIFICI;N;;2007-02-20 00:00:00;2022-02-22 00:00:00
L07080105;PINZE PER VASI SPECIFICI, RIUTILIZZABILI;N;;2022-02-23 00:00:00;
L0708010501;PINZE AORTICHE;S;;2007-02-20 00:00:00;2022-02-22 00:00:00
L0708010501;PINZE AORTICHE, RIUTILIZZABILI;S;;2022-02-23 00:00:00;
L0708010502;PINZE CAROTIDEE;S;;2007-02-20 00:00:00;2022-02-22 00:00:00
L0708010502;PINZE CAROTIDEE, RIUTILIZZABILI;S;;2022-02-23 00:00:00;
L0708010503;PINZE PER VENA CAVA;S;;2007-02-20 00:00:00;2022-02-22 00:00:00
L0708010503;PINZE PER VENA CAVA, RIUTILIZZABILI;S;;2022-02-23 00:00:00;
L0708010599;PINZE PER VASI SPECIFICI - ALTRE;S;;2008-06-30 00:00:00;2022-02-22 00:00:00
L0708010599;PINZE PER VASI SPECIFICI, RIUTILIZZABILI - ALTRE;S;;2022-02-23 00:00:00;
L07080199;PINZE PER CHIRURGIA VASCOLARE - ALTRE;S;;2007-02-20 00:00:00;2022-02-22 00:00:00
L07080199;PINZE PER CHIRURGIA VASCOLARE, RIUTILIZZABILI - ALTRE;S;;2022-02-23 00:00:00;
L070802;DILATATORI VASCOLARI;S;;2007-02-20 00:00:00;2022-02-22 00:00:00
L070802;DILATATORI VASCOLARI, RIUTILIZZABILI;S;;2022-02-23 00:00:00;
L070803;SPATOLE VASCOLARI;S;;2007-02-20 00:00:00;2022-02-22 00:00:00
L070803;SPATOLE VASCOLARI, RIUTILIZZABILI;S;;2022-02-23 00:00:00;
L070804;STRIPPER VENOSI;S;;2007-02-20 00:00:00;2022-02-22 00:00:00
L070804;STRIPPER VENOSI, RIUTILIZZABILI;S;;2022-02-23 00:00:00;
L070805;TUNNELLIZZATORI VASCOLARI;S;;2007-02-20 00:00:00;2022-02-22 00:00:00
L070805;TUNNELLIZZATORI VASCOLARI, RIUTILIZZABILI;S;;2022-02-23 00:00:00;
L070806;STRUMENTARIO PLURIUSO PER PROTESICA CARDIOVASCOLARE;N;;2007-02-20 00:00:00;2022-02-22 00:00:00
L070806;STRUMENTARIO PER PROTESICA CARDIOVASCOLARE, RIUTILIZZABILE;N;;2022-02-23 00:00:00;
L07080601;PINZE PER PROTESICA VASCOLARE;N;;2007-02-20 00:00:00;2022-02-22 00:00:00
L07080601;PINZE PER PROTESICA VASCOLARE, RIUTILIZZABILI;N;;2022-02-23 00:00:00;
L0708060101;PINZE PER APPLICAZIONE DI PROTESI VASCOLARI;S;;2007-02-20 00:00:00;2022-02-22 00:00:00
L0708060101;PINZE PER APPLICAZIONE DI PROTESI VASCOLARI, RIUTILIZZABILI;S;;2022-02-23 00:00:00;
L0708060199;PINZE PER PROTESICA VASCOLARE - ALTRE;S;;2008-06-30 00:00:00;2022-02-22 00:00:00
L0708060199;PINZE PER PROTESICA VASCOLARE, RIUTILIZZABILI - ALTRE;S;;2022-02-23 00:00:00;
L07080699;STRUMENTARIO PLURIUSO PER PROTESICA CARDIOVASCOLARE - ALTRO;S;;2007-02-20 00:00:00;2022-02-22 00:00:00
L07080699;STRUMENTARIO PER PROTESICA CARDIOVASCOLARE, RIUTILIZZABILE - ALTRO;S;;2022-02-23 00:00:00;
L070807;PERFORATORI VASCOLARI;S;;2007-02-20 00:00:00;2022-02-22 00:00:00
L070807;PERFORATORI VASCOLARI, RIUTILIZZABILI;S;;2022-02-23 00:00:00;
L070808;MANIPOLATORI PER CHIRURGIA VASCOLARE, RIUTILIZZABILI;N;;2022-02-23 00:00:00;
L07080801;DEPRESSORI VASCOLARI, RIUTILIZZABILI;S;;2022-02-23 00:00:00;
L07080899;MANIPOLATORI PER CHIRURGIA VASCOLARE, RIUTILIZZABILI - ALTRI;S;;2022-02-23 00:00:00;
L070809;STRUMENTARIO PER ENDOARTERIECTOMIA, RIUTILIZZABILE;S;;2022-02-23 00:00:00;
L070810;KIT DI STRUMENTARIO PER CHIRURGIA VASCOLARE, RIUTILIZZABILE;S;;2022-02-23 00:00:00;
L070899;STRUMENTARIO PER CHIRURGIA VASCOLARE - ALTRO;S;;2007-02-20 00:00:00;2022-02-22 00:00:00
L070899;STRUMENTARIO PER CHIRURGIA VASCOLARE, RIUTILIZZABILE - ALTRO;S;;2022-02-23 00:00:00;
L08;STRUMENTARIO PER CHIRURGIA TORACICA;N;;2007-02-20 00:00:00;2022-02-22 00:00:00
L08;STRUMENTARIO PER CHIRURGIA TORACICA, RIUTILIZZABILE;N;;2022-02-23 00:00:00;
L0801;COSTOTOMI;S;;2007-02-20 00:00:00;2022-02-22 00:00:00
L0801;COSTOTOMI, RIUTILIZZABILI;S;;2022-02-23 00:00:00;
L0804;STRUMENTARIO CHIRURGICO PER STERNOTOMIA;S;;2007-02-20 00:00:00;2022-02-22 00:00:00
L0804;STRUMENTARIO CHIRURGICO PER STERNOTOMIA, RIUTILIZZABILE;S;;2022-02-23 00:00:00;
L0805;PINZE PER CHIRURGIA TORACICA;N;;2007-02-20 00:00:00;2022-02-22 00:00:00
L0805;PINZE PER CHIRURGIA TORACICA, RIUTILIZZABILI;N;;2022-02-23 00:00:00;
L080501;PINZE DA BRONCO;S;;2007-02-20 00:00:00;2022-02-22 00:00:00
L080501;PINZE DA BRONCO, RIUTILIZZABILI;S;;2022-02-23 00:00:00;
L080502;PINZE POLMONARI;N;;2007-02-20 00:00:00;2022-02-22 00:00:00
L080502;PINZE POLMONARI, RIUTILIZZABILI;N;;2022-02-23 00:00:00;
L08050201;PINZE DA PRESA DI TESSUTI POLMONARI;S;;2007-02-20 00:00:00;2022-02-22 00:00:00
L08050201;PINZE DA PRESA DI TESSUTI POLMONARI, RIUTILIZZABILI;S;;2022-02-23 00:00:00;
L08050299;PINZE POLMONARI - ALTRE;S;;2008-06-30 00:00:00;2022-02-22 00:00:00
L08050299;PINZE POLMONARI, RIUTILIZZABILI - ALTRE;S;;2022-02-23 00:00:00;
L080599;PINZE PER CHIRURGIA TORACICA - ALTRE;S;;2007-02-20 00:00:00;2022-02-22 00:00:00
L080599;PINZE PER CHIRURGIA TORACICA, RIUTILIZZABILI - ALTRE;S;;2022-02-23 00:00:00;
L0806;DILATATORI E DIVARICATORI PER CHIRURGIA TORACICA;N;;2007-02-20 00:00:00;2022-02-22 00:00:00
L0806;DILATATORI E DIVARICATORI PER CHIRURGIA TORACICA, RIUTILIZZABILI;N;;2022-02-23 00:00:00;
L080601;DILATATORI PER CHIRURGIA TORACICA;N;;2007-02-20 00:00:00;2022-02-22 00:00:00
L080601;DILATATORI PER CHIRURGIA TORACICA, RIUTILIZZABILI;N;;2022-02-23 00:00:00;
L08060101;DILATATORI POLMONARI;S;;2007-02-20 00:00:00;2022-02-22 00:00:00
L08060101;DILATATORI POLMONARI, RIUTILIZZABILI;S;;2022-02-23 00:00:00;
L08060199;DILATATORI PER CHIRURGIA TORACICA - ALTRI;S;;2007-02-20 00:00:00;2022-02-22 00:00:00
L08060199;DILATATORI PER CHIRURGIA TORACICA, RIUTILIZZABILI - ALTRI;S;;2022-02-23 00:00:00;
L080602;DIVARICATORI PER CHIRURGIA TORACICA;N;;2007-02-20 00:00:00;2022-02-22 00:00:00
L080602;DIVARICATORI PER CHIRURGIA TORACICA, RIUTILIZZABILI;N;;2022-02-23 00:00:00;
L08060201;DIVARICATORI COSTALI E STERNALI;S;;2007-02-20 00:00:00;2022-02-22 00:00:00
L08060201;DIVARICATORI COSTALI E STERNALI, RIUTILIZZABILI;S;;2022-02-23 00:00:00;
L08060299;DIVARICATORI PER CHIRURGIA TORACICA - ALTRI;S;;2007-02-20 00:00:00;2022-02-22 00:00:00
L08060299;DIVARICATORI PER CHIRURGIA TORACICA, RIUTILIZZABILI - ALTRI;S;;2022-02-23 00:00:00;
L0807;SPATOLE PER CHIRURGIA TORACICA;S;;2007-02-20 00:00:00;2022-02-22 00:00:00
L0807;SPATOLE PER CHIRURGIA TORACICA, RIUTILIZZABILI;S;;2022-02-23 00:00:00;
L0808;STRUMENTARIO PER CHIRURGIA BRONCOSCOPICA, RIUTILIZZABILE;N;;2022-02-23 00:00:00;
L080801;DISSETTORI PER CHIRURGIA BRONCOSCOPICA, RIUTILIZZABILI;S;;2022-02-23 00:00:00;
L080802;FORBICI PER CHIRURGIA BRONCOSCOPICA, RIUTILIZZABILI;S;;2022-02-23 00:00:00;
L080803;PINZE PER CHIRURGIA BRONCOSCOPICA, RIUTILIZZABILI;S;;2022-02-23 00:00:00;
L080804;CURETTE PER CHIRURGIA BRONCOSCOPICA, RIUTILIZZABILI;S;;2022-02-23 00:00:00;
L080805;CANNULE PER CHIRURGIA BRONCOSCOPICA, RIUTILIZZABILI;S;;2022-02-23 00:00:00;
L080806;ADATTATORI E CONNETTORI PER BRONCOSCOPIA, RIUTILIZZABILI;S;;2022-02-23 00:00:00;
L080899;STRUMENTARIO PER CHIRURGIA BRONCOSCOPICA, RIUTILIZZABILE - ALTRO;S;;2022-02-23 00:00:00;
L0809;KIT DI STRUMENTARIO PER CHIRURGIA TORACICA, RIUTILIZZABILE;S;;2022-02-23 00:00:00;
L0899;STRUMENTARIO PER CHIRURGIA TORACICA - ALTRO;S;;2007-02-20 00:00:00;2022-02-22 00:00:00
L0899;STRUMENTARIO PER CHIRURGIA TORACICA, RIUTILIZZABILE - ALTRO;S;;2022-02-23 00:00:00;
L09;STRUMENTARIO PER CHIRURGIA ORTOPEDICA;N;;2007-02-20 00:00:00;2022-02-22 00:00:00
L09;STRUMENTARIO PER CHIRURGIA ORTOPEDICA E TRAUMATOLOGICA, RIUTILIZZABILE;N;;2022-02-23 00:00:00;
L0901;CUCCHIAI E CURETTE PER CHIRURGIA ORTOPEDICA;S;;2007-02-20 00:00:00;2022-02-22 00:00:00
L0901;CUCCHIAI E CURETTE PER CHIRURGIA ORTOPEDICA, RIUTILIZZABILI;S;;2022-02-23 00:00:00;
L0902;LEVE PER CHIRURGIA ORTOPEDICA;S;;2007-02-20 00:00:00;2022-02-22 00:00:00
L0902;LEVE PER CHIRURGIA ORTOPEDICA, RIUTILIZZABILI;S;;2022-02-23 00:00:00;
L0903;MARTELLI PER CHIRURGIA ORTOPEDICA;S;;2007-02-20 00:00:00;2022-02-22 00:00:00
L0903;MARTELLI PER CHIRURGIA ORTOPEDICA, RIUTILIZZABILI;S;;2022-02-23 00:00:00;
L0904;OSTEOTOMI E SCALPELLI;N;;2007-02-20 00:00:00;2022-02-22 00:00:00
L0904;OSTEOTOMI E SCALPELLI, RIUTILIZZABILI;N;;2022-02-23 00:00:00;
L090401;OSTEOTOMI PER CHIRURGIA ORTOPEDICA;S;;2007-02-20 00:00:00;2022-02-22 00:00:00
L090401;OSTEOTOMI PER CHIRURGIA ORTOPEDICA, RIUTILIZZABILI;S;;2022-02-23 00:00:00;
L090402;SCALPELLI PER CHIRURGIA ORTOPEDICA;S;;2007-02-20 00:00:00;2022-02-22 00:00:00
L090402;SCALPELLI PER CHIRURGIA ORTOPEDICA, RIUTILIZZABILI;S;;2022-02-23 00:00:00;
L090403;SGORBIE PER CHIRURGIA ORTOPEDICA;S;;2007-02-20 00:00:00;2022-02-22 00:00:00
L090403;SGORBIE PER CHIRURGIA ORTOPEDICA, RIUTILIZZABILI;S;;2022-02-23 00:00:00;
L090404;LAME PER OSTEOTOMI E SCALPELLI;S;;2007-02-20 00:00:00;2022-02-22 00:00:00
L090404;LAME PER OSTEOTOMI E SCALPELLI, RIUTILIZZABILI;S;;2022-02-23 00:00:00;
L0908;STAFFE PER TRAZIONE ORTOPEDICA;S;;2007-02-20 00:00:00;2022-02-22 00:00:00
L0908;STRUMENTARIO PER TRAZIONE ORTOPEDICA E TRAUMATOLOGICA, RIUTILIZZABILE;S;;2022-02-23 00:00:00;
L0909;STRUMENTI DA TAGLIO PER CHIRURGIA ORTOPEDICA;N;;2007-02-20 00:00:00;2022-02-22 00:00:00
L0909;STRUMENTI DA TAGLIO PER CHIRURGIA ORTOPEDICA, RIUTILIZZABILI;N;;2022-02-23 00:00:00;
L090901;TRONCHESI PER OSSA;S;;2007-02-20 00:00:00;2022-02-22 00:00:00
L090901;TRONCHESI PER OSSA, RIUTILIZZABILI;S;;2022-02-23 00:00:00;
L090902;TREFINE PER CHIRURGIA ORTOPEDICA, RIUTILIZZABILI;S;;2022-02-23 00:00:00;
L090903;BISTURI E COLTELLI PER CHIRURGIA ORTOPEDICA, RIUTILIZZABILI;S;;2022-02-23 00:00:00;
L090999;STRUMENTI DA TAGLIO PER CHIRURGIA ORTOPEDICA - ALTRI;S;;2007-02-20 00:00:00;2022-02-22 00:00:00
L090999;STRUMENTI DA TAGLIO PER CHIRURGIA ORTOPEDICA, RIUTILIZZABILI - ALTRI;S;;2022-02-23 00:00:00;
L0910;STRUMENTARIO PLURIUSO PER OSTEOSINTESI;N;;2007-02-20 00:00:00;2022-02-22 00:00:00
L0910;STRUMENTARIO PER OSTEOSINTESI, RIUTILIZZABILE;N;;2022-02-23 00:00:00;
L091001;STRUMENTI PER INSERIMENTO E ESTRAZIONE DI MATERIALI PER OSTEOSINTESI;S;;2007-02-20 00:00:00;2022-02-22 00:00:00
L091001;STRUMENTI PER INSERIMENTO E ESTRAZIONE DI MATERIALI PER OSTEOSINTESI, RIUTILIZZABILI;S;;2022-02-23 00:00:00;
L091002;STRUMENTI PER LAVORAZIONE DI MATERIALI PER OSTEOSINTESI;S;;2007-02-20 00:00:00;2022-02-22 00:00:00
L091002;STRUMENTI PER LAVORAZIONE DI MATERIALI PER OSTEOSINTESI, RIUTILIZZABILI;S;;2022-02-23 00:00:00;
L091003;FORBICI PER FILI E PLACCHE METALLICHE;S;;2008-06-30 00:00:00;2022-02-23 00:00:00
L091099;STRUMENTARIO PLURIUSO PER OSTEOSINTESI - ALTRO;S;;2007-02-20 00:00:00;2022-02-22 00:00:00
L091099;STRUMENTARIO PER OSTEOSINTESI, RIUTILIZZABILE - ALTRO;S;;2022-02-23 00:00:00;
L0911;STRUMENTARIO PLURIUSO PER PROTESICA ORTOPEDICA;N;;2007-02-20 00:00:00;2022-02-22 00:00:00
L0911;STRUMENTARIO PER PROTESICA ORTOPEDICA, RIUTILIZZABILE;N;;2022-02-23 00:00:00;
L091101;ESTRATTORI PER PROTESI ORTOPEDICHE;S;;2007-02-20 00:00:00;2022-02-22 00:00:00
L091101;ESTRATTORI PER PROTESI ORTOPEDICHE E IMPIANTI TRAUMATOLOGICI, RIUTILIZZABILI;S;;2022-02-23 00:00:00;
L091102;ALESATORI PER PROTESI ORTOPEDICHE;S;;2007-02-20 00:00:00;2008-06-29 00:00:00
L091102;ALESATORI E FRESE PER PROTESI ORTOPEDICHE;S;;2008-06-30 00:00:00;2022-02-22 00:00:00
L091102;ALESATORI E FRESE PER PROTESI ORTOPEDICHE, RIUTILIZZABILI;S;;2022-02-23 00:00:00;
L091103;PINZE PER PROTESI ORTOPEDICHE;S;;2007-02-20 00:00:00;2022-02-22 00:00:00
L091103;PINZE PER PROTESI ORTOPEDICHE, RIUTILIZZABILI;S;;2022-02-23 00:00:00;
L091104;POSIZIONATORI PER PROTESI ORTOPEDICHE;S;;2007-02-20 00:00:00;2022-02-22 00:00:00
L091104;POSIZIONATORI PER PROTESI ORTOPEDICHE, RIUTILIZZABILI;S;;2022-02-23 00:00:00;
L091105;STRUMENTARIO PER CEMENTAZIONE;S;;2007-02-20 00:00:00;2022-02-22 00:00:00
L091105;STRUMENTARIO PER CEMENTAZIONE, RIUTILIZZABILE;S;;2022-02-23 00:00:00;
L091106;STRUMENTARIO PER PREPARAZIONE DI IMPIANTI TESSUTALI IN CHIRURGIA ORTOPEDICA E TRAUMATOLOGICA, RIUTILIZZABILE;S;;2022-02-23 00:00:00;
L091199;STRUMENTARIO PLURIUSO PER PROTESICA ORTOPEDICA - ALTRO;S;;2007-02-20 00:00:00;2022-02-22 00:00:00
L091199;STRUMENTARIO PER PROTESICA ORTOPEDICA, RIUTILIZZABILE - ALTRO;S;;2022-02-23 00:00:00;
L0912;RASPE E LIME ORTOPEDICHE;N;;2007-02-20 00:00:00;2022-02-22 00:00:00
L0912;RASPE E LIME ORTOPEDICHE, RIUTILIZZABILI;N;;2022-02-23 00:00:00;
L091201;RASPE PER CHIRURGIA ORTOPEDICA;S;;2007-02-20 00:00:00;2022-02-22 00:00:00
L091201;RASPE PER CHIRURGIA ORTOPEDICA, RIUTILIZZABILI;S;;2022-02-23 00:00:00;
L091202;LIME PER CHIRURGIA ORTOPEDICA;S;;2007-02-20 00:00:00;2022-02-22 00:00:00
L091202;LIME PER CHIRURGIA ORTOPEDICA, RIUTILIZZABILI;S;;2022-02-23 00:00:00;
L0913;PINZE PER CHIRURGIA ORTOPEDICA;N;;2007-02-20 00:00:00;2022-02-22 00:00:00
L0913;PINZE PER CHIRURGIA ORTOPEDICA, RIUTILIZZABILI;N;;2022-02-23 00:00:00;
L091301;PINZE DA PRESA PER OSSO;S;;2007-02-20 00:00:00;2022-02-22 00:00:00
L091301;PINZE DA PRESA PER OSSO, RIUTILIZZABILI;S;;2022-02-23 00:00:00;
L091302;PINZE OSSIVORE;S;;2007-02-20 00:00:00;2022-02-22 00:00:00
L091302;PINZE OSSIVORE, RIUTILIZZABILI;S;;2022-02-23 00:00:00;
L091303;PINZE DA RIDUZIONE OSSEA;S;;2007-02-20 00:00:00;2022-02-22 00:00:00
L091303;PINZE DA RIDUZIONE OSSEA, RIUTILIZZABILI;S;;2022-02-23 00:00:00;
L091304;PINZE PER SEQUESTRO;S;;2007-02-20 00:00:00;2022-02-22 00:00:00
L091304;PINZE PER SEQUESTRI, RIUTILIZZABILI;S;;2022-02-23 00:00:00;
L091305;PINZE PER TENDINI E LEGAMENTI;S;;2007-02-20 00:00:00;2022-02-22 00:00:00
L091305;PINZE PER TENDINI E LEGAMENTI, RIUTILIZZABILI;S;;2022-02-23 00:00:00;
L091306;PINZE PER CARTILAGINE;S;;2007-02-20 00:00:00;2022-02-22 00:00:00
L091306;PINZE PER CARTILAGINE, RIUTILIZZABILI;S;;2022-02-23 00:00:00;
L091307;RONGEURS PER CHIRURGIA ORTOPEDICA, RIUTILIZZABILI;S;;2022-02-23 00:00:00;
L091399;PINZE PER CHIRURGIA ORTOPEDICA - ALTRE;S;;2007-02-20 00:00:00;2022-02-22 00:00:00
L091399;PINZE PER CHIRURGIA ORTOPEDICA, RIUTILIZZABILI - ALTRE;S;;2022-02-23 00:00:00;
L0914;SCOLLAPERIOSTIO;S;;2007-02-20 00:00:00;2022-02-22 00:00:00
L0914;SCOLLAPERIOSTIO E PERIOSTOTOMI, RIUTILIZZABILI;S;;2022-02-23 00:00:00;
L0915;DIVARICATORI E RETRATTORI PER CHIRURGIA ORTOPEDICA;S;;2007-02-20 00:00:00;2022-02-22 00:00:00
L0915;DIVARICATORI E RETRATTORI PER CHIRURGIA ORTOPEDICA, RIUTILIZZABILI;S;;2022-02-23 00:00:00;
L0916;FRESE ORTOPEDICHE PLURIUSO;S;;2007-02-20 00:00:00;2022-02-22 00:00:00
L0916;FRESE E PUNTE PER CHIRURGIA ORTOPEDICA, RIUTILIZZABILI;S;;2022-02-23 00:00:00;
L0917;SPATOLE ORTOPEDICHE;S;;2007-02-20 00:00:00;2022-02-22 00:00:00
L0917;SPATOLE ORTOPEDICHE, RIUTILIZZABILI;S;;2022-02-23 00:00:00;
L0918;TUNNELLIZZATORI ORTOPEDICI;S;;2007-02-20 00:00:00;2022-02-22 00:00:00
L0918;TUNNELLIZZATORI ORTOPEDICI, RIUTILIZZABILI;S;;2022-02-23 00:00:00;
L0919;KIT DI STRUMENTARIO PER CHIRURGIA ORTOPEDICA E TRAUMATOLOGICA, RIUTILIZZABILE;S;;2022-02-23 00:00:00;
L0920;DISTRATTORI PER CHIRURGIA ORTOPEDICA, RIUTILIZZABILI;S;;2022-02-23 00:00:00;
L0921;ESTRATTORI PER DISPOSITIVI ORTOPEDICI NON IMPIANTABILI, RIUTILIZZABILI;S;;2022-02-23 00:00:00;
L0922;GUIDE PER CHIRURGIA ORTOPEDICA, RIUTILIZZABILI;S;;2022-02-23 00:00:00;
L0923;MISURATORI CHIRURGICI PER ORTOPEDIA, RIUTILIZZABILI;S;;2022-02-23 00:00:00;
L0924;TENOTOMI RIUTILIZZABILI;S;;2022-02-23 00:00:00;
L0925;DILATATORI PER CHIRURGIA ORTOPEDICA, RIUTILIZZABILI;S;;2022-02-23 00:00:00;
L0926;DISSETTORI PER CHIRURGIA ORTOPEDICA RIUTILIZZABILI;S;;2022-02-23 00:00:00;
L0927;PERFORATORI MANUALI PER CHIRURGIA ORTOPEDICA, RIUTILIZZABILI;S;;2022-02-23 00:00:00;
L0980;STRUMENTARIO PER CHIRURGIA ORTOPEDICA E TRAUMATOLOGICA, RIUTILIZZABILE - ACCESSORI;N;;2022-02-23 00:00:00;
L098001;MANDRINI PER CHIRURGIA ORTOPEDICA E TRAUMATOLOGICA, RIUTILIZZABILI;S;;2022-02-23 00:00:00;
L098002;CHIAVI PER STRUMENTARIO ORTOPEDICO, RIUTILIZZABILI;S;;2022-02-23 00:00:00;
L098003;MASCHIATORI PER CHIRURGIA ORTOPEDICA E TRAUMATOLOGICA, RIUTILIZZABILI;S;;2022-02-23 00:00:00;
L098099;STRUMENTARIO PER CHIRURGIA ORTOPEDICA E TRAUMATOLOGICA, RIUTILIZZABILE - ACCESSORI ALTRI;S;;2022-02-23 00:00:00;
L0999;STRUMENTARIO PER CHIRURGIA ORTOPEDICA - ALTRO;S;;2007-02-20 00:00:00;2022-02-22 00:00:00
L0999;STRUMENTARIO PER CHIRURGIA ORTOPEDICA E TRAUMATOLOGICA, RIUTILIZZABILE - ALTRO;S;;2022-02-23 00:00:00;
L10;STRUMENTARIO PER MICROCHIRURGIA;N;;2007-02-20 00:00:00;2022-02-22 00:00:00
L10;STRUMENTARIO PER MICROCHIRURGIA, RIUTILIZZABILE;N;;2022-02-23 00:00:00;
L1001;APPROSSIMATORI DA MICRO;S;;2007-02-20 00:00:00;2008-06-29 00:00:00
L1001;APPROSSIMATORI PER MICROCHIRURGIA;S;;2008-06-30 00:00:00;2022-02-22 00:00:00
L1001;APPROSSIMATORI PER MICROCHIRURGIA, RIUTILIZZABILI;S;;2022-02-23 00:00:00;
L1002;FORBICI DA MICRO;S;;2007-02-20 00:00:00;2008-06-29 00:00:00
L1002;FORBICI PER MICROCHIRURGIA;S;;2008-06-30 00:00:00;2022-02-23 00:00:00
L1003;PINZE DA MICRO;S;;2007-02-20 00:00:00;2008-06-29 00:00:00
L1003;PINZE PER MICROCHIRURGIA;S;;2008-06-30 00:00:00;2022-02-22 00:00:00
L1003;PINZE PER MICROCHIRURGIA, RIUTILIZZABILI;S;;2022-02-23 00:00:00;
L1004;PORTAGHI DA MICRO;S;;2007-02-20 00:00:00;2008-06-29 00:00:00
L1004;PORTAGHI PER MICROCHIRURGIA;S;;2008-06-30 00:00:00;2022-02-22 00:00:00
L1004;PORTAGHI PER MICROCHIRURGIA, RIUTILIZZABILI;S;;2022-02-23 00:00:00;
L1005;KIT DI STRUMENTARIO PER MICROCHIRURGIA, RIUTILIZZABILE;S;;2022-02-23 00:00:00;
L1099;STRUMENTARIO PER MICROCHIRURGIA - ALTRO;S;;2007-02-20 00:00:00;2022-02-22 00:00:00
L1099;STRUMENTARIO PER MICROCHIRURGIA, RIUTILIZZABILE - ALTRO;S;;2022-02-23 00:00:00;
L11;STRUMENTARIO PER NEUROCHIRURGIA;N;;2007-02-20 00:00:00;2022-02-22 00:00:00
L11;STRUMENTARIO PER NEUROCHIRURGIA E CHIRURGIA SPINALE, RIUTILIZZABILE;N;;2022-02-23 00:00:00;
L1102;SPATOLE E DISSETTORI PER NEUROCHIRURGIA;S;;2007-02-20 00:00:00;2022-02-22 00:00:00
L1102;SPATOLE E DISSETTORI PER NEUROCHIRURGIA, RIUTILIZZABILI;S;;2022-02-23 00:00:00;
L1103;STAFFE DI TRAZIONE CERVICALE;S;;2007-02-20 00:00:00;2022-02-22 00:00:00
L1103;STAFFE DI TRAZIONE CERVICALE, RIUTILIZZABILI;S;;2022-02-23 00:00:00;
L1104;TRAPANI E DRILLS;S;;2007-02-20 00:00:00;2022-02-22 00:00:00
L1104;PUNTE PER TRAPANI PER NEUROCHIRURGIA, RIUTILIZZABILI;S;;2022-02-23 00:00:00;
L1105;DIVARICATORI PER NEUROCHIRURGIA;N;;2007-02-20 00:00:00;2022-02-22 00:00:00
L1105;DIVARICATORI E RETRATTORI PER NEUROCHIRURGIA, RIUTILIZZABILI;N;;2022-02-23 00:00:00;
L110501;DIVARICATORI PER CHIRURGIA VERTEBRALE;N;;2007-02-20 00:00:00;2022-02-22 00:00:00
L110501;DIVARICATORI E RETRATTORI PER CHIRURGIA VERTEBRALE, RIUTILIZZABILI;N;;2022-02-23 00:00:00;
L11050101;DIVARICATORI PER LAMINECTOMIA;S;;2007-02-20 00:00:00;2022-02-22 00:00:00
L11050101;DIVARICATORI E RETRATTORI PER LAMINECTOMIA, RIUTILIZZABILI;S;;2022-02-23 00:00:00;
L11050199;DIVARICATORI PER CHIRURGIA VERTEBRALE - ALTRI;S;;2008-06-30 00:00:00;2022-02-22 00:00:00
L11050199;DIVARICATORI E RETRATTORI PER CHIRURGIA VERTEBRALE, RIUTILIZZABILI - ALTRI;S;;2022-02-23 00:00:00;
L110502;UNCINI DIVARICATORI PER NERVI E VASI;S;;2007-02-20 00:00:00;2022-02-22 00:00:00
L110502;UNCINI DIVARICATORI PER NERVI E VASI, RIUTILIZZABILI;S;;2022-02-23 00:00:00;
L110503;DIVARICATORI PER CHIRURGIA CRANICA;N;;2007-02-20 00:00:00;2022-02-22 00:00:00
L110503;DIVARICATORI E RETRATTORI PER CHIRURGIA CRANICA, RIUTILIZZABILI;N;;2022-02-23 00:00:00;
L11050301;DIVARICATORI CEREBRALI;S;;2007-02-20 00:00:00;2022-02-22 00:00:00
L11050301;DIVARICATORI E RETRATTORI CEREBRALI, RIUTILIZZABILI;S;;2022-02-23 00:00:00;
L11050399;DIVARICATORI PER CHIRURGIA CRANICA - ALTRI;S;;2008-06-30 00:00:00;2022-02-22 00:00:00
L11050399;DIVARICATORI E RETRATTORI PER CHIRURGIA CRANICA, RIUTILIZZABILI - ALTRI;S;;2022-02-23 00:00:00;
L110599;DIVARICATORI PER NEUROCHIRURGIA - ALTRI;S;;2007-02-20 00:00:00;2022-02-22 00:00:00
L110599;DIVARICATORI E RETRATTORI PER NEUROCHIRURGIA RIUTILIZZABILI - ALTRI;S;;2022-02-23 00:00:00;
L1106;PINZE PER NEUROCHIRURGIA;N;;2007-02-20 00:00:00;2022-02-22 00:00:00
L1106;PINZE PER NEUROCHIRURGIA, RIUTILIZZABILI;N;;2022-02-23 00:00:00;
L110601;PINZE DA ERNIA DISCALE;S;;2007-02-20 00:00:00;2022-02-22 00:00:00
L110601;PINZE PER ERNIA DISCALE, RIUTILIZZABILI;S;;2022-02-23 00:00:00;
L110602;PINZE DA PRESA PER NEUROCHIRURGIA;S;;2007-02-20 00:00:00;2022-02-22 00:00:00
L110602;PINZE DA PRESA PER NEUROCHIRURGIA, RIUTILIZZABILI;S;;2022-02-23 00:00:00;
L110603;CLIPS CRANICHE;N;;2007-02-20 00:00:00;2022-02-22 00:00:00
L110603;CLIPS CRANICHE, RIUTILIZZABILI;N;;2022-02-23 00:00:00;
L11060301;CLIPS PER CUOIO CAPELLUTO;S;;2007-02-20 00:00:00;2022-02-22 00:00:00
L11060301;CLIPS PER CUOIO CAPELLUTO, RIUTILIZZABILI;S;;2022-02-23 00:00:00;
L11060399;CLIPS CRANICHE - ALTRE;S;;2007-02-20 00:00:00;2022-02-22 00:00:00
L11060399;CLIPS CRANICHE, RIUTILIZZABILI - ALTRE;S;;2022-02-23 00:00:00;
L110604;RONGEURS PER NEUROCHIRURGIA, RIUTILIZZABILI;S;;2022-02-23 00:00:00;
L110699;PINZE PER NEUROCHIRURGIA - ALTRE;S;;2007-02-20 00:00:00;2022-02-22 00:00:00
L110699;PINZE PER NEUROCHIRURGIA, RIUTILIZZABILI - ALTRE;S;;2022-02-23 00:00:00;
L1107;LAME PER NEUROCHIRURGIA;N;;2007-02-20 00:00:00;2022-02-22 00:00:00
L1107;BISTURI E COLTELLI PER NEUROCHIRURGIA, RIUTILIZZABILI;N;;2022-02-23 00:00:00;
L110701;LAME PER CHIRURGIA CEREBRALE;N;;2007-02-20 00:00:00;2022-02-22 00:00:00
L110701;BISTURI E COLTELLI PER CHIRURGIA CEREBRALE E MENINGEA, RIUTILIZZABILI;N;;2022-02-23 00:00:00;
L11070101;LEUCOTOMI;S;;2007-02-20 00:00:00;2022-02-22 00:00:00
L11070101;LEUCOTOMI, RIUTILIZZABILI;S;;2022-02-23 00:00:00;
L11070199;LAME PER CHIRURGIA CEREBRALE - ALTRE;S;;2007-02-20 00:00:00;2022-02-22 00:00:00
L11070199;BISTURI E COLTELLI PER CHIRURGIA CEREBRALE E MENINGEA, RIUTILIZZABILI - ALTRI;S;;2022-02-23 00:00:00;
L110702;TREFINE CRANICHE, RIUTILIZZABILI;S;;2022-02-23 00:00:00;
L110799;LAME PER NEUROCHIRURGIA - ALTRE;S;;2007-02-20 00:00:00;2022-02-22 00:00:00
L110799;BISTURI E COLTELLI PER NEUROCHIRURGIA, RIUTILIZZABILI - ALTRI;S;;2022-02-23 00:00:00;
L1108;LEVE PER NEUROCHIRURGIA;S;;2007-02-20 00:00:00;2022-02-22 00:00:00
L1108;LEVE PER NEUROCHIRURGIA, RIUTILIZZABILI;S;;2022-02-23 00:00:00;
L1109;KIT DI STRUMENTARIO PER NEUROCHIRURGIA E CHIRURGIA SPINALE, RIUTILIZZABILE;S;;2022-02-23 00:00:00;
L1110;OTTURATORI PER NEUROCHIRURGIA, RIUTILIZZABILI;S;;2022-02-23 00:00:00;
L1111;MANIPOLATORI PER NEUROCHIRURGIA, RIUTILIZZABILI;S;;2022-02-23 00:00:00;
L1112;CANNULE DI ASPIRAZIONE PER NEUROCHIRURGIA, RIUTILIZZABILI;S;;2022-02-23 00:00:00;
L1113;FRESE E PUNTE PER NEUROCHIRURGIA, RIUTILIZZABILI;S;;2022-02-23 00:00:00;
L1199;STRUMENTARIO PER NEUROCHIRURGIA - ALTRO;S;;2007-02-20 00:00:00;2022-02-22 00:00:00
L1199;STRUMENTARIO PER NEUROCHIRURGIA, RIUTILIZZABILE - ALTRO;S;;2022-02-23 00:00:00;
L12;STRUMENTARIO PLURIUSO PER CHIRURGIA MINI-INVASIVA;N;;2007-02-20 00:00:00;2022-02-22 00:00:00
L12;STRUMENTARIO PER CHIRURGIA LAPARO - E TORACOSCOPICA, RIUTILIZZABILE;N;;2022-02-23 00:00:00;
L1201;DISSETTORI PLURIUSO PER CHIRURGIA MINI-INVASIVA;S;;2007-02-20 00:00:00;2022-02-22 00:00:00
L1201;DISSETTORI PER CHIRURGIA LAPARO - E TORACOSCOPICA, RIUTILIZZABILI;S;;2022-02-23 00:00:00;
L1202;FORBICI PLURIUSO PER CHIRURGIA MINI-INVASIVA;S;;2007-02-20 00:00:00;2022-02-22 00:00:00
L1202;FORBICI PER CHIRURGIA LAPARO - E TORACOSCOPICA, RIUTILIZZABILI;S;;2022-02-23 00:00:00;
L1203;MANIPOLATORI PLURIUSO PER CHIRURGIA MINI-INVASIVA;S;;2007-02-20 00:00:00;2022-02-22 00:00:00
L1203;MANIPOLATORI PER CHIRURGIA LAPARO - E TORACOSCOPICA, RIUTILIZZABILI;S;;2022-02-23 00:00:00;
L1204;PINZE PLURIUSO PER CHIRURGIA MINI-INVASIVA;S;;2007-02-20 00:00:00;2022-02-22 00:00:00
L1204;PINZE PER CHIRURGIA LAPARO - E TORACOSCOPICA, RIUTILIZZABILI;S;;2022-02-23 00:00:00;
L1205;PORTAGHI PLURIUSO PER CHIRURGIA MINI-INVASIVA;S;;2007-02-20 00:00:00;2022-02-22 00:00:00
L1205;PORTAGHI PER CHIRURGIA LAPARO - E TORACOSCOPICA, RIUTILIZZABILI;S;;2022-02-23 00:00:00;
L1206;RETRATTORI PLURIUSO PER CHIRURGIA MINI-INVASIVA;S;;2007-02-20 00:00:00;2022-02-22 00:00:00
L1206;DIVARICATORI E RETRATTORI PER CHIRURGIA LAPARO - E TORACOSCOPICA, RIUTILIZZABILI;S;;2022-02-23 00:00:00;
L1207;CANNULE PER CHIRURGIA LAPARO - E TORACOSCOPICA, RIUTILIZZABILI;S;;2022-02-23 00:00:00;
L1208;APPROSSIMATORI TESSUTALI ENDOSCOPICI PER SUTURA, RIUTILIZZABILI;S;;2022-02-23 00:00:00;
L1209;BISTURI PER CHIRURGIA LAPARO - E TORACOSCOPICA, RIUTILIZZABILI;S;;2022-02-23 00:00:00;
L1210;UNCINI PER CHIRURGIA LAPARO - E TORACOSCOPICA, RIUTILIZZABILI;S;;2022-02-23 00:00:00;
L1211;SPATOLE PER CHIRURGIA LAPARO - E TORACOSCOPICA, RIUTILIZZABILI;S;;2022-02-23 00:00:00;
L1212;GUIDE PER CHIRURGIA LAPARO - E TORACOSCOPICA, RIUTILIZZABILI;S;;2022-02-23 00:00:00;
L1213;MANIPOLI PER CHIRURGIA LAPARO - E TORACOSCOPICA, RIUTILIZZABILI;S;;2022-02-23 00:00:00;
L1214;DILATATORI PER CHIRURGIA LAPARO - E TORACOSCOPICA, RIUTILIZZABILI;S;;2022-02-23 00:00:00;
L1215;AGHI PER CHIRURGIA LAPARO - E TORACOSCOPICA, RIUTILIZZABILI;S;;2022-02-23 00:00:00;
L1216;PALPATORI PER CHIRURGIA LAPARO - E TORACOSCOPICA, RIUTILIZZABILI;S;;2022-02-23 00:00:00;
L1217;KIT DI STRUMENTARIO PER CHIRURGIA LAPARO - E TORACOSCOPICA, RIUTILIZZABILE;S;;2022-02-23 00:00:00;
L1218;ADATTATORI E CONNETTORI PER LAPARO - E TORACOSCOPIA, RIUTILIZZABILI;S;;2022-02-23 00:00:00;
L1280;STRUMENTARIO PER CHIRURGIA LAPARO - E TORACOSCOPICA, RIUTILIZZABILE - ACCESSORI;S;;2022-02-23 00:00:00;
L1299;STRUMENTARIO PLURIUSO PER CHIRURGIA MINI-INVASIVA - ALTRO;S;;2007-02-20 00:00:00;2022-02-22 00:00:00
L1299;STRUMENTARIO PER CHIRURGIA LAPARO - E TORACOSCOPICA, RIUTILIZZABILE - ALTRO;S;;2022-02-23 00:00:00;
L13;STRUMENTARIO PLURIUSO PER CHIRURGIA ROBOTICA;N;;2007-02-20 00:00:00;2022-02-22 00:00:00
L13;STRUMENTARIO PER CHIRURGIA ROBOTICA, RIUTILIZZABILE;N;;2022-02-23 00:00:00;
L1301;BISTURI E LAME PLURIUSO PER CHIRURGIA ROBOTICA;S;;2007-02-20 00:00:00;2022-02-22 00:00:00
L1301;BISTURI PER CHIRURGIA ROBOTICA, RIUTILIZZABILI;S;;2022-02-23 00:00:00;
L1302;CLIPS PLURIUSO PER CHIRURGIA ROBOTICA;S;;2007-02-20 00:00:00;2022-02-22 00:00:00
L1302;CLIPS PER CHIRURGIA ROBOTICA, RIUTILIZZABILI;S;;2022-02-23 00:00:00;
L1303;FORBICI PLURIUSO PER CHIRURGIA ROBOTICA;S;;2007-02-20 00:00:00;2022-02-22 00:00:00
L1303;FORBICI PER CHIRURGIA ROBOTICA, RIUTILIZZABILI;S;;2022-02-23 00:00:00;
L1304;PINZE PLURIUSO PER CHIRURGIA ROBOTICA;S;;2007-02-20 00:00:00;2022-02-22 00:00:00
L1304;PINZE PER CHIRURGIA ROBOTICA, RIUTILIZZABILI;S;;2022-02-23 00:00:00;
L1305;DIVARICATORI E RETRATTORI PER CHIRURGIA ROBOTICA, RIUTILIZZABILI;S;;2022-02-23 00:00:00;
L1306;STRUMENTARIO PER CHIRURGIA ROBOTICA CON GENERATORE AD ULTRASUONI, RIUTILIZZABILE;S;;2022-02-23 00:00:00;
L1307;KIT DI STRUMENTARIO PER CHIRURGIA ROBOTICA, RIUTILIZZABILE;S;;2022-02-23 00:00:00;
L1399;STRUMENTARIO PLURIUSO PER CHIRURGIA ROBOTICA - ALTRO;S;;2007-02-20 00:00:00;2022-02-22 00:00:00
L1399;STRUMENTARIO PER CHIRURGIA ROBOTICA, RIUTILIZZABILE - ALTRO;S;;2022-02-23 00:00:00;
L14;STRUMENTARIO PER OTORINOLARINGOIATRIA;N;;2007-02-20 00:00:00;2022-02-22 00:00:00
L14;STRUMENTARIO PER OTORINOLARINGOIATRIA, RIUTILIZZABILE;N;;2022-02-23 00:00:00;
L1401;STRUMENTARIO PER CHIRURGIA DELLA FARINGE;N;;2007-02-20 00:00:00;2022-02-22 00:00:00
L1401;STRUMENTARIO PER CHIRURGIA DELLA FARINGE, RIUTILIZZABILE;N;;2022-02-23 00:00:00;
L140101;STRUMENTARIO PER CHIRURGIA DELLA RINOFARINGE;N;;2007-02-20 00:00:00;2022-02-22 00:00:00
L140101;STRUMENTARIO PER CHIRURGIA DELLA RINOFARINGE, RIUTILIZZABILE;N;;2022-02-23 00:00:00;
L14010101;ADENOTOMI;S;;2007-02-20 00:00:00;2022-02-22 00:00:00
L14010101;ADENOTOMI, RIUTILIZZABILI;S;;2022-02-23 00:00:00;
L14010102;LAME PER CHIRURGIA DELLA RINOFARINGE;S;;2007-02-20 00:00:00;2022-02-22 00:00:00
L14010102;BISTURI E COLTELLI PER CHIRURGIA DELLA RINOFARINGE, RIUTILIZZABILI;S;;2022-02-23 00:00:00;
L14010103;CURETTE PER CHIRURGIA DELLA RINOFARINGE, RIUTILIZZABILI;S;;2022-02-23 00:00:00;
L14010199;STRUMENTARIO PER CHIRURGIA DELLA RINOFARINGE - ALTRO;S;;2007-02-20 00:00:00;2022-02-22 00:00:00
L14010199;STRUMENTARIO PER CHIRURGIA DELLA RINOFARINGE, RIUTILIZZABILE - ALTRO;S;;2022-02-23 00:00:00;
L140102;STRUMENTARIO PER CHIRURGIA DELLA OROFARINGE;N;;2007-02-20 00:00:00;2022-02-22 00:00:00
L140102;STRUMENTARIO PER CHIRURGIA DELLA OROFARINGE, RIUTILIZZABILE;N;;2022-02-23 00:00:00;
L14010201;PINZE TONSILLARI;S;;2007-02-20 00:00:00;2022-02-22 00:00:00
L14010201;PINZE TONSILLARI, RIUTILIZZABILI;S;;2022-02-23 00:00:00;
L14010202;UNCINI TONSILLARI;S;;2007-02-20 00:00:00;2022-02-22 00:00:00
L14010202;UNCINI TONSILLARI, RIUTILIZZABILI;S;;2022-02-23 00:00:00;
L14010203;TONSILLOTOMI;S;;2007-02-20 00:00:00;2022-02-22 00:00:00
L14010203;TONSILLOTOMI E BISTURI PER CHIRURGIA DELLA OROFARINGE, RIUTILIZZABILI;S;;2022-02-23 00:00:00;
L14010204;PINZE PER CHIRURGIA DELLA OROFARINGE, RIUTILIZZABILI -  NON COMPRESE IN ALTRE CLASSI;S;;2022-02-23 00:00:00;
L14010205;DEPRESSORI PER CHIRURGIA DELLA OROFARINGE, RIUTILIZZABILI;S;;2022-02-23 00:00:00;
L14010206;CANNULE PER CHIRURGIA DELLA OROFARINGE, RIUTILIZZABILI;S;;2022-02-23 00:00:00;
L14010299;STRUMENTARIO PER CHIRURGIA DELLA OROFARINGE - ALTRO;S;;2007-02-20 00:00:00;2022-02-22 00:00:00
L14010299;STRUMENTARIO PER CHIRURGIA DELLA OROFARINGE, RIUTILIZZABILE - ALTRO;S;;2022-02-23 00:00:00;
L1402;STRUMENTARIO PER CHIRURGIA DELLE CAVITA' NASALI E PARANASALI;N;;2007-02-20 00:00:00;2022-02-22 00:00:00
L1402;STRUMENTARIO PER CHIRURGIA DELLE CAVITA' NASALI E PARANASALI, RIUTILIZZABILE;N;;2022-02-23 00:00:00;
L140201;DILATATORI NASALI;S;;2007-02-20 00:00:00;2022-02-22 00:00:00
L140201;DILATATORI NASALI, RIUTILIZZABILI;S;;2022-02-23 00:00:00;
L140202;PINZE PER CHIRURGIA DELLE CAVITA' NASALI E PARANASALI;S;;2007-02-20 00:00:00;2022-02-22 00:00:00
L140202;PINZE PER CHIRURGIA DELLE CAVITA' NASALI E PARANASALI, RIUTILIZZABILI;S;;2022-02-23 00:00:00;
L140203;UNCINI NASALI;S;;2007-02-20 00:00:00;2022-02-22 00:00:00
L140203;UNCINI NASALI, RIUTILIZZABILI;S;;2022-02-23 00:00:00;
L140204;RASPE E LIME PER CHIRURGIA NASALE;S;;2007-02-20 00:00:00;2022-02-22 00:00:00
L140204;RASPE E LIME PER CHIRURGIA NASALE, RIUTILIZZABILI;S;;2022-02-23 00:00:00;
L140205;BISTURI E COLTELLI PER CHIRURGIA DELLE CAVITA' NASALI E PARANASALI, RIUTILIZZABILI;S;;2022-02-23 00:00:00;
L140206;CANNULE PER CHIRURGIA DELLE CAVITA' NASALI E PARANASALI, RIUTILIZZABILI;S;;2022-02-23 00:00:00;
L140299;STRUMENTARIO PER CHIRURGIA DELLE CAVITA' NASALI E PARANASALI - ALTRO;S;;2007-02-20 00:00:00;2022-02-22 00:00:00
L140299;STRUMENTARIO PER CHIRURGIA DELLE CAVITA' NASALI E PARANASALI, RIUTILIZZABILE - ALTRO;S;;2022-02-23 00:00:00;
L1403;STRUMENTARIO PER CHIRURGIA DELLA LARINGE;S;;2007-02-20 00:00:00;2022-02-22 00:00:00
L1403;STRUMENTARIO PER CHIRURGIA DELLA LARINGE, RIUTILIZZABILE;N;;2022-02-23 00:00:00;
L1403;STRUMENTARIO PER CHIRURGIA DELLA LARINGE;N;;2022-02-23 00:00:00;2022-02-23 00:00:00
L140301;BISTURI PER CHIRURGIA DELLA LARINGE, RIUTILIZZABILI;S;;2022-02-23 00:00:00;
L140399;STRUMENTARIO PER CHIRURGIA DELLA LARINGE, RIUTILIZZABILE - ALTRO;S;;2022-02-23 00:00:00;
L1404;STRUMENTARIO PER CHIRURGIA DELLA TRACHEA;N;;2007-02-20 00:00:00;2022-02-22 00:00:00
L1404;STRUMENTARIO PER CHIRURGIA DELLA TRACHEA, RIUTILIZZABILE;N;;2022-02-23 00:00:00;
L140401;DILATATORI TRACHEALI;S;;2007-02-20 00:00:00;2022-02-22 00:00:00
L140401;DILATATORI TRACHEALI, RIUTILIZZABILI;S;;2022-02-23 00:00:00;
L140402;STRUMENTARIO PER TRACHEOTOMIA;S;;2007-02-20 00:00:00;2022-02-22 00:00:00
L140402;STRUMENTARIO PER TRACHEOTOMIA;N;;2022-02-23 00:00:00;2022-02-23 00:00:00
L140402;STRUMENTARIO PER TRACHEOTOMIA, RIUTILIZZABILE;N;;2022-02-23 00:00:00;
L14040201;KIT DI STRUMENTARIO PER TRACHEOTOMIA, RIUTILIZZABILE;S;;2022-02-23 00:00:00;
L14040202;KIT DI STRUMENTARIO PER CRICOTIROTOMIA RIUTILIZZABILE;S;;2022-02-23 00:00:00;
L14040203;TRACHEOTOMI, RIUTILIZZABILI;S;;2022-02-23 00:00:00;
L14040204;CRICOTIROTOMI, RIUTILIZZABILI;S;;2022-02-23 00:00:00;
L14040299;STRUMENTARIO PER TRACHEOTOMIA, RIUTILIZZABILE - ALTRO;S;;2022-02-23 00:00:00;
L140499;STRUMENTARIO PER CHIRURGIA DELLA TRACHEA - ALTRO;S;;2007-02-20 00:00:00;2022-02-22 00:00:00
L140499;STRUMENTARIO PER CHIRURGIA DELLA TRACHEA, RIUTILIZZABILE - ALTRO;S;;2022-02-23 00:00:00;
L1405;STRUMENTARIO PER CHIRURGIA DELL'ORECCHIO;N;;2007-02-20 00:00:00;2022-02-22 00:00:00
L1405;STRUMENTARIO PER CHIRURGIA DELL'ORECCHIO, RIUTILIZZABILE;N;;2022-02-23 00:00:00;
L140501;STRUMENTARIO PER CHIRURGIA DELL'ORECCHIO MEDIO;N;;2007-02-20 00:00:00;2022-02-22 00:00:00
L140501;STRUMENTARIO PER CHIRURGIA DELL'ORECCHIO MEDIO, RIUTILIZZABILE;N;;2022-02-23 00:00:00;
L14050101;UNCINI PER CHIRURGIA OSSICULARE;S;;2007-02-20 00:00:00;2022-02-22 00:00:00
L14050101;UNCINI PER CHIRURGIA OSSICULARE, RIUTILIZZABILI;S;;2022-02-23 00:00:00;
L14050102;RASPE E LIME PER CHIRURGIA OSSICULARE;S;;2007-02-20 00:00:00;2022-02-22 00:00:00
L14050102;RASPE E LIME PER CHIRURGIA OSSICULARE, RIUTILIZZABILI;S;;2022-02-23 00:00:00;
L14050103;SPATOLE PER CHIRURGIA OSSICULARE;S;;2007-02-20 00:00:00;2022-02-22 00:00:00
L14050103;SPATOLE PER CHIRURGIA OSSICULARE, RIUTILIZZABILI;S;;2022-02-23 00:00:00;
L14050199;STRUMENTARIO PER CHIRURGIA DELL'ORECCHIO MEDIO - ALTRO;S;;2007-02-20 00:00:00;2022-02-22 00:00:00
L14050199;STRUMENTARIO PER CHIRURGIA DELL'ORECCHIO MEDIO, RIUTILIZZABILE - ALTRO;S;;2022-02-23 00:00:00;
L140502;PINZE PER CHIRURGIA DELL'ORECCHIO;S;;2007-02-20 00:00:00;2022-02-22 00:00:00
L140502;PINZE PER CHIRURGIA DELL'ORECCHIO, RIUTILIZZABILI;S;;2022-02-23 00:00:00;
L140503;BISTURI E COLTELLI PER CHIRURGIA DELL'ORECCHIO, RIUTILIZZABILI;S;;2022-02-23 00:00:00;
L140599;STRUMENTARIO PER CHIRURGIA DELL'ORECCHIO - ALTRO;S;;2007-02-20 00:00:00;2022-02-22 00:00:00
L140599;STRUMENTARIO PER CHIRURGIA DELL'ORECCHIO, RIUTILIZZABILE - ALTRO;S;;2022-02-23 00:00:00;
L1406;OSTEOTOMI E SCALPELLI PER OTORINOLARINGOIATRIA;N;;2007-02-20 00:00:00;2022-02-22 00:00:00
L1406;OSTEOTOMI E SCALPELLI PER OTORINOLARINGOIATRIA, RIUTILIZZABILI;N;;2022-02-23 00:00:00;
L140601;OSTEOTOMI PER OTORINOLARINGOIATRIA;S;;2007-02-20 00:00:00;2022-02-22 00:00:00
L140601;OSTEOTOMI PER OTORINOLARINGOIATRIA, RIUTILIZZABILI;S;;2022-02-23 00:00:00;
L140602;SCALPELLI PER OTORINOLARINGOIATRIA;S;;2007-02-20 00:00:00;2022-02-22 00:00:00
L140602;SCALPELLI PER OTORINOLARINGOIATRIA, RIUTILIZZABILI;S;;2022-02-23 00:00:00;
L1490;STRUMENTARIO PER OTORINOLARINGOIATRIA - VARIO;N;;2007-02-20 00:00:00;2022-02-22 00:00:00
L1490;STRUMENTARIO PER OTORINOLARINGOIATRIA, RIUTILIZZABILE - VARIO;N;;2022-02-23 00:00:00;
L149001;CURETTE PER ORL;S;;2007-02-20 00:00:00;2022-02-22 00:00:00
L149001;CURETTE PER ORL, RIUTILIZZABILI;S;;2022-02-23 00:00:00;
L149002;LEVE PER ORL;S;;2007-02-20 00:00:00;2022-02-22 00:00:00
L149002;LEVE PER ORL, RIUTILIZZABILI;S;;2022-02-23 00:00:00;
L149003;RETRATTORI PER ORL;S;;2007-02-20 00:00:00;2022-02-22 00:00:00
L149003;RETRATTORI PER ORL, RIUTILIZZABILI;S;;2022-02-23 00:00:00;
L149004;SPECULI PLURIUSO PER ORL;S;;2007-02-20 00:00:00;2022-02-22 00:00:00
L149004;SPECULI PER ORL, RIUTILIZZABILI;S;;2022-02-23 00:00:00;
L149005;SONDE PER ORL;S;;2007-02-20 00:00:00;2022-02-22 00:00:00
L149005;SONDE PER ORL, RIUTILIZZABILI;S;;2022-02-23 00:00:00;
L149006;PERFORATORI PER ORL;S;;2007-02-20 00:00:00;2022-02-22 00:00:00
L149006;PERFORATORI PER ORL, RIUTILIZZABILI;S;;2022-02-23 00:00:00;
L149007;CUCCHIAI PER ORL;S;;2007-02-20 00:00:00;2022-02-22 00:00:00
L149007;CUCCHIAI PER ORL, RIUTILIZZABILI;S;;2022-02-23 00:00:00;
L149008;STRUMENTI PER ENUCLEAZIONE IN ORL;S;;2007-02-20 00:00:00;2022-02-22 00:00:00
L149008;STRUMENTI PER ENUCLEAZIONE IN ORL, RIUTILIZZABILI;S;;2022-02-23 00:00:00;
L149009;FRESE PER CHIRURGIA ORL, RIUTILIZZABILI;S;;2022-02-23 00:00:00;
L149010;MANIPOLATORI PER CHIRURGIA ORL, RIUTILIZZABILI;S;;2022-02-23 00:00:00;
L149011;DISSETTORI PER CHIRURGIA ORL, RIUTILIZZABILI;S;;2022-02-23 00:00:00;
L149012;PUNCH PER CHIRURGIA ORL, RIUTILIZZABILI;S;;2022-02-23 00:00:00;
L149013;KIT DI STRUMENTARIO PER CHIRURGIA ORL, RIUTILIZZABILE -  NON COMPRESI IN ALTRE CLASSI;S;;2022-02-23 00:00:00;
L149099;STRUMENTARIO PER OTORINOLARINGOIATRIA - ALTRO;S;;2007-02-20 00:00:00;2022-02-22 00:00:00
L149099;STRUMENTARIO PER OTORINOLARINGOIATRIA, RIUTILIZZABILE - ALTRO;S;;2022-02-23 00:00:00;
L15;STRUMENTARIO PER ODONTOSTOMATOLOGIA;N;;2007-02-20 00:00:00;2022-02-22 00:00:00
L15;STRUMENTARIO PER ODONTOSTOMATOLOGIA, RIUTILIZZABILE;N;;2022-02-23 00:00:00;
L1501;OSTEOTOMI E SCALPELLI PER ODONTOSTOMATOLOGIA;N;;2007-02-20 00:00:00;2022-02-22 00:00:00
L1501;OSTEOTOMI E SCALPELLI PER ODONTOSTOMATOLOGIA, RIUTILIZZABILI;N;;2022-02-23 00:00:00;
L150101;OSTEOTOMI PER ODONTOSTOMATOLOGIA;S;;2007-02-20 00:00:00;2022-02-22 00:00:00
L150101;OSTEOTOMI PER ODONTOSTOMATOLOGIA, RIUTILIZZABILI;S;;2022-02-23 00:00:00;
L150102;SCALPELLI PER ODONTOSTOMATOLOGIA;S;;2007-02-20 00:00:00;2022-02-22 00:00:00
L150102;SCALPELLI PER ODONTOSTOMATOLOGIA, RIUTILIZZABILI;S;;2022-02-23 00:00:00;
L150103;LAME PER OSTEOTOMI DENTALI;S;;2007-02-20 00:00:00;2022-02-22 00:00:00
L150103;LAME PER OSTEOTOMI DENTALI, RIUTILIZZABILI;S;;2022-02-23 00:00:00;
L1502;DIVARICATORI PER ODONTOSTOMATOLOGIA;N;;2007-02-20 00:00:00;2022-02-22 00:00:00
L1502;DIVARICATORI E RETRATTORI PER ODONTOSTOMATOLOGIA, RIUTILIZZABILI;N;;2022-02-23 00:00:00;
L150201;RETRATTORI DENTALI;S;;2007-02-20 00:00:00;2022-02-22 00:00:00
L150201;RETRATTORI DENTALI, RIUTILIZZABILI;S;;2022-02-23 00:00:00;
L150202;DIVARICATORI BUCCALI;S;;2007-02-20 00:00:00;2022-02-22 00:00:00
L150202;DIVARICATORI BUCCALI, RIUTILIZZABILI;S;;2022-02-23 00:00:00;
L150299;DIVARICATORI PER ODONTOSTOMATOLOGIA - ALTRI;S;;2007-02-20 00:00:00;2022-02-22 00:00:00
L150299;DIVARICATORI E RETRATTORI PER ODONTOSTOMATOLOGIA, RIUTILIZZABILI - ALTRI;S;;2022-02-23 00:00:00;
L1503;PINZE PER ODONTOSTOMATOLOGIA;N;;2007-02-20 00:00:00;2022-02-22 00:00:00
L1503;PINZE PER ODONTOSTOMATOLOGIA, RIUTILIZZABILI;N;;2022-02-23 00:00:00;
L150301;PINZE PER ESTRAZIONE DENTALE;S;;2007-02-20 00:00:00;2022-02-22 00:00:00
L150301;PINZE PER ESTRAZIONE DENTALE, RIUTILIZZABILI;S;;2022-02-23 00:00:00;
L150302;RONGEURS DENTALI;S;;2007-02-20 00:00:00;2022-02-22 00:00:00
L150302;RONGEURS DENTALI, RIUTILIZZABILI;S;;2022-02-23 00:00:00;
L150399;PINZE PER ODONTOSTOMATOLOGIA - ALTRE;S;;2007-02-20 00:00:00;2022-02-22 00:00:00
L150399;PINZE PER ODONTOSTOMATOLOGIA, RIUTILIZZABILI - ALTRE;S;;2022-02-23 00:00:00;
L1504;MODELLATORI PER ODONTOSTOMATOLOGIA;S;;2007-02-20 00:00:00;2022-02-22 00:00:00
L1504;MODELLATORI PER ODONTOSTOMATOLOGIA, RIUTILIZZABILI;S;;2022-02-23 00:00:00;
L1505;LEVE PER ODONTOSTOMATOLOGIA;S;;2007-02-20 00:00:00;2022-02-22 00:00:00
L1505;LEVE PER ODONTOSTOMATOLOGIA, RIUTILIZZABILI;S;;2022-02-23 00:00:00;
L1506;OTTURATORI PER ODONTOSTOMATOLOGIA;S;;2007-02-20 00:00:00;2022-02-22 00:00:00
L1506;OTTURATORI PER ODONTOSTOMATOLOGIA, RIUTILIZZABILI;S;;2022-02-23 00:00:00;
L1507;STRUMENTARIO PER ORTODONZIA;N;;2007-02-20 00:00:00;2022-02-22 00:00:00
L1507;STRUMENTARIO PER ORTODONZIA, RIUTILIZZABILE;N;;2022-02-23 00:00:00;
L150701;STRUMENTI PER LEGATURA IN ORTODONZIA;S;;2007-02-20 00:00:00;2022-02-22 00:00:00
L150701;STRUMENTI PER LEGATURA IN ORTODONZIA, RIUTILIZZABILI;S;;2022-02-23 00:00:00;
L150702;PINZE PER ORTODONZIA;S;;2007-02-20 00:00:00;2022-02-22 00:00:00
L150702;PINZE PER ORTODONZIA, RIUTILIZZABILI;S;;2022-02-23 00:00:00;
L150703;TRONCHESI PER ORTODONZIA, RIUTILIZZABILI;S;;2022-02-23 00:00:00;
L150704;SPINGIBANDE ORTODONTICHE, RIUTILIZZABILI;S;;2022-02-23 00:00:00;
L150705;STRUMENTARIO PER MISURAZIONI ORTODONTICHE, RIUTILIZZABILE;S;;2022-02-23 00:00:00;
L150799;STRUMENTARIO PER ORTODONZIA - ALTRO;S;;2007-02-20 00:00:00;2022-02-22 00:00:00
L150799;STRUMENTARIO PER ORTODONZIA, RIUTILIZZABILE - ALTRO;S;;2022-02-23 00:00:00;
L1508;REAMER;S;;2007-02-20 00:00:00;2022-02-22 00:00:00
L1508;REAMER, RIUTILIZZABILI;S;;2022-02-23 00:00:00;
L1590;STRUMENTARIO PER ODONTOSTOMATOLOGIA - VARIO;N;;2007-02-20 00:00:00;2022-02-22 00:00:00
L1590;STRUMENTARIO PER ODONTOSTOMATOLOGIA, RIUTILIZZABILE - VARIO;N;;2022-02-23 00:00:00;
L159001;CURETTE DENTALI E PERIODONTALI;S;;2007-02-20 00:00:00;2022-02-22 00:00:00
L159001;CURETTE DENTALI E PERIODONTALI, RIUTILIZZABILI;S;;2022-02-23 00:00:00;
L159002;ESCAVATORI DENTALI;S;;2007-02-20 00:00:00;2022-02-22 00:00:00
L159002;ESCAVATORI DENTALI, RIUTILIZZABILI;S;;2022-02-23 00:00:00;
L159003;SONDE E SPECILLI DENTALI;S;;2007-02-20 00:00:00;2022-02-22 00:00:00
L159003;SONDE E SPECILLI DENTALI E PARODONTALI, RIUTILIZZABILI;S;;2022-02-23 00:00:00;
L159004;RASPE E LIME ENDODONTALI;S;;2007-02-20 00:00:00;2022-02-22 00:00:00
L159004;RASPE E LIME ENDODONTALI, RIUTILIZZABILI;S;;2022-02-23 00:00:00;
L159005;SINDESMOTOMI;S;;2007-02-20 00:00:00;2022-02-22 00:00:00
L159005;SINDESMOTOMI, RIUTILIZZABILI;S;;2022-02-23 00:00:00;
L159006;STRUMENTI PER LAVORAZIONE DI MATERIALI DENTALI;S;;2007-02-20 00:00:00;2022-02-22 00:00:00
L159006;STRUMENTI PER LAVORAZIONE DI MATERIALI DENTALI;N;;2022-02-23 00:00:00;2022-02-23 00:00:00
L159006;STRUMENTI PER LAVORAZIONE DI MATERIALI DENTALI, RIUTILIZZABILI;N;;2022-02-23 00:00:00;
L15900601;FRESE PER LAVORAZIONE DI MATERIALI DENTALI, RIUTILIZZABILI;S;;2022-02-23 00:00:00;
L15900602;STRUMENTARIO TAGLIENTE PER LAVORAZIONE DI MATERIALI DENTALI, RIUTILIZZABILE;S;;2022-02-23 00:00:00;
L15900699;STRUMENTARIO PER LAVORAZIONE DI MATERIALI DENTALI, RIUTILIZZABILE - ALTRI;S;;2022-02-23 00:00:00;
L159007;FRESE PER ODONTOSTOMATOLOGIA, RIUTILIZZABILI;S;;2022-02-23 00:00:00;
L159008;PUNTE PER APPARECCHIATURE ODONTOIATRICHE, RIUTILIZZABILI - NON COMPRESE IN ALTRE CLASSI;N;;2022-02-23 00:00:00;
L15900801;PUNTE PER SISTEMI PNEUMATICI AD USO ODONTOIATRICO, RIUTILIZZABILI;S;;2022-02-23 00:00:00;
L15900899;PUNTE PER APPARECCHIATURE ODONTOIATRICHE, RIUTILIZZABILI - NON COMPRESE IN ALTRE CLASSI - ALTRE;S;;2022-02-23 00:00:00;
L159009;SCALERS PER ODONTOSTOMATOLOGIA, RIUTILIZZABILI;S;;2022-02-23 00:00:00;
L159010;DILATATORI PER CHIRURGIA STOMATOLOGICA, RIUTILIZZABILI;S;;2022-02-23 00:00:00;
L159011;STRUMENTARIO PER POSIZIONAMENTO DI DISPOSITIVI ODONTOIATRICI, RIUTILIZZABILE;N;;2022-02-23 00:00:00;
L15901101;STRUMENTARIO PER POSIZIONAMENTO DI MATRICI DENTALI, RIUTILIZZABILE;S;;2022-02-23 00:00:00;
L15901102;STRUMENTARIO PER POSIZIONAMENTO DI DIGA, RIUTILIZZABILE;S;;2022-02-23 00:00:00;
L15901199;STRUMENTARIO PER POSIZIONAMENTO DI DISPOSITIVI ODONTOIATRICI, RIUTILIZZABILE - ALTRI;S;;2022-02-23 00:00:00;
L159012;SPREADERS E PLUGGERS ENDODONTICI, RIUTILIZZABILI;S;;2022-02-23 00:00:00;
L159013;SPATOLE DENTALI, RIUTILIZZABILI;S;;2022-02-23 00:00:00;
L159014;BRUNITORI PER ODONTOSTOMATOLOGIA, RIUTILIZZABILI;S;;2022-02-23 00:00:00;
L159015;CUCCHIAI ALVEOLARI, RIUTILIZZABILI;S;;2022-02-23 00:00:00;
L159016;KIT DI STRUMENTARIO PER CHIRURGIA ODONTOSTOMATOLOGICA, RIUTILIZZABILE;S;;2022-02-23 00:00:00;
L159017;INTAGLIATORI PER RESTAURO DENTALE, RIUTILIZZABILI;S;;2022-02-23 00:00:00;
L159018;BISTURI PER CHIRURGIA ODONTOSTOMATOLOGICA, RIUTILIZZABILI;S;;2022-02-23 00:00:00;
L159019;RASPE E LIME PER FINITURA DENTALE, RIUTILIZZABILI;S;;2022-02-23 00:00:00;
L159099;STRUMENTARIO PER ODONTOSTOMATOLOGIA - ALTRO;S;;2007-02-20 00:00:00;2022-02-22 00:00:00
L159099;STRUMENTARIO PER ODONTOSTOMATOLOGIA, RIUTILIZZABILE - ALTRO;S;;2022-02-23 00:00:00;
L16;STRUMENTARIO PER DIAGNOSTICA;N;;2007-02-20 00:00:00;2022-02-22 00:00:00
L16;STRUMENTARIO PER DIAGNOSTICA, RIUTILIZZABILE;N;;2022-02-23 00:00:00;
L1601;MARTELLI PER DIAGNOSTICA;N;;2007-02-20 00:00:00;2022-02-22 00:00:00
L1601;MARTELLI PER DIAGNOSTICA, RIUTILIZZABILI;N;;2022-02-23 00:00:00;
L160101;MARTELLI NEUROLOGICI;S;;2007-02-20 00:00:00;2022-02-22 00:00:00
L160101;MARTELLI NEUROLOGICI, RIUTILIZZABILI;S;;2022-02-23 00:00:00;
L160199;MARTELLI PER DIAGNOSTICA - ALTRI;S;;2007-02-20 00:00:00;2022-02-22 00:00:00
L160199;MARTELLI PER DIAGNOSTICA, RIUTILIZZABILI - ALTRI;S;;2022-02-23 00:00:00;
L1602;SPECCHIETTI PER USO DIAGNOSTICO;N;;2007-02-20 00:00:00;2022-02-22 00:00:00
L1602;SPECCHIETTI PER USO DIAGNOSTICO, RIUTILIZZABILI;N;;2022-02-23 00:00:00;
L160201;SPECCHIETTI ODONTOIATRICI;S;;2007-02-20 00:00:00;2022-02-22 00:00:00
L160201;SPECCHIETTI ODONTOIATRICI E MANICI, RIUTILIZZABILI;S;;2022-02-23 00:00:00;
L160202;SPECCHIETTI LARINGEI;S;;2007-02-20 00:00:00;2022-02-22 00:00:00
L160202;SPECCHIETTI LARINGEI E MANICI, RIUTILIZZABILI;S;;2022-02-23 00:00:00;
L160299;SPECCHIETTI PER USO DIAGNOSTICO - ALTRI;S;;2007-02-20 00:00:00;2022-02-22 00:00:00
L160299;SPECCHIETTI PER USO DIAGNOSTICO, RIUTILIZZABILI - ALTRI;S;;2022-02-23 00:00:00;
L1603;SET DI STRUMENTARI DIAGNOSTICI;N;;2007-02-20 00:00:00;2022-02-23 00:00:00
L160301;SET DI STRUMENTARI DIAGNOSTICI PER ORL;S;;2007-02-20 00:00:00;2022-02-23 00:00:00
L160302;SET DI STRUMENTARI DIAGNOSTICI PER OCULISTICA;S;;2007-02-20 00:00:00;2022-02-23 00:00:00
L160303;SET DI STRUMENTARI DIAGNOSTICI PER ORL E OCULISTICA;S;;2007-02-20 00:00:00;2008-06-29 00:00:00
L160303;SET DI STRUMENTARI DIAGNOSTICI COMBINATI PER ORL E OCULISTICA;S;;2008-06-30 00:00:00;2022-02-23 00:00:00
L160399;SET DI STRUMENTARI DIAGNOSTICI - ALTRI;S;;2007-02-20 00:00:00;2022-02-23 00:00:00
L1699;STRUMENTARIO PER DIAGNOSTICA, RIUTILIZZABILE - ALTRO;S;;2022-02-23 00:00:00;
L17;STRUMENTARIO PER OFTALMOLOGIA;N;;2007-02-20 00:00:00;2022-02-22 00:00:00
L17;STRUMENTARIO PER OFTALMOLOGIA, RIUTILIZZABILE;N;;2022-02-23 00:00:00;
L1701;DILATATORI E DIVARICATORI PER OFTALMOLOGIA;N;;2007-02-20 00:00:00;2022-02-22 00:00:00
L1701;DILATATORI E DIVARICATORI PER OFTALMOLOGIA, RIUTILIZZABILI;N;;2022-02-23 00:00:00;
L170101;DILATATORI OCULARI;N;;2007-02-20 00:00:00;2022-02-22 00:00:00
L170101;DILATATORI OCULARI, RIUTILIZZABILI;N;;2022-02-23 00:00:00;
L17010101;DILATATORI PER VIE LACRIMALI;S;;2007-02-20 00:00:00;2022-02-22 00:00:00
L17010101;DILATATORI PER VIE LACRIMALI, RIUTILIZZABILI;S;;2022-02-23 00:00:00;
L17010199;DILATATORI OCULARI - ALTRI;S;;2007-02-20 00:00:00;2022-02-22 00:00:00
L17010199;DILATATORI OCULARI, RIUTILIZZABILI - ALTRI;S;;2022-02-23 00:00:00;
L170102;RETRATTORI OCULARI;S;;2007-02-20 00:00:00;2022-02-22 00:00:00
L170102;RETRATTORI OCULARI ED ENDOCULARI, RIUTILIZZABILI;S;;2022-02-23 00:00:00;
L1702;PINZE PER OFTALMOLOGIA;N;;2007-02-20 00:00:00;2022-02-22 00:00:00
L1702;PINZE PER OFTALMOLOGIA, RIUTILIZZABILI;N;;2022-02-23 00:00:00;
L170201;PINZE DA PRESA OFTALMICHE;S;;2007-02-20 00:00:00;2022-02-22 00:00:00
L170201;PINZE DA PRESA OFTALMICHE, RIUTILIZZABILI;S;;2022-02-23 00:00:00;
L170202;PINZE PER IMPIANTI ENDOCULARI, RIUTILIZZABILI;S;;2022-02-23 00:00:00;
L170203;PINZE PER MANIPOLAZIONE DI DISPOSITIVI AD USO OFTALMICO, RIUTILIZZABILI;S;;2022-02-23 00:00:00;
L170299;PINZE PER OFTALMOLOGIA - ALTRE;S;;2007-02-20 00:00:00;2022-02-22 00:00:00
L170299;PINZE PER OFTALMOLOGIA, RIUTILIZZABILI - ALTRE;S;;2022-02-23 00:00:00;
L1703;CURETTE PER OFTALMOLOGIA;S;;2007-02-20 00:00:00;2022-02-22 00:00:00
L1703;CURETTE PER OFTALMOLOGIA, RIUTILIZZABILI;S;;2022-02-23 00:00:00;
L1704;LAME PLURIUSO PER OFTALMOLOGIA;S;;2007-02-20 00:00:00;2022-02-22 00:00:00
L1704;STRUMENTARIO TAGLIENTE PER OFTALMOLOGIA (ESCLUSE LE FORBICI), RIUTILIZZABILE;N;;2022-02-23 00:00:00;
L1704;LAME PLURIUSO PER OFTALMOLOGIA;N;;2022-02-23 00:00:00;2022-02-23 00:00:00
L170401;TREFINE CORNEALI, RIUTILIZZABILI;S;;2022-02-23 00:00:00;
L170402;CHERATOMI E LAME, RIUTILIZZABILI;S;;2022-02-23 00:00:00;
L170499;STRUMENTARIO TAGLIENTE PER OFTALMOLOGIA (ESCLUSE LE FORBICI), RIUTILIZZABILE - ALTRO;S;;2022-02-23 00:00:00;
L1705;SONDE PER OFTALMOLOGIA;S;;2007-02-20 00:00:00;2022-02-22 00:00:00
L1705;SONDE PER OFTALMOLOGIA, RIUTILIZZABILI;S;;2022-02-23 00:00:00;
L1706;SPATOLE PER OFTALMOLOGIA;S;;2007-02-20 00:00:00;2022-02-22 00:00:00
L1706;SPATOLE PER OFTALMOLOGIA, RIUTILIZZABILI;S;;2022-02-23 00:00:00;
L1707;CUCCHIAI PER OFTALMOLOGIA;S;;2007-02-20 00:00:00;2022-02-22 00:00:00
L1707;CUCCHIAI PER OFTALMOLOGIA, RIUTILIZZABILI;S;;2022-02-23 00:00:00;
L1708;STRUMENTI PER ENUCLEAZIONE IN OFTALMOLOGIA;S;;2007-02-20 00:00:00;2022-02-22 00:00:00
L1708;STRUMENTI PER ENUCLEAZIONE IN OFTALMOLOGIA (ESCLUSE LE FORBICI), RIUTILIZZABILI;S;;2022-02-23 00:00:00;
L1709;STRUMENTI PER IMPIANTI OCULARI, RIUTILIZZABILI - NON COMPRESI IN ALTRE CLASSI;S;;2022-02-23 00:00:00;
L1710;MANIPOLATORI CHIRURGICI DELL'OCCHIO, RIUTILIZZABILI;S;;2022-02-23 00:00:00;
L1711;UNCINI PER OFTALMOLOGIA, RIUTILIZZABILI;S;;2022-02-23 00:00:00;
L1712;SCLEROTOMI, RIUTILIZZABILI;S;;2022-02-23 00:00:00;
L1713;CANNULE PER IRRIGAZIONE O ASPIRAZIONE OCULARE, RIUTILIZZABILI;S;;2022-02-23 00:00:00;
L1714;TRABECULOTOMI, RIUTILIZZABILI;S;;2022-02-23 00:00:00;
L1715;MARCATORI SCLERALI, RIUTILIZZABILI;S;;2022-02-23 00:00:00;
L1790;STRUMENTARIO PER OFTALMOLOGIA, RIUTILIZZABILE - VARIO;N;;2022-02-23 00:00:00;
L179001;MISURATORI CHIRURGICI PER OFTALMOLOGIA, RIUTILIZZABILI;S;;2022-02-23 00:00:00;
L179002;CHERATOMETRI INTRAOPERATORI, RIUTILIZZABILI;S;;2022-02-23 00:00:00;
L179003;STRUMENTARIO PER ANNESSI OCULARI, RIUTILIZZABILE - NON COMPRESO IN ALTRE CLASSI;N;;2022-02-23 00:00:00;
L17900301;POSIZIONATORI E MODELLATORI DI TUBI LACRIMALI, RIUTILIZZABILI;S;;2022-02-23 00:00:00;
L17900399;STRUMENTARIO PER ANNESSI OCULARI, RIUTILIZZABILE - NON COMPRESO IN ALTRE CLASSI - ALTRO;S;;2022-02-23 00:00:00;
L179004;MANIPOLI PER IRRIGAZIONE O ASPIRAZIONE OCULARE, RIUTILIZZABILI;S;;2022-02-23 00:00:00;
L179005;KIT DI STRUMENTARIO PER CHIRURGIA OFTALMICA, RIUTILIZZABILE;S;;2022-02-23 00:00:00;
L1799;STRUMENTARIO PER OFTALMOLOGIA - ALTRO;S;;2007-02-20 00:00:00;2022-02-22 00:00:00
L1799;STRUMENTARIO PER OFTALMOLOGIA, RIUTILIZZABILE - ALTRO;S;;2022-02-23 00:00:00;
L18;STRUMENTARIO PLURIUSO PER ELETTROCHIRURGIA;N;;2008-06-30 00:00:00;2022-02-22 00:00:00
L18;STRUMENTARIO PER ELETTROCHIRURGIA, RIUTILIZZABILE;N;;2022-02-23 00:00:00;
L1801;DISSETTORI PLURIUSO PER ELETTROCHIRURGIA;N;;2008-06-30 00:00:00;2022-02-22 00:00:00
L1801;DISSETTORI PER ELETTROCHIRURGIA, RIUTILIZZABILI;N;;2022-02-23 00:00:00;
L180101;DISSETTORI PLURIUSO PER ELETTROCHIRURGIA A CIELO APERTO;S;;2008-06-30 00:00:00;2022-02-22 00:00:00
L180101;DISSETTORI PER ELETTROCHIRURGIA A CIELO APERTO, RIUTILIZZABILI;S;;2022-02-23 00:00:00;
L180102;DISSETTORI PLURIUSO PER ELETTROCHIRURGIA ENDOSCOPICA;S;;2008-06-30 00:00:00;2022-02-22 00:00:00
L180102;DISSETTORI PER ELETTROCHIRURGIA ENDOSCOPICA, RIUTILIZZABILI;S;;2022-02-23 00:00:00;
L1802;FORBICI PLURIUSO PER ELETTROCHIRURGIA;N;;2008-06-30 00:00:00;2022-02-22 00:00:00
L1802;FORBICI PER ELETTROCHIRURGIA, RIUTILIZZABILI;N;;2022-02-23 00:00:00;
L180201;FORBICI PLURIUSO PER ELETTROCHIRURGIA A CIELO APERTO;S;;2008-06-30 00:00:00;2022-02-22 00:00:00
L180201;FORBICI PER ELETTROCHIRURGIA A CIELO APERTO, RIUTILIZZABILI;S;;2022-02-23 00:00:00;
L180202;FORBICI PLURIUSO PER ELETTROCHIRURGIA ENDOSCOPICA;S;;2008-06-30 00:00:00;2022-02-22 00:00:00
L180202;FORBICI PER ELETTROCHIRURGIA ENDOSCOPICA, RIUTILIZZABILI;S;;2022-02-23 00:00:00;
L1803;MANIPOLI PLURIUSO PER ELETTROCHIRURGIA;N;;2008-06-30 00:00:00;2022-02-22 00:00:00
L1803;MANIPOLI PER ELETTROCHIRURGIA, RIUTILIZZABILI;N;;2022-02-23 00:00:00;
L180301;MANIPOLI PLURIUSO PER ELETTROCHIRURGIA A CIELO APERTO;S;;2008-06-30 00:00:00;2022-02-22 00:00:00
L180301;MANIPOLI PER ELETTROCHIRURGIA A CIELO APERTO, RIUTILIZZABILI;S;;2022-02-23 00:00:00;
L180302;MANIPOLI PLURIUSO PER ELETTROCHIRURGIA ENDOSCOPICA;S;;2008-06-30 00:00:00;2022-02-22 00:00:00
L180302;MANIPOLI PER ELETTROCHIRURGIA ENDOSCOPICA, RIUTILIZZABILI;S;;2022-02-23 00:00:00;
L1804;PINZE PLURIUSO PER ELETTROCHIRURGIA;N;;2008-06-30 00:00:00;2022-02-22 00:00:00
L1804;PINZE PER ELETTROCHIRURGIA, RIUTILIZZABILI;N;;2022-02-23 00:00:00;
L180401;PINZE PLURIUSO PER ELETTROCHIRURGIA A CIELO APERTO;S;;2008-06-30 00:00:00;2022-02-22 00:00:00
L180401;PINZE PER ELETTROCHIRURGIA A CIELO APERTO, RIUTILIZZABILI;S;;2022-02-23 00:00:00;
L180402;PINZE PLURIUSO PER ELETTROCHIRURGIA ENDOSCOPICA;S;;2008-06-30 00:00:00;2022-02-22 00:00:00
L180402;PINZE PER ELETTROCHIRURGIA ENDOSCOPICA, RIUTILIZZABILI;S;;2022-02-23 00:00:00;
L1805;CANNULE MULTIFUNZIONE PLURIUSO PER ELETTROCHIRURGIA;N;;2008-06-30 00:00:00;2022-02-22 00:00:00
L1805;CANNULE MULTIFUNZIONE PER ELETTROCHIRURGIA, RIUTILIZZABILI;N;;2022-02-23 00:00:00;
L180501;CANNULE MULTIFUNZIONE PLURIUSO PER ELETTROCHIRURGIA A CIELO APERTO;S;;2008-06-30 00:00:00;2022-02-22 00:00:00
L180501;CANNULE MULTIFUNZIONE PER ELETTROCHIRURGIA A CIELO APERTO, RIUTILIZZABILI;S;;2022-02-23 00:00:00;
L180502;CANNULE MULTIFUNZIONE PLURIUSO PER ELETTROCHIRURGIA ENDOSCOPICA;S;;2008-06-30 00:00:00;2022-02-22 00:00:00
L180502;CANNULE MULTIFUNZIONE PER ELETTROCHIRURGIA ENDOSCOPICA, RIUTILIZZABILI;S;;2022-02-23 00:00:00;
L1806;ELETTRODI PLURIUSO PER ELETTROCHIRURGIA;N;;2008-06-30 00:00:00;2022-02-22 00:00:00
L1806;ELETTRODI PER ELETTROCHIRURGIA, RIUTILIZZABILI;N;;2022-02-23 00:00:00;
L180601;ELETTRODI PLURIUSO PER ELETTROCHIRURGIA A CIELO APERTO;S;;2008-06-30 00:00:00;2022-02-22 00:00:00
L180601;ELETTRODI PER ELETTROCHIRURGIA A CIELO APERTO, RIUTILIZZABILI;S;;2022-02-23 00:00:00;
L180602;ELETTRODI PLURIUSO PER ELETTROCHIRURGIA ENDOSCOPICA;S;;2008-06-30 00:00:00;2022-02-22 00:00:00
L180602;ELETTRODI PER ELETTROCHIRURGIA ENDOSCOPICA, RIUTILIZZABILI;S;;2022-02-23 00:00:00;
L1807;SONDE PER ELETTROCHIRURGIA, RIUTILIZZABILI;N;;2022-02-23 00:00:00;
L180701;SONDE PER ELETTROCHIRURGIA A CIELO APERTO, RIUTILIZZABILI;S;;2022-02-23 00:00:00;
L180702;SONDE PER ELETTROCHIRURGIA ENDOSCOPICA, RIUTILIZZABILI;S;;2022-02-23 00:00:00;
L1808;MANIPOLATORI PER ELETTROCHIRURGIA, RIUTILIZZABILI;N;;2022-02-23 00:00:00;
L180801;MANIPOLATORI PER ELETTROCHIRURGIA A CIELO APERTO, RIUTILIZZABILI;S;;2022-02-23 00:00:00;
L180802;MANIPOLATORI PER ELETTROCHIRURGIA ENDOSCOPICA, RIUTILIZZABILI;S;;2022-02-23 00:00:00;
L1809;AGHI PER ELETTROCHIRURGIA, RIUTILIZZABILI;N;;2022-02-23 00:00:00;
L180901;AGHI PER ELETTROCHIRURGIA A CIELO APERTO, RIUTILIZZABILI;S;;2022-02-23 00:00:00;
L180902;AGHI PER ELETTROCHIRURGIA ENDOSCOPICA, RIUTILIZZABILI;S;;2022-02-23 00:00:00;
L1890;STRUMENTARIO PER ELETTROCHIRURGIA, RIUTILIZZABILE - VARIO;N;;2022-02-23 00:00:00;
L189001;SONDE PER DENERVAZIONE ELETTROCHIRURGICA, RIUTILIZZABILI;S;;2022-02-23 00:00:00;
L189002;KIT DI STRUMENTARIO PER ELETTROCHIRURGIA, RIUTILIZZABILE;S;;2022-02-23 00:00:00;
L1899;STRUMENTARIO PLURIUSO PER ELETTROCHIRURGIA - ALTRO;S;;2008-06-30 00:00:00;2022-02-22 00:00:00
L1899;STRUMENTARIO PER ELETTROCHIRURGIA, RIUTILIZZABILE - ALTRO;S;;2022-02-23 00:00:00;
L19;STRUMENTARIO PER CHIRURGIA ARTROSCOPICA, RIUTILIZZABILE;N;;2022-02-23 00:00:00;
L1901;DISSETTORI PER CHIRURGIA ARTROSCOPICA, RIUTILIZZABILI;S;;2022-02-23 00:00:00;
L1902;FORBICI PER CHIRURGIA ARTROSCOPICA, RIUTILIZZABILI;S;;2022-02-23 00:00:00;
L1903;MANIPOLATORI PER CHIRURGIA ARTROSCOPICA, RIUTILIZZABILI;S;;2022-02-23 00:00:00;
L1904;PINZE PER CHIRURGIA ARTROSCOPICA, RIUTILIZZABILI;S;;2022-02-23 00:00:00;
L1905;PORTAGHI PER CHIRURGIA ARTROSCOPICA, RIUTILIZZABILI;S;;2022-02-23 00:00:00;
L1906;DIVARICATORI E RETRATTORI PER CHIRURGIA ARTROSCOPICA, RIUTILIZZABILI;S;;2022-02-23 00:00:00;
L1907;CANNULE PER CHIRURGIA ARTROSCOPICA, RIUTILIZZABILI;S;;2022-02-23 00:00:00;
L1908;KIT DI STRUMENTARIO PER CHIRURGIA ARTROSCOPICA, RIUTILIZZABILE;S;;2022-02-23 00:00:00;
L1909;BISTURI PER CHIRURGIA ARTROSCOPICA, RIUTILIZZABILI;S;;2022-02-23 00:00:00;
L1910;UNCINI PER CHIRURGIA ARTROSCOPICA, RIUTILIZZABILI;S;;2022-02-23 00:00:00;
L1911;SPATOLE PER CHIRURGIA ARTROSCOPICA, RIUTILIZZABILI;S;;2022-02-23 00:00:00;
L1912;GUIDE PER CHIRURGIA ARTROSCOPICA, RIUTILIZZABILI;S;;2022-02-23 00:00:00;
L1913;MANIPOLI PER CHIRURGIA ARTROSCOPICA, RIUTILIZZABILI;S;;2022-02-23 00:00:00;
L1914;DILATATORI PER CHIRURGIA ARTROSCOPICA, RIUTILIZZABILI;S;;2022-02-23 00:00:00;
L1915;AGHI PER CHIRURGIA ARTROSCOPICA, RIUTILIZZABILI;S;;2022-02-23 00:00:00;
L1916;PALPATORI PER CHIRURGIA ARTROSCOPICA, RIUTILIZZABILI;S;;2022-02-23 00:00:00;
L1917;ADATTATORI E CONNETTORI PER ARTROSCOPIA, RIUTILIZZABILI;S;;2022-02-23 00:00:00;
L1980;STRUMENTARIO PER CHIRURGIA ARTROSCOPICA, RIUTILIZZABILE - ACCESSORI;S;;2022-02-23 00:00:00;
L1999;STRUMENTARIO PER CHIRURGIA ARTROSCOPICA, RIUTILIZZABILE - ALTRO;S;;2022-02-23 00:00:00;
L20;STRUMENTARIO PER CHIRURGIA DELLA TIROIDE, RIUTILIZZABILE;N;;2022-02-23 00:00:00;
L2001;RETRATTORI TIROIDEI, RIUTILIZZABILI;S;;2022-02-23 00:00:00;
L2099;STRUMENTARIO PER CHIRURGIA DELLA TIROIDE, RIUTILIZZABILE - ALTRO;S;;2022-02-23 00:00:00;
L21;PINZE CHIRURGICHE PER RIMOZIONE DI CLIPS, RIUTILIZZABILI;S;;2022-02-23 00:00:00;
L22;PINZE PER MANIPOLAZIONE DI TESSUTI IMPIANTABILI, RIUTILIZZABILI;S;;2022-02-23 00:00:00;
L23;PINZE PER TUNNELLIZZAZIONE CHIRURGICA, RIUTILIZZABILI;S;;2022-02-23 00:00:00;
L24;STRUMENTARIO PER CHIRURGIA DERMATOLOGICA, RIUTILIZZABILE;N;;2022-02-23 00:00:00;
L2401;CURETTE PER CHIRURGIA DERMATOLOGICA, RIUTILIZZABILI;S;;2022-02-23 00:00:00;
L2402;TREFINE E PUNCH PER CHIRURGIA DERMATOLOGICA, RIUTILIZZABILI;S;;2022-02-23 00:00:00;
L2403;BISTURI E COLTELLI PER CHIRURGIA DERMATOLOGICA, RIUTILIZZABILI;S;;2022-02-23 00:00:00;
L2499;STRUMENTARIO PER CHIRURGIA DERMATOLOGICA, RIUTILIZZABILE - ALTRO;S;;2022-02-23 00:00:00;
L25;STRUMENTARIO PER CHIRURGIA PLASTICA, RIUTILIZZABILE;N;;2022-02-23 00:00:00;
L2501;OSTEOTOMI PER CHIRURGIA PLASTICA, RIUTILIZZABILI;S;;2022-02-23 00:00:00;
L2502;RASPE E LIME PER CHIRURGIA PLASTICA, RIUTILIZZABILI;S;;2022-02-23 00:00:00;
L2503;STRUMENTARIO PER LIPOSUZIONE, RIUTILIZZABILE;N;;2022-02-23 00:00:00;
L250301;CANNULE PER LIPOSUZIONE, RIUTILIZZABILI;S;;2022-02-23 00:00:00;
L250399;STRUMENTARIO PER LIPOSUZIONE, RIUTILIZZABILE - ALTRO;S;;2022-02-23 00:00:00;
L2599;STRUMENTARIO PER CHIRURGIA PLASTICA, RIUTILIZZABILE - ALTRO;S;;2022-02-23 00:00:00;
L26;CACCIAVITI CHIRURGICI, RIUTILIZZABILI;S;;2022-02-23 00:00:00;
L80;STRUMENTARIO CHIRURGICO RIUTILIZZABILE - ACCESSORI VARI;S;;2022-02-23 00:00:00;
L90;STRUMENTARIO CHIRURGICO PLURIUSO - VARIO;N;;2007-02-20 00:00:00;2022-02-23 00:00:00
L9001;STRUMENTARIO PER CHIRURGIA DELLA TIROIDE;S;;2007-02-20 00:00:00;2022-02-23 00:00:00
L9099;STRUMENTARIO CHIRURGICO PLURIUSO - ALTRO;S;;2007-02-20 00:00:00;2022-02-23 00:00:00
L99;STRUMENTARIO CHIRURGICO RIUTILIZZABILE - ALTRO;S;;2022-02-23 00:00:00;
M;DISPOSITIVI PER MEDICAZIONI GENERALI E SPECIALISTICHE;N;;2007-02-20 00:00:00;
M01;OVATTA DI COTONE E SINTETICA;N;;2007-02-20 00:00:00;
M0101;OVATTA DI COTONE;N;;2007-02-20 00:00:00;
M010101;COTONE IDROFILO;S;;2007-02-20 00:00:00;
M010102;COTONE GREGGIO;S;;2007-02-20 00:00:00;
M010103;TAMPONI DI OVATTA;S;;2007-02-20 00:00:00;
M010199;OVATTA DI COTONE - ALTRE;S;;2022-02-23 00:00:00;
M0102;OVATTA PER ORTOPEDIA;N;;2007-02-20 00:00:00;
M010201;OVATTA DI COTONE PER ORTOPEDIA;S;;2007-02-20 00:00:00;
M010202;OVATTA IN FIBRA SINTETICA;N;;2007-02-20 00:00:00;
M01020201;OVATTA GOMMATA;S;;2007-02-20 00:00:00;
M01020202;OVATTA NON GOMMATA;S;;2007-02-20 00:00:00;
M010203;FELTRO PER IMBOTTITURE;S;;2007-02-20 00:00:00;
M010299;OVATTA PER ORTOPEDIA - ALTRA;S;;2008-06-30 00:00:00;
M0199;OVATTA - ALTRA;S;;2007-02-20 00:00:00;2022-02-22 00:00:00
M0199;OVATTA DI COTONE E SINTETICA - ALTRA;S;;2022-02-23 00:00:00;
M02;GARZE IN COTONE E TNT;N;;2007-02-20 00:00:00;2018-06-25 00:00:00
M02;GARZE;N;;2018-06-26 00:00:00;
M0201;GARZE IN COTONE;N;;2007-02-20 00:00:00;
M020101;GARZE IN COTONE TAGLIATE;N;;2007-02-20 00:00:00;
M02010101;GARZE IN COTONE TAGLIATE SENZA FILO RX;N;;2007-02-20 00:00:00;
M0201010101;GARZE IN COTONE TAGLIATE SENZA FILO RX STERILI;S;;2007-02-20 00:00:00;
M0201010102;GARZE IN COTONE TAGLIATE SENZA FILO RX NON STERILI;S;;2007-02-20 00:00:00;
M02010102;GARZE IN COTONE TAGLIATE CON FILO RX;N;;2007-02-20 00:00:00;
M0201010201;GARZE IN COTONE TAGLIATE CON FILO RX STERILI;S;;2007-02-20 00:00:00;
M0201010202;GARZE IN COTONE TAGLIATE CON FILO RX NON STERILI;S;;2007-02-20 00:00:00;
M020102;GARZE IN COTONE PIEGATE;N;;2007-02-20 00:00:00;
M02010201;GARZE IN COTONE PIEGATE SENZA FILO RX;N;;2007-02-20 00:00:00;
M0201020101;GARZE IN COTONE PIEGATE SENZA FILO RX STERILI;S;;2007-02-20 00:00:00;
M0201020102;GARZE IN COTONE PIEGATE SENZA FILO RX NON STERILI;S;;2007-02-20 00:00:00;
M02010202;GARZE IN COTONE PIEGATE CON FILO RX;N;;2007-02-20 00:00:00;
M0201020201;GARZE IN COTONE PIEGATE CON FILO RX STERILI;S;;2007-02-20 00:00:00;
M0201020202;GARZE IN COTONE PIEGATE CON FILO RX NON STERILI;S;;2007-02-20 00:00:00;
M020103;GARZE IN COTONE CUCITE;N;;2007-02-20 00:00:00;2022-02-22 00:00:00
M020103;GARZE IN COTONE LAPAROTOMICHE;N;;2022-02-23 00:00:00;
M02010301;GARZE IN COTONE CUCITE SENZA FILO RX;N;;2007-02-20 00:00:00;2022-02-22 00:00:00
M02010301;GARZE IN COTONE LAPAROTOMICHE SENZA FILO RX;N;;2022-02-23 00:00:00;
M0201030101;GARZE IN COTONE CUCITE SENZA FILO RX STERILI;S;;2007-02-20 00:00:00;2022-02-22 00:00:00
M0201030101;GARZE IN COTONE LAPAROTOMICHE SENZA FILO RX STERILI;S;;2022-02-23 00:00:00;
M0201030102;GARZE IN COTONE CUCITE SENZA FILO RX NON STERILI;S;;2007-02-20 00:00:00;2022-02-22 00:00:00
M0201030102;GARZE IN COTONE LAPAROTOMICHE SENZA FILO RX NON STERILI;S;;2022-02-23 00:00:00;
M02010302;GARZE IN COTONE CUCITE CON FILO RX;N;;2007-02-20 00:00:00;2022-02-22 00:00:00
M02010302;GARZE IN COTONE LAPAROTOMICHE CON FILO RX;N;;2022-02-23 00:00:00;
M0201030201;GARZE IN COTONE CUCITE CON FILO RX STERILI;S;;2007-02-20 00:00:00;2022-02-22 00:00:00
M0201030201;GARZE IN COTONE LAPAROTOMICHE CON FILO RX STERILI;S;;2022-02-23 00:00:00;
M0201030202;GARZE IN COTONE CUCITE CON FILO RX NON STERILI;S;;2007-02-20 00:00:00;2022-02-22 00:00:00
M0201030202;GARZE IN COTONE LAPAROTOMICHE CON FILO RX NON STERILI;S;;2022-02-23 00:00:00;
M020104;GARZE IN COTONE AMIDATE;S;;2007-02-20 00:00:00;
M020105;GARZE IN TAMPONI;N;;2007-02-20 00:00:00;2022-02-22 00:00:00
M020105;GARZE IN COTONE IN TAMPONI;N;;2022-02-23 00:00:00;
M02010501;TAMPONI DI GARZA SENZA FILO RX;N;;2007-02-20 00:00:00;
M0201050101;TAMPONI DI GARZA SENZA FILO RX STERILI;S;;2007-02-20 00:00:00;
M0201050102;TAMPONI DI GARZA SENZA FILO RX NON STERILI;S;;2007-02-20 00:00:00;
M02010502;TAMPONI DI GARZA CON FILO RX;N;;2007-02-20 00:00:00;
M0201050201;TAMPONI DI GARZA CON FILO RX STERILI;S;;2007-02-20 00:00:00;
M0201050202;TAMPONI DI GARZA CON FILO RX NON STERILI;S;;2007-02-20 00:00:00;
M020106;GARZE IN PEZZE/RULLI;S;;2007-02-20 00:00:00;2022-02-22 00:00:00
M020106;GARZE IN COTONE IN PEZZE;S;;2022-02-23 00:00:00;
M020107;GARZE IN COTONE IN RULLI;S;;2022-02-23 00:00:00;
M020199;GARZE IN COTONE - ALTRE;S;;2008-06-30 00:00:00;
M0202;GARZE IN TNT;N;;2007-02-20 00:00:00;
M020201;GARZE IN TNT PIEGATE;N;;2007-02-20 00:00:00;
M02020101;GARZE IN TNT PIEGATE SENZA FILO RX;N;;2007-02-20 00:00:00;
M0202010101;GARZE IN TNT PIEGATE SENZA FILO RX STERILI;S;;2007-02-20 00:00:00;
M0202010102;GARZE IN TNT PIEGATE SENZA FILO RX NON STERILI;S;;2007-02-20 00:00:00;
M02020102;GARZE IN TNT PIEGATE CON FILO RX;N;;2007-02-20 00:00:00;
M0202010201;GARZE IN TNT PIEGATE CON FILO RX STERILI;S;;2007-02-20 00:00:00;
M0202010202;GARZE IN TNT PIEGATE CON FILO RX NON STERILI;S;;2007-02-20 00:00:00;
M020202;GARZE LAPAROTOMICHE IN TNT;N;;2007-02-20 00:00:00;2022-02-22 00:00:00
M020202;GARZE IN TNT LAPAROTOMICHE;N;;2022-02-23 00:00:00;
M02020201;GARZE LAPAROTOMICHE IN TNT SENZA FILO RX;N;;2007-02-20 00:00:00;2022-02-22 00:00:00
M02020201;GARZE IN TNT LAPAROTOMICHE SENZA FILO RX;N;;2022-02-23 00:00:00;
M0202020101;GARZE LAPAROTOMICHE IN TNT SENZA FILO RX STERILI;S;;2007-02-20 00:00:00;2022-02-22 00:00:00
M0202020101;GARZE IN TNT LAPAROTOMICHE SENZA FILO RX STERILI;S;;2022-02-23 00:00:00;
M0202020102;GARZE LAPAROTOMICHE IN TNT SENZA FILO RX NON STERILI;S;;2007-02-20 00:00:00;2022-02-22 00:00:00
M0202020102;GARZE IN TNT LAPAROTOMICHE SENZA FILO RX NON STERILI;S;;2022-02-23 00:00:00;
M02020202;GARZE LAPAROTOMICHE IN TNT CON FILO RX;N;;2007-02-20 00:00:00;2022-02-22 00:00:00
M02020202;GARZE IN TNT LAPAROTOMICHE CON FILO RX;N;;2022-02-23 00:00:00;
M0202020201;GARZE LAPAROTOMICHE IN TNT CON FILO RX STERILI;S;;2007-02-20 00:00:00;2022-02-22 00:00:00
M0202020201;GARZE IN TNT LAPAROTOMICHE CON FILO RX STERILI;S;;2022-02-23 00:00:00;
M0202020202;GARZE LAPAROTOMICHE IN TNT CON FILO RX NON STERILI;S;;2007-02-20 00:00:00;2022-02-22 00:00:00
M0202020202;GARZE IN TNT LAPAROTOMICHE CON FILO RX NON STERILI;S;;2022-02-23 00:00:00;
M020203;TAMPONI IN TNT;N;;2007-02-20 00:00:00;2022-02-22 00:00:00
M020203;GARZE IN TNT IN TAMPONI;N;;2022-02-23 00:00:00;
M02020301;TAMPONI IN TNT SENZA FILO RX;N;;2007-02-20 00:00:00;
M0202030101;TAMPONI IN TNT SENZA FILO RX STERILI;S;;2007-02-20 00:00:00;
M0202030102;TAMPONI IN TNT SENZA FILO RX NON STERILI;S;;2007-02-20 00:00:00;
M02020302;TAMPONI IN TNT CON FILO RX;N;;2007-02-20 00:00:00;
M0202030201;TAMPONI IN TNT CON FILO RX STERILI;S;;2007-02-20 00:00:00;
M0202030202;TAMPONI IN TNT CON FILO RX NON STERILI;S;;2007-02-20 00:00:00;
M020204;GARZE IN TNT IN PEZZE;S;;2022-02-23 00:00:00;
M020205;GARZE IN TNT IN RULLI;S;;2022-02-23 00:00:00;
M020299;GARZE IN TNT - ALTRE;S;;2007-02-20 00:00:00;
M0203;GARZE MEDICATE;N;;2007-02-20 00:00:00;
M020301;GARZE ALLO IODOFORMIO;S;;2007-02-20 00:00:00;
M020302;GARZE PARAFFINATE E CON ALTRI COMPONENTI;N;;2007-02-20 00:00:00;2018-06-25 00:00:00
M020302;GARZE IMPREGNATE;N;;2018-06-26 00:00:00;
M02030201;GARZE PARAFFINATE;S;;2007-02-20 00:00:00;2018-06-25 00:00:00
M02030201;GARZE IMPREGNATE SENZA ANTISETTICO;S;;2018-06-26 00:00:00;
M02030202;GARZE PARAFFINATE CON ANTISETTICO;S;;2007-02-20 00:00:00;2018-06-25 00:00:00
M02030202;GARZE IMPREGNATE CON ANTISETTICO;S;;2018-06-26 00:00:00;
M02030299;GARZE PARAFFINATE E CON ALTRI COMPONENTI - ALTRE;S;;2008-06-30 00:00:00;2018-06-26 00:00:00
M020399;GARZE MEDICATE - ALTRE;S;;2007-02-20 00:00:00;
M0299;GARZE DI COTONE E TNT - ALTRE;S;;2007-02-20 00:00:00;2018-06-25 00:00:00
M0299;GARZE - ALTRE;S;;2018-06-26 00:00:00;
M03;BENDAGGI;N;;2007-02-20 00:00:00;
M0301;BENDE IN GARZA IDROFILA E TNT;N;;2007-02-20 00:00:00;
M030101;BENDE IN GARZA IDROFILA;S;;2007-02-20 00:00:00;
M030102;BENDE IN TNT;S;;2007-02-20 00:00:00;
M0302;BENDE MEDICATE;N;;2007-02-20 00:00:00;
M030201;BENDE MEDICATE CON IODOFORMIO;S;;2007-02-20 00:00:00;
M030202;BENDE MEDICATE CON ZINCO OSSIDO E CON ALTRI COMPONENTI;N;;2007-02-20 00:00:00;
M03020201;BENDE MEDICATE CON ZINCO OSSIDO;S;;2007-02-20 00:00:00;
M03020202;BENDE MEDICATE CON ZINCO OSSIDO E ITTIOLO;S;;2007-02-20 00:00:00;
M03020299;BENDE MEDICATE CON ZINCO OSSIDO E CON ALTRI COMPONENTI - ALTRE;S;;2008-06-30 00:00:00;
M030299;BENDE MEDICATE - ALTRE;S;;2007-02-20 00:00:00;
M0303;BENDAGGI ELASTICI DI FISSAGGIO O PROTEZIONE;N;;2007-02-20 00:00:00;
M030301;BENDE ELASTICHE DI FISSAGGIO;N;;2007-02-20 00:00:00;
M03030101;BENDE ELASTICHE DI FISSAGGIO NON ADESIVE;N;;2007-02-20 00:00:00;
M0303010101;BENDE ELASTICHE DI FISSAGGIO NON ADESIVE MONOESTENSIBILI;S;;2007-02-20 00:00:00;
M0303010103;BENDE ELASTICHE DI FISSAGGIO NON ADESIVE BIESTENSIBILI;S;;2007-02-20 00:00:00;
M03030102;BENDE ELASTICHE DI FISSAGGIO AUTOADESIVE;N;;2007-02-20 00:00:00;
M0303010201;BENDE ELASTICHE DI FISSAGGIO AUTOADESIVE MONOESTENSIBILI;S;;2007-02-20 00:00:00;
M0303010203;BENDE ELASTICHE DI FISSAGGIO AUTOADESIVE BIESTENSIBILI;S;;2007-02-20 00:00:00;
M03030103;RETI TUBULARI;S;;2007-02-20 00:00:00;
M03030199;BENDE ELASTICHE DI FISSAGGIO - ALTRE;S;;2008-06-30 00:00:00;
M030302;SISTEMI DI PROTEZIONE;N;;2007-02-20 00:00:00;
M03030201;MAGLIE TUBULARI;S;;2007-02-20 00:00:00;
M03030202;SALVAPELLE;S;;2007-02-20 00:00:00;
M03030203;CUSCINETTI IN GOMMAPIUMA;S;;2007-02-20 00:00:00;
M03030299;SISTEMI DI PROTEZIONE - ALTRI;S;;2007-02-20 00:00:00;
M0304;BENDAGGI ELASTICI DI SOSTEGNO E COMPRESSIONE;N;;2007-02-20 00:00:00;
M030401;BENDE ELASTICHE COMPRESSIVE;N;;2007-02-20 00:00:00;
M03040101;BENDE ELASTICHE COMPRESSIVE NON ADESIVE;N;;2007-02-20 00:00:00;
M0304010101;BENDE ELASTICHE COMPRESSIVE NON ADESIVE A CORTA ESTENSIBILITA' (< 70%);S;;2007-02-20 00:00:00;
M0304010102;BENDE ELASTICHE COMPRESSIVE NON ADESIVE A MEDIA ESTENSIBILITA' (70-140%);S;;2007-02-20 00:00:00;
M0304010103;BENDE ELASTICHE COMPRESSIVE NON ADESIVE A LUNGA ESTENSIBILITA' (> 140%);S;;2007-02-20 00:00:00;
M03040102;BENDE ELASTICHE COMPRESSIVE COESIVE;N;;2007-02-20 00:00:00;
M0304010201;BENDE ELASTICHE COMPRESSIVE COESIVE A CORTA ESTENSIBILITA' (< 70%);S;;2007-02-20 00:00:00;
M0304010202;BENDE ELASTICHE COMPRESSIVE COESIVE A MEDIA ESTENSIBILITA' (70-140%);S;;2007-02-20 00:00:00;
M0304010203;BENDE ELASTICHE COMPRESSIVE COESIVE A LUNGA ESTENSIBILITA' (> 140%);S;;2007-02-20 00:00:00;
M03040103;BENDE ELASTICHE COMPRESSIVE ADESIVE;N;;2007-02-20 00:00:00;
M0304010301;BENDE ELASTICHE COMPRESSIVE ADESIVE A CORTA ESTENSIBILITA' (< 70%);S;;2007-02-20 00:00:00;
M0304010302;BENDE ELASTICHE COMPRESSIVE ADESIVE A MEDIA ESTENSIBILITA' (70-140%);S;;2007-02-20 00:00:00;
M0304010303;BENDE ELASTICHE COMPRESSIVE ADESIVE A LUNGA ESTENSIBILITA' (> 140%);S;;2007-02-20 00:00:00;
M03040199;BENDE ELASTICHE COMPRESSIVE - ALTRE;S;;2008-06-30 00:00:00;
M030402;BENDE ELASTICHE DI SOSTEGNO;N;;2007-02-20 00:00:00;
M03040201;BENDE ELASTICHE DI SOSTEGNO NON ADESIVE;N;;2007-02-20 00:00:00;
M0304020101;BENDE ELASTICHE DI SOSTEGNO NON ADESIVE AD ALTA ESTENSIBILITA' (>140%);N;;2007-02-20 00:00:00;
M030402010101;BENDE ELASTICHE DI SOSTEGNO NON ADESIVE AD ALTA ESTENSIBILITA' MONOESTENSIBILI;S;;2007-02-20 00:00:00;
M030402010103;BENDE ELASTICHE DI SOSTEGNO NON ADESIVE AD ALTA ESTENSIBILITA' BIESTENSIBILI;S;;2007-02-20 00:00:00;
M03040202;BENDE ELASTICHE DI SOSTEGNO COESIVE (AUTOADESIVE);N;;2007-02-20 00:00:00;
M0304020201;BENDE ELASTICHE DI SOSTEGNO COESIVE AD ALTA ESTENSIBILITA' (>140%);N;;2007-02-20 00:00:00;
M030402020101;BENDE ELASTICHE DI SOSTEGNO COESIVE AD ALTA ESTENSIBILITA' MONOESTENSIBILI;S;;2007-02-20 00:00:00;
M030402020103;BENDE ELASTICHE DI SOSTEGNO COESIVE AD ALTA ESTENSIBILITA' BIESTENSIBILI;S;;2007-02-20 00:00:00;
M03040203;BENDE ELASTICHE DI SOSTEGNO ADESIVE;N;;2007-02-20 00:00:00;
M0304020301;BENDE ELASTICHE DI SOSTEGNO ADESIVE AD ALTA ESTENSIBILITA' (>140%);N;;2007-02-20 00:00:00;
M030402030102;BENDE ELASTICHE DI SOSTEGNO ADESIVE AD ALTA ESTENSIBILITA' MONOESTENSIBILI;S;;2007-02-20 00:00:00;
M030402030103;BENDE ELASTICHE DI SOSTEGNO ADESIVE AD ALTA ESTENSIBILITA' BIESTENSIBILI;S;;2007-02-20 00:00:00;
M03040299;BENDE ELASTICHE DI SOSTEGNO - ALTRE;S;;2008-06-30 00:00:00;
M030403;BENDAGGI FUNZIONALI CON TAPES ANAELASTICI;S;;2007-02-20 00:00:00;
M030404;BENDE PREMIFISTOLA;S;;2007-02-20 00:00:00;
M030405;CALZE E GAMBALI COMPRESSIVI;S;;2007-02-20 00:00:00;
M030499;BENDAGGI ELASTICI DI SOSTEGNO E COMPRESSIONE - ALTRI;S;;2008-06-30 00:00:00;
M0305;SISTEMI E PRODOTTI PER IMMOBILIZZAZIONE;N;;2007-02-20 00:00:00;
M030501;BENDAGGI PRONTI PER IMMOBILIZZAZIONE DI SPALLA, BRACCIO E CLAVICOLA;S;;2007-02-20 00:00:00;
M030502;BENDE E STECCHE;N;;2007-02-20 00:00:00;
M03050201;BENDE E STECCHE IN GESSO NATURALE;S;;2007-02-20 00:00:00;
M03050202;BENDE E STECCHE IN GESSO SINTETICO;S;;2007-02-20 00:00:00;
M03050299;BENDE E STECCHE - ALTRE;S;;2008-06-30 00:00:00;
M030503;SISTEMI DI TRAZIONE CUTANEA;S;;2007-02-20 00:00:00;
M030504;SISTEMI DI IMMOBILIZZAZIONE PLASTICI A FREDDO E A CALDO;S;;2007-02-20 00:00:00;
M030505;SPLINT E STECCHE DI ZIMMER;S;;2007-02-20 00:00:00;
M030506;FERULE;S;;2007-02-20 00:00:00;
M030599;SISTEMI E PRODOTTI PER IMMOBILIZZAZIONE - ALTRI;S;;2007-02-20 00:00:00;
M0399;BENDAGGI - ALTRI (collari, tutori ecc. vedi Ortesi categoria Y06);S;;2007-02-20 00:00:00;
M04;MEDICAZIONI SPECIALI;N;;2007-02-20 00:00:00;
M0401;MEDICAZIONI PREPARATE;N;;2007-02-20 00:00:00;
M040101;MEDICAZIONI ADESIVE CON COMPRESSA ASSORBENTE;N;;2007-02-20 00:00:00;
M04010101;MEDICAZIONI IN TNT ADESIVO CON COMPRESSA ASSORBENTE;S;;2007-02-20 00:00:00;
M04010102;MEDICAZIONI IN POLIURETANO O ALTRO MATERIALE PLASTICO ADESIVO CON COMPRESSA ASSORBENTE;S;;2007-02-20 00:00:00;
M04010199;MEDICAZIONI ADESIVE CON COMPRESSA ASSORBENTE - ALTRE;S;;2008-06-30 00:00:00;
M040102;MEDICAZIONI DI FISSAGGIO CATETERI ED ALTRO;N;;2007-02-20 00:00:00;2022-02-22 00:00:00
M040102;MEDICAZIONI DI FISSAGGIO ;N;;2022-02-23 00:00:00;
M04010201;MEDICAZIONI DI FISSAGGIO CATETERI ED ALTRO IN TNT;S;;2007-02-20 00:00:00;2022-02-22 00:00:00
M04010201;MEDICAZIONI DI FISSAGGIO IN TNT;S;;2022-02-23 00:00:00;
M04010202;MEDICAZIONI DI FISSAGGIO CATETERI ED ALTRO IN POLIURETANO;S;;2007-02-20 00:00:00;2022-02-22 00:00:00
M04010202;MEDICAZIONI DI FISSAGGIO IN POLIURETANO;S;;2022-02-23 00:00:00;
M04010203;MEDICAZIONI DI FISSAGGIO IN SILICONE;S;;2022-02-23 00:00:00;
M04010299;MEDICAZIONI DI FISSAGGIO CATETERI ED ALTRO - ALTRE;S;;2007-02-20 00:00:00;2022-02-22 00:00:00
M04010299;MEDICAZIONI DI FISSAGGIO - ALTRE;S;;2022-02-23 00:00:00;
M040199;MEDICAZIONI PREPARATE - ALTRE;S;;2008-06-30 00:00:00;
M0402;MEDICAZIONI ASSORBENTI NON ADESIVE;N;;2007-02-20 00:00:00;
M040201;MEDICAZIONI ASSORBENTI CON TAMPONE IN CELLULOSA ED INVOLUCRO IN TNT;S;;2007-02-20 00:00:00;
M040202;MEDICAZIONI ASSORBENTI IN TNT E ALLUMINIO;S;;2007-02-20 00:00:00;
M040203;MEDICAZIONI TRACHEOSTOMICHE;S;;2007-02-20 00:00:00;
M040204;MEDICAZIONI ASSORBENTI ANTIADERENTI;S;;2007-02-20 00:00:00;
M040299;MEDICAZIONI ASSORBENTI NON ADESIVE - ALTRE;S;;2007-02-20 00:00:00;
M0403;MEDICAZIONI OFTALMICHE;N;;2007-02-20 00:00:00;
M040301;COMPRESSE OCULARI IN COTONE O IN TNT;S;;2007-02-20 00:00:00;
M040302;BASTONCINI OFTALMICI;S;;2007-02-20 00:00:00;2022-02-22 00:00:00
M040302;BASTONCINI/LANCETTE/STRIPS PER USO OFTALMICO;S;;2022-02-23 00:00:00;
M040303;CEROTTI PER TERAPIA ORTOTTICA;S;;2007-02-20 00:00:00;2022-02-22 00:00:00
M040303;CEROTTI OCULARI;S;;2022-02-23 00:00:00;
M040304;MEDICAZIONI OFTALMICHE CONTENENTI COMPONENTI DI ORIGINE UMANA;S;;2022-02-23 00:00:00;
M040305;MEDICAZIONI OFTALMICHE IN FORMA DI COLLIRIO/GEL/CREMA;S;;2022-02-23 00:00:00;
M040306;PROTEZIONI OFTALMICHE;S;;2022-02-23 00:00:00;
M040399;MEDICAZIONI OFTALMICHE - ALTRE;S;;2007-02-20 00:00:00;
M0404;MEDICAZIONI PER FERITE, PIAGHE E ULCERE;N;;2007-02-20 00:00:00;
M040401;MEDICAZIONI A CONTENUTO SALINO;S;;2007-02-20 00:00:00;2008-06-29 00:00:00
M040401;MEDICAZIONI A CONTENUTO SALINO;N;;2008-06-30 00:00:00;
M04040101;MEDICAZIONI A CONTENUTO SALINO PURO;S;;2008-06-30 00:00:00;
M04040102;MEDICAZIONI A CONTENUTO SALINO IN ASSOCIAZIONE CON ALTRE SOSTANZE;S;;2008-06-30 00:00:00;
M040402;MEDICAZIONI IN ALGINATO;S;;2007-02-20 00:00:00;2008-06-29 00:00:00
M040402;MEDICAZIONI IN ALGINATO;N;;2008-06-30 00:00:00;
M04040201;MEDICAZIONI IN ALGINATO PURO;S;;2008-06-30 00:00:00;
M04040202;MEDICAZIONI IN ALGINATO ASSOCIATO AD ALTRE SOSTANZE;S;;2008-06-30 00:00:00;
M040403;MEDICAZIONI IN IDROCOLLOIDI;S;;2007-02-20 00:00:00;2008-06-29 00:00:00
M040403;MEDICAZIONI IN IDROCOLLOIDI;N;;2008-06-30 00:00:00;
M04040301;MEDICAZIONI IN IDROCOLLOIDI PURI;S;;2008-06-30 00:00:00;
M04040302;MEDICAZIONI IN IDROCOLLOIDI ASSOCIATI AD ALTRE SOSTANZE;S;;2008-06-30 00:00:00;
M040404;MEDICAZIONI IN IDROFIBRA;S;;2007-02-20 00:00:00;2008-06-29 00:00:00
M040404;MEDICAZIONI IN CARBOSSIMETILCELLULOSA SODICA PURA O IN ASSOCIAZIONE;S;;2008-06-30 00:00:00;2015-08-05 00:00:00
M040404;MEDICAZIONI IN CELLULOSA E/O CELLULOSA MODIFICATA PURA O IN ASSOCIAZIONE;S;;2015-08-06 00:00:00;
M040405;MEDICAZIONI IN GEL IDROFILO;S;;2007-02-20 00:00:00;2008-06-29 00:00:00
M040405;MEDICAZIONI IN GEL IDROFILO;N;;2008-06-30 00:00:00;
M04040501;MEDICAZIONI IN GEL IDROFILO PURO;S;;2008-06-30 00:00:00;
M04040502;MEDICAZIONI IN GEL IDROFILO ASSOCIATO AD ALTRE SOSTANZE;S;;2008-06-30 00:00:00;
M040406;MEDICAZIONI IN POLIURETANO;S;;2007-02-20 00:00:00;2008-06-29 00:00:00
M040406;MEDICAZIONI IN POLIURETANO;N;;2008-06-30 00:00:00;
M04040601;MEDICAZIONI IN POLIURETANO PURO;S;;2008-06-30 00:00:00;
M04040602;MEDICAZIONI IN POLIURETANO ASSOCIATO AD ALTRE SOSTANZE;S;;2008-06-30 00:00:00;
M040407;MEDICAZIONI IN SILICONE;S;;2007-02-20 00:00:00;2008-06-29 00:00:00
M040407;MEDICAZIONI IN SILICONE;N;;2008-06-30 00:00:00;
M04040701;MEDICAZIONI IN SILICONE PURO;S;;2008-06-30 00:00:00;
M04040702;MEDICAZIONI IN SILICONE ASSOCIATO AD ALTRE SOSTANZE;S;;2008-06-30 00:00:00;
M040408;MEDICAZIONI IN ARGENTO;S;;2007-02-20 00:00:00;2008-06-29 00:00:00
M040408;MEDICAZIONI IN ARGENTO;N;;2008-06-30 00:00:00;
M04040801;MEDICAZIONI IN ARGENTO PURO;S;;2008-06-30 00:00:00;
M04040802;MEDICAZIONI IN ARGENTO ASSOCIATO AD ALTRE SOSTANZE;S;;2008-06-30 00:00:00;
M040409;MEDICAZIONI IN CARBONE ATTIVO;S;;2007-02-20 00:00:00;2008-06-29 00:00:00
M040409;MEDICAZIONI IN CARBONE ATTIVO;N;;2008-06-30 00:00:00;
M04040901;MEDICAZIONI IN CARBONE ATTIVO PURO;S;;2008-06-30 00:00:00;
M04040902;MEDICAZIONI IN CARBONE ATTIVO ASSOCIATO AD ALTRE SOSTANZE;S;;2008-06-30 00:00:00;
M040410;MEDICAZIONI IN COLLAGENE DI ORIGINE ANIMALE;S;;2007-02-20 00:00:00;2008-06-29 00:00:00
M040410;MEDICAZIONI IN COLLAGENE DI ORIGINE ANIMALE;N;;2008-06-30 00:00:00;
M04041001;MEDICAZIONI IN COLLAGENE DI ORIGINE ANIMALE PURO;S;;2008-06-30 00:00:00;
M04041002;MEDICAZIONI IN COLLAGENE DI ORIGINE ANIMALE ASSOCIATO AD ALTRE SOSTANZE;S;;2008-06-30 00:00:00;
M040411;MEDICAZIONI STRUMENTALI;S;;2008-06-30 00:00:00;
M040412;MEDICAZIONI A BASE DI ANTISETTICI;S;;2008-06-30 00:00:00;
M040413;MEDICAZIONI INTERATTIVE;S;;2008-06-30 00:00:00;
M040414;MEDICAZIONI PLURISTRATO ASSORBENTI;S;;2018-06-26 00:00:00;
M040415;MEDICAZIONI IN SOLUZIONE, EMULSIONE, GEL, POLVERE;N;;2022-02-23 00:00:00;
M04041501;MEDICAZIONI IN SOLUZIONE, EMULSIONE, GEL, POLVERE CON COMPONENTI VEGETALI;S;;2022-02-23 00:00:00;
M04041502;MEDICAZIONI IN SOLUZIONE, EMULSIONE, GEL, POLVERE CON COMPONENTI ANIMALI;S;;2022-02-23 00:00:00;
M04041503;MEDICAZIONI IN SOLUZIONE, EMULSIONE, GEL, POLVERE CON COMPONENTI DI SINTESI;S;;2022-02-23 00:00:00;
M040416;MEDICAZIONI IDROFOBICHE;S;;2022-02-23 00:00:00;
M040499;MEDICAZIONI PER FERITE, PIAGHE E ULCERE - ALTRE;S;;2007-02-20 00:00:00;
M0405;EMOSTATICI;N;;2007-02-20 00:00:00;2011-08-29 00:00:00
M0405;DISPOSITIVI EMOSTATICI;N;;2011-08-30 00:00:00;2022-02-22 00:00:00
M0405;MEDICAZIONI EMOSTATICHE;N;;2022-02-23 00:00:00;
M040501;MEDICAZIONI EMOSTATICHE IN CELLULOSA;S;;2007-02-20 00:00:00;2011-08-29 00:00:00
M040501;DISPOSITIVI EMOSTATICI IN CELLULOSA;S;;2011-08-30 00:00:00;2022-02-22 00:00:00
M040501;MEDICAZIONI EMOSTATICHE IN POLISACCARIDI;S;;2022-02-23 00:00:00;
M040502;MEDICAZIONI EMOSTATICHE IN COLLAGENE DI ORIGINE ANIMALE;S;;2007-02-20 00:00:00;2011-08-29 00:00:00
M040502;DISPOSITIVI EMOSTATICI IN COLLAGENE DI ORIGINE ANIMALE;S;;2011-08-30 00:00:00;2022-02-22 00:00:00
M040502;MEDICAZIONI EMOSTATICHE IN COLLAGENE DI ORIGINE ANIMALE;S;;2022-02-23 00:00:00;
M040503;MEDICAZIONI EMOSTATICHE IN SPUGNA DI GELATINA;S;;2007-02-20 00:00:00;2011-08-29 00:00:00
M040503;DISPOSITIVI EMOSTATICI IN SPUGNA DI GELATINA;S;;2011-08-30 00:00:00;2022-02-22 00:00:00
M040503;MEDICAZIONI EMOSTATICHE IN SPUGNA DI GELATINA;S;;2022-02-23 00:00:00;
M040504;MEDICAZIONI EMOSTATICHE AL PERCLORURO FERRICO;S;;2007-02-20 00:00:00;2011-08-29 00:00:00
M040504;DISPOSITIVI EMOSTATICI AL PERCLORURO FERRICO;S;;2011-08-30 00:00:00;2022-02-22 00:00:00
M040504;MEDICAZIONI EMOSTATICHE INORGANICHE;S;;2022-02-23 00:00:00;
M040505;DISPOSITIVI EMOSTATICI A BASE DI FATTORI DI COAUGULAZIONE;N;;2022-02-23 00:00:00;
M04050501;DISPOSITIVI EMOSTATICI A BASE DI FATTORI DELLA COAUGULAZIONE DI ORIGINE ANIMALE;S;;2022-02-23 00:00:00;
M04050502;DISPOSITIVI EMOSTATICI A BASE DI FATTORI DELLA COAUGULAZIONE DI ORIGINE UMANA;S;;2022-02-23 00:00:00;
M040506;CERE EMOSTATICHE;S;;2022-02-23 00:00:00;
M040599;EMOSTATICI - ALTRI;S;;2007-02-20 00:00:00;2015-08-05 00:00:00
M040599;DISPOSITIVI EMOSTATICI - ALTRI;S;;2015-08-06 00:00:00;2022-02-22 00:00:00
M040599;MEDICAZIONI EMOSTATICHE - ALTRE;S;;2022-02-23 00:00:00;
M0406;MEDICAZIONI PER LA PREVENZIONE DELLE ADERENZE POST-OPERATORIE;N;;2007-02-20 00:00:00;2008-09-23 00:00:00
M0406;MEDICAZIONI PER LA PREVENZIONE DELLE ADERENZE POST-OPERATORIE;S;;2008-09-23 00:00:00;2011-08-29 00:00:00
M0406;DISPOSITIVI PER LA PREVENZIONE DELLE ADERENZE POST-OPERATORIE;S;;2011-08-30 00:00:00;2022-02-22 00:00:00
M0406;MEDICAZIONI PER LA PREVENZIONE DELLE ADERENZE POST-OPERATORIE;S;;2022-02-23 00:00:00;
M040699;MEDICAZIONI PER LA PREVENZIONE DELLE ADERENZE POST-OPERATORIE - VARIE;S;;2007-02-20 00:00:00;2008-06-30 00:00:00
M0407;TAMPONI SPECIALI;S;;2007-02-20 00:00:00;2022-02-22 00:00:00
M0407;TAMPONI SPECIALI;N;;2022-02-23 00:00:00;
M040701;TAMPONI NASALI;S;;2022-02-23 00:00:00;
M040702;TAMPONI CHIRURGICI;S;;2022-02-23 00:00:00;
M040703;TAMPONI PER LO SBRIGLIAMENTO DI FERITE;S;;2022-02-23 00:00:00;
M040799;TAMPONI SPECIALI Â¿ ALTRI;S;;2022-02-23 00:00:00;
M0408;MEDICAZIONI PER SOLE USTIONI;S;;2022-02-23 00:00:00;
M0409;MEDICAZIONI PER EFFETTI DI FOTO- E TERMOTERAPIA STRUMENTALE IN FORMA DI GEL E SOLUZIONI;S;;2022-02-23 00:00:00;
M0410;MEDICAZIONI PER UNGHIE IN FORMA DI LIQUIDI, GEL E CREME;S;;2022-02-23 00:00:00;
M0411;MEDICAZIONI AD AZIONE OSMOTICA;S;;2022-02-23 00:00:00;
M0412;MEDICAZIONI PER TRATTAMENTO DI VERRUCHE, CALLI E DURONI;S;;2022-02-23 00:00:00;
M0499;MEDICAZIONI SPECIALI - ALTRE;S;;2007-02-20 00:00:00;
M05;CEROTTI;N;;2007-02-20 00:00:00;
M0501;CEROTTI CHIRURGICI;N;;2007-02-20 00:00:00;
M050101;CEROTTI SU ROCCHETTO (A NASTRO);S;;2007-02-20 00:00:00;
M050102;CEROTTINI MEDICATI;S;;2007-02-20 00:00:00;
M050199;CEROTTI CHIRURGICI - ALTRI;S;;2008-06-30 00:00:00;
M0502;CEROTTI PER FISSAGGIO DI AREE ESTESE;N;;2007-02-20 00:00:00;
M050201;CEROTTI ESTENSIBILI IN TNT;S;;2007-02-20 00:00:00;
M050202;CEROTTI IN TESSUTO NON ESTENSIBILE;S;;2007-02-20 00:00:00;
M050299;CEROTTI PER FISSAGGIO DI AREE ESTESE - ALTRI;S;;2008-06-30 00:00:00;
M0599;CEROTTI - ALTRI;S;;2007-02-20 00:00:00;
M90;DISPOSITIVI PER MEDICAZIONE - VARI;N;;2007-02-20 00:00:00;2022-02-22 00:00:00
M90;DISPOSITIVI PER MEDICAZIONI GENERALI E SPECIALISTICHE - VARI;N;;2022-02-23 00:00:00;
M9001;DISPOSITIVI CRIOTERAPICI E GHIACCIO ISTANTANEO;S;;2007-02-20 00:00:00;2016-11-14 00:00:00
M9001;DISPOSITIVI CRIOTERAPICI E TERMOTERAPICI;S;;2016-11-15 00:00:00;
M9002;SPRAY PROTETTIVI E LUBRIFICANTI SPRAY E GEL;S;;2007-02-20 00:00:00;2008-06-29 00:00:00
M9002;SPRAY PROTETTIVI E LUBRIFICANTI SPRAY, GEL, LIQUIDI E IN CREMA;S;;2008-06-30 00:00:00;2022-02-22 00:00:00
M9002;DISPOSITIVI PROTETTIVI, LUBRIFICANTI E LENITIVI (SPRAY, GEL, LIQUIDI E CREME);S;;2022-02-23 00:00:00;
M9003;SOLUZIONI PER RIMOZIONE DI BENDE E CEROTTI;S;;2007-02-20 00:00:00;
M9099;DISPOSITIVI PER MEDICAZIONE- ALTRI (CEROTTO PER SUTURA VEDI H900102);S;;2007-02-20 00:00:00;2022-02-22 00:00:00
M9099;DISPOSITIVI PER MEDICAZIONE- ALTRI (CEROTTI PER SUTURA VEDI H900102);S;;2022-02-23 00:00:00;
N;DISPOSITIVI PER SISTEMA NERVOSO E MIDOLLARE;N;;2007-02-20 00:00:00;
N01;DISPOSITIVI PER SISTEMA NERVOSO;N;;2007-02-20 00:00:00;2022-02-22 00:00:00
N01;DISPOSITIVI PER SISTEMA NERVOSO ENCEFALICO E PERIFERICO;N;;2022-02-23 00:00:00;
N0101;DISPOSITIVI PER NEUROFISIOLOGIA;N;;2007-02-20 00:00:00;
N010101;ELETTRODI PER ELETTROMIOGRAFIA;S;;2007-02-20 00:00:00;
N010102;ELETTRODI PER ELETTROENCEFALOGRAFIA;S;;2007-02-20 00:00:00;2022-02-22 00:00:00
N010102;ELETTRODI PER ELETTROENCEFALOGRAFIA;N;;2022-02-23 00:00:00;
N01010201;ELETTRODI INTRACRANICI PER ELETTROENCEFALOGRAFIA;N;;2022-02-23 00:00:00;
N0101020101;ELETTRODI CORTICALI PER ELETTROENCEFALOGRAFIA;S;;2022-02-23 00:00:00;
N0101020102;ELETTRODI DI PROFONDITA' PER ELETTROENCEFALOGRAFIA;S;;2022-02-23 00:00:00;
N0101020199;ELETTRODI INTRACRANICI PER ELETTROENCEFALOGRAFIA - ALTRI;S;;2022-02-23 00:00:00;
N01010202;ELETTRODI EXTRACRANICI PER ELETTROENCEFALOGRAFIA;S;;2022-02-23 00:00:00;
N01010203;CUFFIE PER ELETTROENCEFALOGRAFIA;S;;2022-02-23 00:00:00;
N01010299;ELETTRODI PER ELETTROENCEFALOGRAFIA - ALTRI;S;;2022-02-23 00:00:00;
N010103;ELETTROSTIMOLATORI NERVINI BIPOLARI AUTOALIMENTATI;S;;2007-02-20 00:00:00;
N010180;DISPOSITIVI PER NEUROFISIOLOGIA - ACCESSORI;S;;2022-02-23 00:00:00;
N010199;DISPOSITIVI PER NEUROFISIOLOGIA - ALTRI;S;;2007-02-20 00:00:00;
N0102;DISPOSITIVI PER FISIOTERAPIA NEUROLOGICA;N;;2007-02-20 00:00:00;
N010201;ELETTRODI PER TENS;S;;2007-02-20 00:00:00;
N010202;MANIPOLI CERCAPUNTI;S;;2007-02-20 00:00:00;
N010280;DISPOSITIVI PER FISIOTERAPIA NEUROLOGICA - ACCESSORI;N;;2022-02-23 00:00:00;
N01028001;SPUGNE PER APPLICAZIONE DI ELETTRODI NEUROLOGICI CUTANEI;S;;2022-02-23 00:00:00;
N01028002;CONNETTORI PER FISIOTERAPIA NEUROLOGICA;S;;2022-02-23 00:00:00;
N01028003;FASCE PER ELETTRODI NEUROLOGICI;S;;2022-02-23 00:00:00;
N01028099;DISPOSITIVI PER FISIOTERAPIA NEUROLOGICA - ACCESSORI ALTRI;S;;2022-02-23 00:00:00;
N010299;DISPOSITIVI PER FISIOTERAPIA NEUROLOGICA - ALTRI;S;;2007-02-20 00:00:00;
N0103;DISPOSITIVI PER DRENAGGIO INTRACRANICO E KIT;S;;2007-02-20 00:00:00;2022-02-22 00:00:00
N0103;DISPOSITIVI PER DRENAGGIO INTRACRANICO E KIT;N;;2022-02-23 00:00:00;
N010301;SHUNTS VENTRICOLO-PERITONEALI;S;;2022-02-23 00:00:00;
N010302;SHUNTS VENTRICOLO-ATRIALI;S;;2022-02-23 00:00:00;
N010303;DRENAGGI ESTERNI DI LIQUOR CEREBRALE E KIT;S;;2022-02-23 00:00:00;
N010380;DISPOSITIVI PER DRENAGGIO INTRACRANICO E KIT - ACCESSORI;N;;2022-02-23 00:00:00;
N01038001;ADATTATORI E CONNETTORI PER DISPOSITIVI PER DRENAGGIO INTRACRANICO, MONOUSO;S;;2022-02-23 00:00:00;
N01038002;VALVOLE PER DISPOSITIVI DI DRENAGGIO INTRACRANICO;S;;2022-02-23 00:00:00;
N01038099;DISPOSITIVI PER DRENAGGIO INTRACRANICO E KIT - ACCESSORI ALTRI;S;;2022-02-23 00:00:00;
N010399;DISPOSITIVI PER DRENAGGIO INTRACRANICO E KIT - ALTRI;S;;2022-02-23 00:00:00;
N0104;CATETERI PER SISTEMA NERVOSO PERIFERICO;N;;2022-02-23 00:00:00;
N010401;CATETERI PER BLOCCO NERVOSO PERIFERICO E KIT;S;;2022-02-23 00:00:00;
N010480;CATETERI PER SISTEMA NERVOSO PERIFERICO - ACCESSORI;S;;2022-02-23 00:00:00;
N010499;CATETERI PER SISTEMA NERVOSO PERIFERICO - ALTRI;S;;2022-02-23 00:00:00;
N0180;DISPOSITIVI PER SISTEMA NERVOSO - ACCESSORI;S;;2007-02-20 00:00:00;2022-02-22 00:00:00
N0180;DISPOSITIVI PER SISTEMA NERVOSO ENCEFALICO E PERIFERICO - ACCESSORI;N;;2022-02-23 00:00:00;
N0180;DISPOSITIVI PER SISTEMA NERVOSO - ACCESSORI;N;;2022-02-23 00:00:00;2022-02-23 00:00:00
N018001;STRUMENTARIO CHIRURGICO PER SISTEMA NERVOSO ENCEFALICO E PERIFERICO, MONOUSO;N;;2022-02-23 00:00:00;
N01800101;PINZE CHIRURGICHE PER SISTEMA NERVOSO ENCEFALICO E PERIFERICO, MONOUSO;S;;2022-02-23 00:00:00;
N01800102;FORBICI CHIRURGICHE PER SISTEMA NERVOSO ENCEFALICO E PERIFERICO, MONOUSO;S;;2022-02-23 00:00:00;
N01800103;PORTAGHI PER SISTEMA NERVOSO ENCEFALICO E PERIFERICO, MONOUSO;S;;2022-02-23 00:00:00;
N01800104;DIVARICATORI E RETRATTORI PER SISTEMA NERVOSO ENCEFALICO E PERIFERICO, MONOUSO;S;;2022-02-23 00:00:00;
N01800105;LAME CHIRURGICHE PER SISTEMA NERVOSO ENCEFALICO E PERIFERICO, MONOUSO;S;;2022-02-23 00:00:00;
N01800106;KIT DI STRUMENTARIO CHIRURGICO PER SISTEMA NERVOSO ENCEFALICO E PERIFERICO, MONOUSO;S;;2022-02-23 00:00:00;
N01800199;STRUMENTARIO CHIRURGICO PER SISTEMA NERVOSO ENCEFALICO E PERIFERICO, MONOUSO - ALTRO;S;;2022-02-23 00:00:00;
N018099;DISPOSITIVI PER SISTEMA NERVOSO ENCEFALICO E PERIFERICO - ACCESSORI ALTRI;S;;2022-02-23 00:00:00;
N0199;DISPOSITIVI PER SISTEMA NERVOSO - ALTRI;S;;2007-02-20 00:00:00;2022-02-22 00:00:00
N0199;DISPOSITIVI PER SISTEMA NERVOSO ENCEFALICO E PERIFERICO - ALTRI;S;;2022-02-23 00:00:00;
N02;DISPOSITIVI PER SISTEMA MIDOLLARE;N;;2007-02-20 00:00:00;2022-02-22 00:00:00
N02;DISPOSITIVI PER SISTEMA MIDOLLARE SPINALE;N;;2022-02-23 00:00:00;
N0201;CATETERI SPINALI;N;;2007-02-20 00:00:00;2022-02-22 00:00:00
N0201;CATETERI SPINALI E KIT;N;;2022-02-23 00:00:00;
N020101;CATETERI PERIDURALI/EPIDURALI;S;;2007-02-20 00:00:00;2022-02-22 00:00:00
N020101;CATETERI PERIDURALI/EPIDURALI;N;;2022-02-23 00:00:00;2022-02-23 00:00:00
N020101;CATETERI SPINALI PERIDURALI/EPIDURALI E KIT;N;;2022-02-23 00:00:00;
N02010101;CATETERI PER EPIDUROSCOPIA ED EPIDUROPLASTICA E KIT;S;;2022-02-23 00:00:00;
N02010102;CATETERI PER ANALGESIA PERIDURALE/EPIDURALE CONTINUA E KIT;S;;2022-02-23 00:00:00;
N02010180;CATETERI SPINALI PERIDURALI/EPIDURALI E KIT - ACCESSORI;S;;2022-02-23 00:00:00;
N02010199;CATETERI SPINALI PERIDURALI/EPIDURALI E KIT - ALTRI;S;;2022-02-23 00:00:00;
N020102;CATETERI SUBARACNOIDEI;S;;2007-02-20 00:00:00;2022-02-22 00:00:00
N020102;CATETERI SPINALI SUBARACNOIDEI E KIT;S;;2022-02-23 00:00:00;
N020180;CATETERI SPINALI E KIT - ACCESSORI;S;;2022-02-23 00:00:00;
N020199;CATETERI SPINALI - ALTRI;S;;2007-02-20 00:00:00;2022-02-22 00:00:00
N020199;CATETERI SPINALI E KIT - ALTRI;S;;2022-02-23 00:00:00;
N0202;SISTEMI IMPIANTABILI SPINALI COLLEGATI AD ACCESSI SOTTOCUTANEI;N;;2007-02-20 00:00:00;2022-02-22 00:00:00
N0202;SISTEMI DI ACCESSO SPINALE PER TERAPIA INFUSIONALE     ;N;;2022-02-23 00:00:00;
N020201;SISTEMI PERIDURALI O EPIDURALI;S;;2007-02-20 00:00:00;2022-02-22 00:00:00
N020201;SISTEMI DI ACCESSO PERIDURALE/EPIDURALE PER TERAPIA INFUSIONALE;S;;2022-02-23 00:00:00;
N020202;SISTEMI SUBARACNOIDEI;S;;2007-02-20 00:00:00;2022-02-22 00:00:00
N020202;SISTEMI DI ACCESSO SUBARACNOIDEO PER TERAPIA INFUSIONALE;S;;2022-02-23 00:00:00;
N020280;SISTEMI DI ACCESSO SPINALE PER TERAPIA INFUSIONALE - ACCESSORI;S;;2022-02-23 00:00:00;
N020299;SISTEMI DI ACCESSO SPINALE PER TERAPIA INFUSIONALE - ALTRI;S;;2022-02-23 00:00:00;
N0203;DISPOSITIVI PER DRENAGGIO SPINALE LOMBARE E KIT;N;;2022-02-23 00:00:00;
N020301;SHUNTS LOMBO-PERITONEALI;S;;2022-02-23 00:00:00;
N020302;DRENAGGI ESTERNI DI LIQUOR SPINALE E KIT;S;;2022-02-23 00:00:00;
N020380;DISPOSITIVI PER DRENAGGIO SPINALE LOMBARE E KIT - ACCESSORI;S;;2022-02-23 00:00:00;
N020399;DISPOSITIVI PER DRENAGGIO SPINALE LOMBARE E KIT - ALTRI;S;;2022-02-23 00:00:00;
N0280;DISPOSITIVI PER SISTEMA MIDOLLARE - ACCESSORI;S;;2007-02-20 00:00:00;2022-02-22 00:00:00
N0280;DISPOSITIVI PER SISTEMA MIDOLLARE - ACCESSORI;N;;2022-02-23 00:00:00;2022-02-23 00:00:00
N0280;DISPOSITIVI PER SISTEMA MIDOLLARE SPINALE - ACCESSORI;N;;2022-02-23 00:00:00;
N028001;FILTRI PER ANALGESIA SPINALE CONTINUA;S;;2022-02-23 00:00:00;
N028002;STRUMENTARIO CHIRURGICO PER SISTEMA MIDOLLARE SPINALE, MONOUSO;N;;2022-02-23 00:00:00;
N02800201;PINZE CHIRURGICHE PER SISTEMA MIDOLLARE SPINALE, MONOUSO;S;;2022-02-23 00:00:00;
N02800202;FORBICI CHIRURGICHE PER SISTEMA MIDOLLARE SPINALE, MONOUSO;S;;2022-02-23 00:00:00;
N02800203;PORTAGHI PER SISTEMA MIDOLLARE SPINALE, MONOUSO;S;;2022-02-23 00:00:00;
N02800204;DIVARICATORI E RETRATTORI PER SISTEMA MIDOLLARE SPINALE, MONOUSO;S;;2022-02-23 00:00:00;
N02800205;LAME CHIRURGICHE PER SISTEMA MIDOLLARE SPINALE, MONOUSO;S;;2022-02-23 00:00:00;
N02800206;DILATATORI PER POSIZIONAMENTO DI DISPOSITIVI SPINALI, MONOUSO;S;;2022-02-23 00:00:00;
N02800207;INTRODUTTORI PER DISPOSITIVI SPINALI, MONOUSO;S;;2022-02-23 00:00:00;
N02800208;TUNNELLIZZATORI PER DISPOSITIVI SPINALI, MONOUSO;S;;2022-02-23 00:00:00;
N02800209;KIT DI STRUMENTARIO CHIRURGICO PER SISTEMA MIDOLLARE SPINALE, MONOUSO;S;;2022-02-23 00:00:00;
N02800299;STRUMENTARIO CHIRURGICO PER SISTEMA MIDOLLARE SPINALE, MONOUSO - ALTRO;S;;2022-02-23 00:00:00;
N028099;DISPOSITIVI PER SISTEMA MIDOLLARE SPINALE - ACCESSORI ALTRI;S;;2022-02-23 00:00:00;
N0299;DISPOSITIVI PER SISTEMA MIDOLLARE - ALTRI;S;;2007-02-20 00:00:00;2022-02-22 00:00:00
N0299;DISPOSITIVI PER SISTEMA MIDOLLARE SPINALE - ALTRI;S;;2022-02-23 00:00:00;
N99;DISPOSITIVI PER SISTEMA NERVOSO E MIDOLLARE - ALTRI;S;;2022-02-23 00:00:00;
P;DISPOSITIVI PROTESICI IMPIANTABILI E PRODOTTI PER OSTEOSINTESI;N;;2007-02-20 00:00:00;2022-02-22 00:00:00
P;DISPOSITIVI PROTESICI IMPIANTABILI E MEZZI PER OSTEOSINTESI;N;;2022-02-23 00:00:00;
P01;PROTESI FACCIALI ED ODONTOIATRICHE;N;;2007-02-20 00:00:00;
P0101;PROTESI FACCIALI;N;;2007-02-20 00:00:00;
P010101;PROTESI DEL MENTO;S;;2007-02-20 00:00:00;
P010102;PROTESI DELLO ZIGOMO;S;;2007-02-20 00:00:00;
P010103;PROTESI MANDIBOLARI;S;;2007-02-20 00:00:00;
P010199;PROTESI FACCIALI - ALTRE;S;;2008-06-30 00:00:00;
P0102;PROTESI ODONTOIATRICHE;N;;2007-02-20 00:00:00;
P010201;IMPIANTI DENTALI;S;;2007-02-20 00:00:00;2016-11-14 00:00:00
P010201;IMPIANTI DENTALI E ACCESSORI;S;;2016-11-15 00:00:00;2016-11-15 00:00:00
P010201;IMPIANTI DENTALI E ACCESSORI;N;;2016-11-15 00:00:00;
P01020101;IMPIANTI DENTALI;S;;2016-11-15 00:00:00;
P01020180;IMPIANTI DENTALI - ACCESSORI;S;;2016-11-15 00:00:00;
P010299;PROTESI ODONTOIATRICHE - ALTRE;S;;2008-06-30 00:00:00;
P0180;PROTESI FACCIALI ED ODONTOIATRICHE - ACCESSORI;S;;2007-02-20 00:00:00;
P0199;PROTESI FACCIALI ED ODONTOIATRICHE - ALTRE;S;;2007-02-20 00:00:00;
P02;PROTESI OTORINOLARINGOIATRICHE;N;;2007-02-20 00:00:00;
P0201;PROTESI OTOLOGICHE;N;;2007-02-20 00:00:00;
P020101;IMPIANTI PER L'ORECCHIO MEDIO;N;;2007-02-20 00:00:00;2022-02-22 00:00:00
P020101;IMPIANTI PER ORECCHIO MEDIO;N;;2022-02-23 00:00:00;
P02010101;PROTESI PER LA CATENA OSSICULARE (PORP E TORP);S;;2007-02-20 00:00:00;
P02010102;PROTESI DA STAPEDIOPLASTICA;S;;2007-02-20 00:00:00;
P02010103;PROTESI DA TUBA DI EUSTACHIO;S;;2007-02-20 00:00:00;2022-02-22 00:00:00
P02010103;PROTESI PER TUBA DI EUSTACHIO;S;;2022-02-23 00:00:00;
P02010199;IMPIANTI PER L'ORECCHIO MEDIO - ALTRI;S;;2008-06-30 00:00:00;2022-02-22 00:00:00
P02010199;IMPIANTI PER ORECCHIO MEDIO - ALTRI;S;;2022-02-23 00:00:00;
P020102;IMPIANTI PER L'ORECCHIO ESTERNO-MEDIO;N;;2007-02-20 00:00:00;2022-02-22 00:00:00
P020102;IMPIANTI PER ORECCHIO ESTERNO-MEDIO;N;;2022-02-23 00:00:00;
P02010201;PROTESI PER DRENAGGIO TRANSTIMPANICO (TUBI DI VENTILAZIONE);S;;2007-02-20 00:00:00;
P02010202;PROTESI TIMPANICHE;S;;2007-02-20 00:00:00;
P02010299;IMPIANTI PER L'ORECCHIO ESTERNO-MEDIO - ALTRI;S;;2008-06-30 00:00:00;2022-02-22 00:00:00
P02010299;IMPIANTI PER ORECCHIO ESTERNO-MEDIO - ALTRI;S;;2022-02-23 00:00:00;
P020103;PROTESI ACUSTICHE ESTERNE;S;;2007-02-20 00:00:00;2022-02-22 00:00:00
P020103;PROTESI PER ORECCHIO ESTERNO;S;;2022-02-23 00:00:00;
P020180;PROTESI OTOLOGICHE - ACCESSORI;S;;2007-02-20 00:00:00;
P020199;PROTESI OTOLOGICHE - ALTRE;S;;2007-02-20 00:00:00;
P0202;PROTESI RINOLOGICHE;N;;2007-02-20 00:00:00;
P020201;OTTURATORI PER PERFORAZIONI SETTALI;S;;2007-02-20 00:00:00;
P020202;STENT DEI SENI PARANASALI;S;;2007-02-20 00:00:00;
P020203;SPLINT NASALI PER FRATTURE;S;;2007-02-20 00:00:00;
P020299;PROTESI RINOLOGICHE - ALTRE;S;;2007-02-20 00:00:00;
P0203;PROTESI FARINGOESOFAGEE;N;;2007-02-20 00:00:00;
P020301;PROTESI DI FARINGE;S;;2007-02-20 00:00:00;
P020399;PROTESI FARINGOESOFAGEE - ALTRE;S;;2007-02-20 00:00:00;
P0204;PROTESI LARINGEE;S;;2007-02-20 00:00:00;
P0205;PROTESI FONATORIE;S;;2007-02-20 00:00:00;
P0280;PROTESI OTORINOLARINGOIATRICHE - ACCESSORI;S;;2007-02-20 00:00:00;
P0299;PROTESI OTORINOLARINGOIATRICHE - ALTRE;S;;2007-02-20 00:00:00;
P03;PROTESI OCULISTICHE;N;;2007-02-20 00:00:00;
P0301;LENTI INTRAOCULARI;N;;2007-02-20 00:00:00;
P030101;LENTI PER FACHICI;N;;2007-02-20 00:00:00;
P03010101;LENTI PER MIOPIA;N;;2007-02-20 00:00:00;2008-06-30 00:00:00
P0301010101;LENTI PER MIOPIA A SUPPORTO ANGOLARE;S;;2007-02-20 00:00:00;2008-06-30 00:00:00
P0301010102;LENTI PER MIOPIA A SUPPORTO IRIDEO;S;;2007-02-20 00:00:00;2008-06-30 00:00:00
P03010102;LENTI PER IPERMETROPIA;N;;2007-02-20 00:00:00;2008-06-30 00:00:00
P0301010201;LENTI PER IPERMETROPIA A SUPPORTO ANGOLARE;S;;2007-02-20 00:00:00;2008-06-30 00:00:00
P0301010202;LENTI PER IPERMETROPIA A SUPPORTO IRIDEO;S;;2007-02-20 00:00:00;2008-06-30 00:00:00
P03010103;LENTI PER FACHICI MONOFOCALI;N;;2008-06-30 00:00:00;
P0301010301;LENTI PER FACHICI MONOFOCALI SFERICHE;N;;2008-06-30 00:00:00;
P030101030101;LENTI PER FACHICI MONOFOCALI SFERICHE IN ACRILICO IDROFOBO;S;;2008-06-30 00:00:00;
P030101030102;LENTI PER FACHICI MONOFOCALI SFERICHE IN ACRILICO IDROFILO;S;;2008-06-30 00:00:00;
P030101030103;LENTI PER FACHICI MONOFOCALI SFERICHE IN SILICONE;S;;2008-06-30 00:00:00;
P030101030104;LENTI PER FACHICI MONOFOCALI SFERICHE IN PMMA;S;;2008-06-30 00:00:00;
P030101030199;LENTI PER FACHICI MONOFOCALI SFERICHE - ALTRE;S;;2008-06-30 00:00:00;
P0301010302;LENTI PER FACHICI MONOFOCALI ASFERICHE;N;;2008-06-30 00:00:00;
P030101030201;LENTI PER FACHICI MONOFOCALI ASFERICHE IN ACRILICO IDROFOBO;S;;2008-06-30 00:00:00;
P030101030202;LENTI PER FACHICI MONOFOCALI ASFERICHE IN ACRILICO IDROFILO;S;;2008-06-30 00:00:00;
P030101030203;LENTI PER FACHICI MONOFOCALI ASFERICHE IN SILICONE;S;;2008-06-30 00:00:00;
P030101030299;LENTI PER FACHICI MONOFOCALI ASFERICHE - ALTRE;S;;2008-06-30 00:00:00;
P0301010303;LENTI PER FACHICI MONOFOCALI TORICHE;N;;2008-06-30 00:00:00;
P030101030301;LENTI PER FACHICI MONOFOCALI TORICHE IN ACRILICO IDROFOBO;S;;2008-06-30 00:00:00;
P030101030302;LENTI PER FACHICI MONOFOCALI TORICHE IN ACRILICO IDROFILO;S;;2008-06-30 00:00:00;
P030101030303;LENTI PER FACHICI MONOFOCALI TORICHE IN SILICONE;S;;2008-06-30 00:00:00;
P030101030399;LENTI PER FACHICI MONOFOCALI TORICHE - ALTRE;S;;2008-06-30 00:00:00;
P03010104;LENTI PER FACHICI MULTIFOCALI;N;;2008-06-30 00:00:00;
P0301010401;LENTI PER FACHICI MULTIFOCALI SFERICHE;N;;2008-06-30 00:00:00;
P030101040101;LENTI PER FACHICI MULTIFOCALI SFERICHE IN ACRILICO IDROFOBO;S;;2008-06-30 00:00:00;
P030101040102;LENTI PER FACHICI MULTIFOCALI SFERICHE IN ACRILICO IDROFILO;S;;2008-06-30 00:00:00;
P030101040103;LENTI PER FACHICI MULTIFOCALI SFERICHE IN SILICONE;S;;2008-06-30 00:00:00;
P030101040199;LENTI PER FACHICI MULTIFOCALI SFERICHE - ALTRE;S;;2008-06-30 00:00:00;
P0301010402;LENTI PER FACHICI MULTIFOCALI ASFERICHE;N;;2008-06-30 00:00:00;
P030101040201;LENTI PER FACHICI MULTIFOCALI ASFERICHE IN ACRILICO IDROFOBO;S;;2008-06-30 00:00:00;
P030101040202;LENTI PER FACHICI MULTIFOCALI ASFERICHE IN ACRILICO IDROFILO;S;;2008-06-30 00:00:00;
P030101040203;LENTI PER FACHICI MULTIFOCALI ASFERICHE IN SILICONE;S;;2008-06-30 00:00:00;
P030101040299;LENTI PER FACHICI MULTIFOCALI ASFERICHE - ALTRE;S;;2008-06-30 00:00:00;
P0301010403;LENTI PER FACHICI MULTIFOCALI TORICHE;N;;2008-06-30 00:00:00;
P030101040301;LENTI PER FACHICI MULTIFOCALI TORICHE IN ACRILICO IDROFOBO;S;;2008-06-30 00:00:00;
P030101040302;LENTI PER FACHICI MULTIFOCALI TORICHE IN ACRILICO IDROFILO;S;;2008-06-30 00:00:00;
P030101040303;LENTI PER FACHICI MULTIFOCALI TORICHE IN SLICONE;S;;2008-06-30 00:00:00;
P030101040399;LENTI PER FACHICI MULTIFOCALI TORICHE - ALTRE;S;;2008-06-30 00:00:00;
P030102;LENTI PER AFACHICI;N;;2007-02-20 00:00:00;
P03010201;LENTI PER CAMERA ANTERIORE;S;;2007-02-20 00:00:00;2008-06-30 00:00:00
P03010202;LENTI DA SOLCO;S;;2007-02-20 00:00:00;2008-06-30 00:00:00
P03010203;LENTI DA FISSAZIONE SCLERALE;S;;2007-02-20 00:00:00;2008-06-30 00:00:00
P03010204;LENTI DA SACCO CAPSULARE;N;;2007-02-20 00:00:00;2008-06-30 00:00:00
P0301020401;LENTI DA SACCO CAPSULARE RIGIDE;N;;2007-02-20 00:00:00;2008-06-30 00:00:00
P030102040101;LENTI DA SACCO CAPSULARE RIGIDE IN PMMA;S;;2007-02-20 00:00:00;2008-06-30 00:00:00
P0301020402;LENTI DA SACCO CAPSULARE PIEGHEVOLI;N;;2007-02-20 00:00:00;2008-06-30 00:00:00
P030102040201;LENTI DA SACCO CAPSULARE PIEGHEVOLI IN SILICONE;S;;2007-02-20 00:00:00;2008-06-30 00:00:00
P030102040202;LENTI DA SACCO CAPSULARE PIEGHEVOLI IN ACRILATI IDROFOBI E IDROFILI;S;;2007-02-20 00:00:00;2008-06-30 00:00:00
P03010205;LENTI ACCOMODATIVE;N;;2007-02-20 00:00:00;2008-06-30 00:00:00
P0301020501;LENTI ACCOMODATIVE SUL MUSCOLO CILIARE (CON SUPPORTO APTICO);S;;2007-02-20 00:00:00;2008-06-30 00:00:00
P0301020502;LENTI ACCOMODATIVE MULTIFOCALI;S;;2007-02-20 00:00:00;2008-06-30 00:00:00
P03010206;LENTI PER CORREZIONE DI ALTE AMETROPIE;S;;2007-02-20 00:00:00;2008-06-30 00:00:00
P03010207;LENTI PER CORREZIONE DI IPOVISIONE DA MACULOPATIA;S;;2007-02-20 00:00:00;2008-06-30 00:00:00
P03010208;LENTI PER AFACHICI A SUPPORTO IRIDEO;S;;2007-02-20 00:00:00;2008-06-30 00:00:00
P03010209;LENTI PER AFACHICI MONOFOCALI;N;;2008-06-30 00:00:00;
P0301020901;LENTI PER AFACHICI MONOFOCALI SFERICHE;N;;2008-06-30 00:00:00;
P030102090101;LENTI PER AFACHICI MONOFOCALI SFERICHE IN ACRILICO IDROFOBO;S;;2008-06-30 00:00:00;
P030102090102;LENTI PER AFACHICI MONOFOCALI SFERICHE IN ACRILICO IDROFILO;S;;2008-06-30 00:00:00;
P030102090103;LENTI PER AFACHICI MONOFOCALI SFERICHE IN SILICONE;S;;2008-06-30 00:00:00;
P030102090104;LENTI PER AFACHICI MONOFOCALI SFERICHE IN PMMA;S;;2008-06-30 00:00:00;
P030102090199;LENTI PER AFACHICI MONOFOCALI SFERICHE - ALTRE;S;;2008-06-30 00:00:00;
P0301020902;LENTI PER AFACHICI MONOFOCALI ASFERICHE;N;;2008-06-30 00:00:00;
P030102090201;LENTI PER AFACHICI MONOFOCALI ASFERICHE IN ACRILICO IDROFOBO;S;;2008-06-30 00:00:00;
P030102090202;LENTI PER AFACHICI MONOFOCALI ASFERICHE IN ACRILICO IDROFILO;S;;2008-06-30 00:00:00;
P030102090203;LENTI PER AFACHICI MONOFOCALI ASFERICHE IN SILICONE;S;;2008-06-30 00:00:00;
P030102090299;LENTI PER AFACHICI MONOFOCALI ASFERICHE - ALTRE;S;;2008-06-30 00:00:00;
P0301020903;LENTI PER AFACHICI MONOFOCALI TORICHE;N;;2008-06-30 00:00:00;
P030102090301;LENTI PER AFACHICI MONOFOCALI TORICHE IN ACRILICO IDROFOBO;S;;2008-06-30 00:00:00;
P030102090302;LENTI PER AFACHICI MONOFOCALI TORICHE IN ACRILICO IDROFILO;S;;2008-06-30 00:00:00;
P030102090303;LENTI PER AFACHICI MONOFOCALI TORICHE IN SILICONE;S;;2008-06-30 00:00:00;
P030102090399;LENTI PER AFACHICI MONOFOCALI TORICHE - ALTRE;S;;2008-06-30 00:00:00;
P03010210;LENTI PER AFACHICI MULTIFOCALI;N;;2008-06-30 00:00:00;
P0301021001;LENTI PER AFACHICI MULTIFOCALI SFERICHE;N;;2008-06-30 00:00:00;
P030102100101;LENTI PER AFACHICI MULTIFOCALI SFERICHE IN ACRILICO IDROFOBO;S;;2008-06-30 00:00:00;
P030102100102;LENTI PER AFACHICI MULTIFOCALI SFERICHE IN ACRILICO IDROFILO;S;;2008-06-30 00:00:00;
P030102100103;LENTI PER AFACHICI MULTIFOCALI SFERICHE IN SILICONE;S;;2008-06-30 00:00:00;
P030102100199;LENTI PER AFACHICI MULTIFOCALI SFERICHE - ALTRE;S;;2008-06-30 00:00:00;
P0301021002;LENTI PER AFACHICI MULTIFOCALI ASFERICHE;N;;2008-06-30 00:00:00;
P030102100201;LENTI PER AFACHICI MULTIFOCALI ASFERICHE IN ACRILICO IDROFOBO;S;;2008-06-30 00:00:00;
P030102100202;LENTI PER AFACHICI MULTIFOCALI ASFERICHE IN ACRILICO IDROFILO;S;;2008-06-30 00:00:00;
P030102100203;LENTI PER AFACHICI MULTIFOCALI ASFERICHE IN SILICONE;S;;2008-06-30 00:00:00;
P030102100299;LENTI PER AFACHICI MULTIFOCALI ASFERICHE - ALTRE;S;;2008-06-30 00:00:00;
P0301021003;LENTI PER AFACHICI MULTIFOCALI TORICHE;N;;2008-06-30 00:00:00;
P030102100301;LENTI PER AFACHICI MULTIFOCALI TORICHE IN ACRILICO IDROFOBO;S;;2008-06-30 00:00:00;
P030102100302;LENTI PER AFACHICI MULTIFOCALI TORICHE IN ACRILICO IDROFILO;S;;2008-06-30 00:00:00;
P030102100303;LENTI PER AFACHICI MULTIFOCALI TORICHE IN SILICONE;S;;2008-06-30 00:00:00;
P030102100399;LENTI PER AFACHICI MULTIFOCALI TORICHE - ALTRE;S;;2008-06-30 00:00:00;
P03010211;LENTI PER AFACHICI ACCOMODATIVE;N;;2008-06-30 00:00:00;
P0301021101;LENTI PER AFACHICI ACCOMODATIVE SFERICHE;N;;2008-06-30 00:00:00;
P030102110101;LENTI PER AFACHICI ACCOMODATIVE SFERICHE IN ACRILICO IDROFOBO;S;;2008-06-30 00:00:00;
P030102110102;LENTI PER AFACHICI ACCOMODATIVE SFERICHE IN ACRILICO IDROFILO;S;;2008-06-30 00:00:00;
P030102110103;LENTI PER AFACHICI ACCOMODATIVE SFERICHE IN SILICONE;S;;2008-06-30 00:00:00;
P030102110199;LENTI PER AFACHICI ACCOMODATIVE SFERICHE - ALTRE;S;;2008-06-30 00:00:00;
P0301021102;LENTI PER AFACHICI ACCOMODATIVE ASFERICHE;N;;2008-06-30 00:00:00;
P030102110201;LENTI PER AFACHICI ACCOMODATIVE ASFERICHE IN ACRILICO IDROFOBO;S;;2008-06-30 00:00:00;
P030102110202;LENTI PER AFACHICI ACCOMODATIVE ASFERICHE IN ACRILICO IDROFILO;S;;2008-06-30 00:00:00;
P030102110203;LENTI PER AFACHICI ACCOMODATIVE ASFERICHE IN SILICONE;S;;2008-06-30 00:00:00;
P030102110299;LENTI PER AFACHICI ACCOMODATIVE ASFERICHE - ALTRE;S;;2008-06-30 00:00:00;
P0301021103;LENTI PER AFACHICI ACCOMODATIVE TORICHE;N;;2008-06-30 00:00:00;
P030102110301;LENTI PER AFACHICI ACCOMODATIVE TORICHE IN ACRILICO IDROFOBO;S;;2008-06-30 00:00:00;
P030102110302;LENTI PER AFACHICI ACCOMODATIVE TORICHE IN ACRILICO IDROFILO;S;;2008-06-30 00:00:00;
P030102110303;LENTI PER AFACHICI ACCOMODATIVE TORICHE IN SILICONE;S;;2008-06-30 00:00:00;
P030102110399;LENTI PER AFACHICI ACCOMODATIVE TORICHE - ALTRE;S;;2008-06-30 00:00:00;
P030190;LENTI INTRAOCULARI - VARIE;N;;2008-06-30 00:00:00;
P03019001;LENTI PER CORREZIONE DI IPOVISIONE DA MACULOPATIA;S;;2008-06-30 00:00:00;
P030199;LENTI INTRAOCULARI - ALTRE;S;;2007-02-20 00:00:00;
P0380;PROTESI OCULISTICHE - ACCESSORI;S;;2007-02-20 00:00:00;
P0399;PROTESI OCULISTICHE - ALTRE;S;;2007-02-20 00:00:00;
P04;PROTESI PER APPARATO RESPIRATORIO;N;;2007-02-20 00:00:00;
P0401;PROTESI TRACHEOBRONCHIALI;S;;2007-02-20 00:00:00;
P0480;PROTESI PER APPARATO RESPIRATORIO - ACCESSORI;S;;2007-02-20 00:00:00;
P0499;PROTESI PER APPARATO RESPIRATORIO - ALTRE;S;;2007-02-20 00:00:00;
P05;PROTESI ESOFAGEE E GASTROINTESTINALI;N;;2007-02-20 00:00:00;
P0501;PROTESI ESOFAGEE;S;;2007-02-20 00:00:00;2022-02-22 00:00:00
P0501;PROTESI ESOFAGEE;N;;2022-02-23 00:00:00;
P050101;PROTESI PER CORREZIONE DI REFLUSSO GASTRO-ESOFAGEO;S;;2022-02-23 00:00:00;
P050199;PROTESI ESOFAGEE- ALTRE;S;;2022-02-23 00:00:00;
P0502;PROTESI BILIARI E PANCREATICHE;S;;2007-02-20 00:00:00;
P0503;PROTESI ENTERALI PER COLON-DUODENO;S;;2007-02-20 00:00:00;
P0504;PROTESI PER INCONTINENZA FECALE;N;;2007-02-20 00:00:00;
P050401;SFINTERI ANALI;S;;2007-02-20 00:00:00;
P050499;PROTESI PER INCONTINENZA FECALE - ALTRE;S;;2007-02-20 00:00:00;
P0580;PROTESI ESOFAGEE E GASTROINTESTINALI - ACCESSORI;S;;2007-02-20 00:00:00;2008-06-29 00:00:00
P0580;PROTESI ESOFAGEE E GASTROINTESTINALI - ACCESSORI;N;;2008-06-30 00:00:00;
P058001;DISPOSITIVI PER POSIZIONAMENTO DI PROTESI ESOFAGEE E GASTROINTESTINALI;S;;2008-06-30 00:00:00;
P058099;PROTESI ESOFAGEE E GASTROINTESTINALI - ACCESSORI ALTRI;S;;2008-06-30 00:00:00;
P0599;PROTESI ESOFAGEE E GASTROINTESTINALI - ALTRE;S;;2007-02-20 00:00:00;
P06;PROTESI MAMMARIE;N;;2007-02-20 00:00:00;
P0601;PROTESI MAMMARIE STANDARD;N;;2007-02-20 00:00:00;
P060101;PROTESI MAMMARIE ROTONDE;S;;2007-02-20 00:00:00;2022-02-22 00:00:00
P060101;PROTESI MAMMARIE ROTONDE;N;;2022-02-23 00:00:00;
P06010101;IMPIANTI MAMMARI, ROTONDI  SALINI ;N;;2022-02-23 00:00:00;
P0601010101;IMPIANTI MAMMARI, ROTONDI, SALINI, CON SUPERFICIE LISCIA ;S;;2022-02-23 00:00:00;
P0601010102;IMPIANTI MAMMARI, ROTONDI , SALINI, CON SUPERFICIE TESTURIZZATA;S;;2022-02-23 00:00:00;
P0601010199;IMPIANTI MAMMARI, ROTONDI SALINI - ALTRI ;S;;2022-02-23 00:00:00;
P06010102;IMPIANTI MAMMARI, ROTONDI, IN SILICONE;N;;2022-02-23 00:00:00;
P0601010201;IMPIANTI MAMMARI, ROTONDI IN SILICONE, CON SUPERFICIE LISCIA;S;;2022-02-23 00:00:00;
P0601010202;IMPIANTI MAMMARI, ROTONDI IN SILICONE, CON SUPERFICIE TESTURIZZATA;S;;2022-02-23 00:00:00;
P0601010299;IMPIANTI MAMMARI, ROTONDI, IN SILICONE - ALTRI;S;;2022-02-23 00:00:00;
P060102;PROTESI MAMMARIE ANATOMICHE;S;;2007-02-20 00:00:00;2022-02-22 00:00:00
P060102;PROTESI MAMMARIE ANATOMICHE;N;;2022-02-23 00:00:00;
P06010201;IMPIANTI MAMMARI, ANATOMICI SALINI;N;;2022-02-23 00:00:00;
P0601020101;IMPIANTI MAMMARI, ANATOMICI, SALINI, CON SUPERFICIE LISCIA;S;;2022-02-23 00:00:00;
P0601020102;IMPIANTI MAMMARI, ANATOMICI, SALINI, CON SUPERFICIE TESTURIZZATA;S;;2022-02-23 00:00:00;
P0601020199;IMPIANTI MAMMARI, ANATOMICI, SALINI Â¿ ALTRI;S;;2022-02-23 00:00:00;
P06010202;IMPIANTI MAMMARI, ANATOMICI, IN SILICONE;N;;2022-02-23 00:00:00;
P0601020201;IMPIANTI MAMMARI, ANATOMICI, IN SILICONE, CON SUPERFICIE LISCIA;S;;2022-02-23 00:00:00;
P0601020202;IMPIANTI MAMMARI, ANATOMICI, IN SILICONE, CON SUPERFICIE TESTURIZZATA;S;;2022-02-23 00:00:00;
P0601020299;IMPIANTI MAMMARI, ANATOMICI, IN SILICONE Â¿ ALTRI;S;;2022-02-23 00:00:00;
P060199;PROTESI MAMMARIE STANDARD - ALTRE;S;;2008-06-30 00:00:00;
P0602;PROTESI MAMMARIE-ESPANSORE;N;;2007-02-20 00:00:00;
P060201;PROTESI MAMMARIE TIPO BECKER;S;;2007-02-20 00:00:00;
P060299;PROTESI MAMMARIE-ESPANSORE - ALTRE;S;;2008-06-30 00:00:00;
P0680;PROTESI MAMMARIE - ACCESSORI;S;;2007-02-20 00:00:00;
P0699;PROTESI MAMMARIE - ALTRE;S;;2007-02-20 00:00:00;
P07;PROTESI VASCOLARI E CARDIACHE;N;;2007-02-20 00:00:00;
P0701;PROTESI VASCOLARI;N;;2007-02-20 00:00:00;
P070101;PROTESI VASCOLARI BIOLOGICHE;N;;2007-02-20 00:00:00;
P07010101;PROTESI VASCOLARI IN PERICARDIO;N;;2007-02-20 00:00:00;
P0701010101;PROTESI VASCOLARI IN PERICARDIO RETTE;S;;2007-02-20 00:00:00;
P0701010102;PROTESI VASCOLARI IN PERICARDIO BIFORCATE;S;;2007-02-20 00:00:00;
P07010102;PROTESI VASCOLARI OMOLOGHE;N;;2007-02-20 00:00:00;
P0701010201;PROTESI VASCOLARI OMOLOGHE RETTE;S;;2007-02-20 00:00:00;
P0701010202;PROTESI VASCOLARI OMOLOGHE BIFORCATE;S;;2007-02-20 00:00:00;
P07010199;PROTESI VASCOLARI BIOLOGICHE - ALTRE;S;;2007-02-20 00:00:00;
P070102;PROTESI VASCOLARI SINTETICHE;N;;2007-02-20 00:00:00;
P07010201;PROTESI VASCOLARI SINTETICHE IN DACRON;N;;2007-02-20 00:00:00;
P0701020101;PROTESI VASCOLARI RETTE IN DACRON;N;;2007-02-20 00:00:00;
P070102010101;PROTESI VASCOLARI RETTE IN DACRON MAGLIA;S;;2007-02-20 00:00:00;
P070102010102;PROTESI VASCOLARI RETTE IN DACRON TESSUTO;S;;2007-02-20 00:00:00;
P0701020102;PROTESI VASCOLARI MULTIFORCATE IN DACRON;N;;2007-02-20 00:00:00;
P070102010201;PROTESI VASCOLARI MULTIFORCATE IN DACRON MAGLIA (ARCO AORTICO (anche collaterali multipli) E TORACO- ADDOMINALI);S;;2007-02-20 00:00:00;
P070102010202;PROTESI VASCOLARI MULTIFORCATE IN DACRON TESSUTO;S;;2007-02-20 00:00:00;
P07010202;PROTESI VASCOLARI SINTETICHE IN PTFE;N;;2007-02-20 00:00:00;
P0701020201;PROTESI VASCOLARI RETTE IN PTFE;N;;2007-02-20 00:00:00;
P070102020101;PROTESI VASCOLARI RETTE IN PTFE SEMPLICI;S;;2007-02-20 00:00:00;
P070102020102;PROTESI VASCOLARI RETTE IN PTFE RINFORZATE;S;;2007-02-20 00:00:00;
P0701020202;PROTESI VASCOLARI BIFORCATE IN PTFE;N;;2007-02-20 00:00:00;
P070102020201;PROTESI VASCOLARI BIFORCATE IN PTFE SEMPLICI;S;;2007-02-20 00:00:00;
P070102020202;PROTESI VASCOLARI BIFORCATE IN PTFE RINFORZATE;S;;2007-02-20 00:00:00;
P07010299;PROTESI VASCOLARI SINTETICHE - ALTRE;S;;2007-02-20 00:00:00;
P070180;PROTESI VASCOLARI - ACCESSORI;S;;2007-02-20 00:00:00;
P0702;PATCH VASCOLARI;N;;2007-02-20 00:00:00;
P070201;PATCH VASCOLARI BIOLOGICI;N;;2007-02-20 00:00:00;
P07020101;PATCH VASCOLARI IN PERICARDIO;S;;2007-02-20 00:00:00;
P07020102;PATCH VASCOLARI IN SIT (SOTTOMUCOSA INTESTINO TENUE);S;;2022-02-23 00:00:00;
P07020199;PATCH VASCOLARI BIOLOGICI - ALTRI;S;;2007-02-20 00:00:00;
P070202;PATCH VASCOLARI SINTETICI;N;;2007-02-20 00:00:00;
P07020201;PATCH VASCOLARI IN DACRON;S;;2007-02-20 00:00:00;
P07020202;PATCH VASCOLARI IN PTFE;S;;2007-02-20 00:00:00;
P07020203;PATCH VASCOLARI IN PET;S;;2022-02-23 00:00:00;
P07020204;PATCH VASCOLARI IN PU;S;;2022-02-23 00:00:00;
P07020299;PATCH VASCOLARI SINTETICI - ALTRI;S;;2007-02-20 00:00:00;
P0703;VALVOLE CARDIACHE;N;;2007-02-20 00:00:00;
P070301;VALVOLE CARDIACHE BIOLOGICHE;N;;2007-02-20 00:00:00;
P07030101;VALVOLE CARDIACHE BIOLOGICHE CON SUPPORTO;N;;2007-02-20 00:00:00;2011-08-29 00:00:00
P07030101;VALVOLE CARDIACHE BIOLOGICHE CON SUPPORTO PER IMPIANTO CHIRURGICO;N;;2011-08-30 00:00:00;
P0703010101;VALVOLE CARDIACHE BIOLOGICHE DA TESSUTO VALVOLARE DI ORIGINE ANIMALE CON SUPPORTO;S;;2007-02-20 00:00:00;2011-08-29 00:00:00
P0703010101;VALVOLE CARDIACHE BIOLOGICHE DA TESSUTO VALVOLARE DI ORIGINE ANIMALE CON SUPPORTO PER IMPIANTO CHIRURGICO;S;;2011-08-30 00:00:00;2022-02-22 00:00:00
P0703010101;VALVOLE CARDIACHE BIOLOGICHE DA TESSUTO VALVOLARE DI ORIGINE ANIMALE CON SUPPORTO PER IMPIANTO CHIRURGICO;N;;2022-02-23 00:00:00;2022-02-23 00:00:00
P0703010101;VALVOLE CARDIACHE BIOLOGICHE CON SUPPORTO PER IMPIANTO CHIRURGICO - TESSUTO VALVOLARE DI ORIGINE ANIMALE ;N;;2022-02-23 00:00:00;
P070301010101;VALVOLE AORTICHE BIOLOGICHE CON SUPPORTO PER IMPIANTO CHIRURGICO - TESSUTO VALVOLARE DI ORIGINE ANIMALE ;S;;2022-02-23 00:00:00;
P070301010102;VALVOLE MITRALICHE BIOLOGICHE CON SUPPORTO PER IMPIANTO CHIRURGICO - TESSUTO VALVOLARE DI ORIGINE ANIMALE ;S;;2022-02-23 00:00:00;
P070301010103;VALVOLE POLMONARI BIOLOGICHE CON SUPPORTO PER IMPIANTO CHIRURGICO - TESSUTO VALVOLARE DI ORIGINE ANIMALE ;S;;2022-02-23 00:00:00;
P070301010104;VALVOLE TRICUSPIDI BIOLOGICHE CON SUPPORTO PER IMPIANTO CHIRURGICO - TESSUTO VALVOLARE DI ORIGINE ANIMALE ;S;;2022-02-23 00:00:00;
P0703010102;VALVOLE CARDIACHE BIOLOGICHE DA TESSUTO DI ORIGINE ANIMALE CON SUPPORTO;S;;2007-02-20 00:00:00;2011-08-29 00:00:00
P0703010102;VALVOLE CARDIACHE BIOLOGICHE DA TESSUTO DI ORIGINE ANIMALE CON SUPPORTO PER IMPIANTO CHIRURGICO;S;;2011-08-30 00:00:00;2022-02-22 00:00:00
P0703010102;VALVOLE CARDIACHE BIOLOGICHE CON SUPPORTO PER IMPIANTO CHIRURGICO Â¿ TESSUTO NON VALVOLARE DI ORIGINE ANIMALE ;N;;2022-02-23 00:00:00;
P0703010102;VALVOLE CARDIACHE BIOLOGICHE DA TESSUTO DI ORIGINE ANIMALE CON SUPPORTO PER IMPIANTO CHIRURGICO;N;;2022-02-23 00:00:00;2022-02-23 00:00:00
P070301010201;VALVOLE AORTICHE BIOLOGICHE  CON SUPPORTO PER IMPIANTO CHIRURGICO - TESSUTO NON VALVOLARE DI ORIGINE ANIMALE ;S;;2022-02-23 00:00:00;
P070301010202;VALVOLE MITRALICHE BIOLOGICHE CON SUPPORTO PER IMPIANTO CHIRURGICO Â¿ TESSUTO NON VALVOLARE DI ORIGINE ANIMALE ;S;;2022-02-23 00:00:00;
P070301010203;VALVOLE POLMONARI BIOLOGICHE CON SUPPORTO PER IMPIANTO CHIRURGICO Â¿ TESSUTO NON VALVOLARE DI ORIGINE ANIMALE ;S;;2022-02-23 00:00:00;
P070301010204;VALVOLE TRICUSPIDI BIOLOGICHE CON SUPPORTO PER IMPIANTO CHIRURGICO Â¿ TESSUTO NON VALVOLARE DI ORIGINE ANIMALE ;S;;2022-02-23 00:00:00;
P07030102;VALVOLE CARDIACHE BIOLOGICHE SENZA SUPPORTO;N;;2007-02-20 00:00:00;2022-02-22 00:00:00
P07030102;VALVOLE CARDIACHE BIOLOGICHE STENTLESS PER IMPIANTO CHIRURGICO;N;;2022-02-23 00:00:00;
P0703010201;VALVOLE CARDIACHE BIOLOGICHE DA TESSUTO VALVOLARE DI ORIGINE ANIMALE SENZA SUPPORTO;S;;2007-02-20 00:00:00;2022-02-22 00:00:00
P0703010201;VALVOLE CARDIACHE BIOLOGICHE STENTLESS PER IMPIANTO CHIRURGICO - TESSUTO VALVOLARE DI ORIGINE ANIMALE ;S;;2022-02-23 00:00:00;
P0703010202;VALVOLE CARDIACHE BIOLOGICHE DA TESSUTO DI ORIGINE ANIMALE SENZA SUPPORTO;S;;2007-02-20 00:00:00;2022-02-22 00:00:00
P0703010202;VALVOLE CARDIACHE BIOLOGICHE  STENTLESS PER IMPIANTO CHIRURGICO - TESSUTO NON VALVOLARE DI ORIGINE ANIMALE;S;;2022-02-23 00:00:00;
P07030103;VALVOLE CARDIACHE BIOLOGICHE CON SUPPORTO PER IMPIANTO PERCUTANEO;N;;2010-09-13 13:02:27;
P0703010301;VALVOLE CARDIACHE BIOLOGICHE DA TESSUTO VALVOLARE DI ORIGINE ANIMALE CON SUPPORTO PER IMPIANTO PERCUTANEO;S;;2010-09-13 13:02:38;2022-02-22 00:00:00
P0703010301;VALVOLE CARDIACHE BIOLOGICHE CON SUPPORTO PER IMPIANTO PERCUTANEO - TESSUTO VALVOLARE DI ORIGINE ANIMALE;N;;2022-02-23 00:00:00;
P0703010301;VALVOLE CARDIACHE BIOLOGICHE DA TESSUTO VALVOLARE DI ORIGINE ANIMALE CON SUPPORTO PER IMPIANTO PERCUTANEO;N;;2022-02-23 00:00:00;2022-02-23 00:00:00
P070301030101;VALVOLE AORTICHE BIOLOGICHE CON SUPPORTO PER IMPIANTO PERCUTANEO - TESSUTO VALVOLARE DI ORIGINE ANIMALE;S;;2022-02-23 00:00:00;
P070301030102;VALVOLE MITRALICHE BIOLOGICHE CON SUPPORTO PER IMPIANTO PERCUTANEO - TESSUTO VALVOLARE DI ORIGINE ANIMALE;S;;2022-02-23 00:00:00;
P070301030103;VALVOLE POLMONARI BIOLOGICHE CON SUPPORTO PER IMPIANTO PERCUTANEO - TESSUTO VALVOLARE DI ORIGINE ANIMALE;S;;2022-02-23 00:00:00;
P070301030104;VALVOLE TRICUSPIDI BIOLOGICHE CON SUPPORTO PER IMPIANTO PERCUTANEO - TESSUTO VALVOLARE DI ORIGINE ANIMALE;S;;2022-02-23 00:00:00;
P0703010302;VALVOLE CARDIACHE BIOLOGICHE DA TESSUTO DI ORIGINE ANIMALE CON SUPPORTO PER IMPIANTO PERCUTANEO;S;;2010-09-13 13:02:44;2022-02-22 00:00:00
P0703010302;VALVOLE CARDIACHE BIOLOGICHE CON SUPPORTO PER IMPIANTO PERCUTANEO - TESSUTO NON VALVOLARE DI ORIGINE ANIMALE;N;;2022-02-23 00:00:00;
P0703010302;VALVOLE CARDIACHE BIOLOGICHE DA TESSUTO DI ORIGINE ANIMALE CON SUPPORTO PER IMPIANTO PERCUTANEO;N;;2022-02-23 00:00:00;2022-02-23 00:00:00
P070301030201;VALVOLE AORTICHE BIOLOGICHE CON SUPPORTO PER IMPIANTO PERCUTANEO - TESSUTO NON VALVOLARE DI ORIGINE ANIMALE;S;;2022-02-23 00:00:00;
P070301030202;VALVOLE MITRALICHE BIOLOGICHE CON SUPPORTO PER IMPIANTO PERCUTANEO - TESSUTO NON VALVOLARE DI ORIGINE ANIMALE;S;;2022-02-23 00:00:00;
P070301030203;VALVOLE POLMONARI BIOLOGICHE CON SUPPORTO PER IMPIANTO PERCUTANEO -TESSUTO NON VALVOLARE DI ORIGINE ANIMALE;S;;2022-02-23 00:00:00;
P070301030204;VALVOLE TRICUSPIDI BIOLOGICHE CON SUPPORTO PER IMPIANTO PERCUTANEO - TESSUTO NON VALVOLARE DI ORIGINE ANIMALE;S;;2022-02-23 00:00:00;
P07030104;VALVOLE BIOLOGICHE BICAVALI;S;;2022-02-23 00:00:00;
P07030199;VALVOLE CARDIACHE BIOLOGICHE - ALTRE;S;;2008-06-30 00:00:00;
P070302;VALVOLE CARDIACHE MECCANICHE;N;;2007-02-20 00:00:00;
P07030201;VALVOLE CARDIACHE MECCANICHE A PALLA;S;;2007-02-20 00:00:00;
P07030202;VALVOLE CARDIACHE MECCANICHE MONODISCO;S;;2007-02-20 00:00:00;
P07030203;VALVOLE CARDIACHE MECCANICHE BIDISCO;S;;2007-02-20 00:00:00;2022-02-22 00:00:00
P07030203;VALVOLE CARDIACHE MECCANICHE BIDISCO;N;;2022-02-23 00:00:00;
P0703020301;VALVOLE AORTICHE MECCANICHE BIDISCO;S;;2022-02-23 00:00:00;
P0703020302;VALVOLE MITRALICHE MECCANICHE BIDISCO;S;;2022-02-23 00:00:00;
P0703020399;VALVOLE CARDIACHE MECCANICHE BIDISCO - ALTRE;S;;2022-02-23 00:00:00;
P07030299;VALVOLE CARDIACHE MECCANICHE - ALTRE;S;;2008-06-30 00:00:00;
P070303;TUBI VALVOLATI CARDIACI;N;;2007-02-20 00:00:00;
P07030301;TUBI VALVOLATI CARDIACI BIOLOGICI;S;;2007-02-20 00:00:00;
P07030302;TUBI VALVOLATI CARDIACI MECCANICI;S;;2007-02-20 00:00:00;
P07030399;TUBI VALVOLATI CARDIACI - ALTRI;S;;2011-08-30 00:00:00;
P070304;ANELLI VALVOLARI CARDIACI;N;;2007-02-20 00:00:00;
P07030401;ANELLI VALVOLARI CARDIACI SENZA SUPPORTO;S;;2007-02-20 00:00:00;2008-06-29 00:00:00
P07030401;ANELLI VALVOLARI CARDIACI FLESSIBILI O SENZA SUPPORTO;S;;2008-06-30 00:00:00;
P07030402;ANELLI VALVOLARI CARDIACI RIGIDI O SEMIRIGIDI CON SUPPORTO;S;;2007-02-20 00:00:00;
P07030403;ANELLI VALVOLARI CARDIACI INCOMPLETI SEMIRIGIDI;S;;2007-02-20 00:00:00;
P07030499;ANELLI VALVOLARI CARDIACI - ALTRI;S;;2008-06-30 00:00:00;
P070380;VALVOLE CARDIACHE - ACCESSORI ;N;;2022-02-23 00:00:00;
P07038001;MISURATORI PER IMPIANTI VALVOLARI CARDIACI;S;;2022-02-23 00:00:00;
P07038002;ACCESSORI PER IMPIANTO TRANSCATETERE DI VALVOLE CARDIACHE;S;;2022-02-23 00:00:00;
P07038003;ACCESSORI PER IMPIANTO DI VALVOLE CARDIACHE MECCANICHE;S;;2022-02-23 00:00:00;
P07038004;IMPIANTI PER RICOSTRUZIONE DELLE VALVOLE CARDIACHE;S;;2022-02-23 00:00:00;
P07038099;VALVOLE CARDIACHE - ACCESSORI ALTRI;S;;2022-02-23 00:00:00;
P070399;VALVOLE CARDIACHE - ALTRE;S;;2007-02-20 00:00:00;
P0704;ENDOPROTESI VASCOLARI E CARDIACHE;N;;2007-02-20 00:00:00;
P070401;ENDOPROTESI VASCOLARI;N;;2007-02-20 00:00:00;
P07040101;ENDOPROTESI VASCOLARI IN DACRON;N;;2007-02-20 00:00:00;
P0704010101;ENDOPROTESI VASCOLARI IN DACRON RETTE;S;;2007-02-20 00:00:00;2016-11-14 00:00:00
P0704010101;ENDOPROTESI VASCOLARI IN DACRON RETTE;N;;2016-11-15 00:00:00;
P070401010101;ENDOPROTESI VASCOLARI IN DACRON RETTE - ADDOMINALI ;S;;2016-11-15 00:00:00;
P070401010102 ;ENDOPROTESI VASCOLARI IN DACRON RETTE - TORACICHE ;S;;2016-11-15 00:00:00;
P070401010199 ;ENDOPROTESI VASCOLARI IN DACRON RETTE - ALTRE ;S;;2016-11-15 00:00:00;
P0704010102;ENDOPROTESI VASCOLARI IN DACRON BIFORCATE;S;;2007-02-20 00:00:00;
P0704010103;ENDOPROTESI VASCOLARI IN DACRON AUSILIARIE ;S;;2016-11-15 00:00:00;
P07040102;ENDOPROTESI VASCOLARI IN PTFE;N;;2007-02-20 00:00:00;
P0704010201;ENDOPROTESI VASCOLARI IN PTFE RETTE;S;;2007-02-20 00:00:00;2016-11-14 00:00:00
P0704010201;ENDOPROTESI VASCOLARI IN PTFE RETTE;N;;2016-11-15 00:00:00;
P070401020101 ;ENDOPROTESI VASCOLARI IN PTFE RETTE - ADDOMINALI ;S;;2016-11-15 00:00:00;
P070401020102 ;ENDOPROTESI VASCOLARI IN PTFE RETTE - TORACICHE ;S;;2016-11-15 00:00:00;
P070401020103 ;ENDOPROTESI VASCOLARI IN PTFE RETTE - PERIFERICHE ;S;;2016-11-15 00:00:00;
P070401020199 ;ENDOPROTESI VASCOLARI IN PTFE RETTE - ALTRE ;S;;2016-11-15 00:00:00;
P0704010202;ENDOPROTESI VASCOLARI IN PTFE BIFORCATE;S;;2007-02-20 00:00:00;
P0704010203;ENDOPROTESI VASCOLARI IN PTFE AUSILIARIE ;S;;2016-11-15 00:00:00;
P07040199;ENDOPROTESI VASCOLARI - ALTRE;S;;2007-02-20 00:00:00;
P070402;STENT VASCOLARI;N;;2007-02-20 00:00:00;
P07040201;STENT CORONARICI;N;;2007-02-20 00:00:00;
P0704020101;STENT CORONARICI NUDI (BMS);S;;2007-02-20 00:00:00;2008-06-29 00:00:00
P0704020101;STENT CORONARICI NUDI (BMS);N;;2008-06-30 00:00:00;
P070402010101;STENT CORONARICI NUDI IN ACCIAIO INOSSIDABILE;S;;2008-06-30 00:00:00;2022-02-22 00:00:00
P070402010101;STENT CORONARICI NUDI IN ACCIAIO;S;;2022-02-23 00:00:00;
P070402010102;STENT CORONARICI NUDI IN LEGHE METALLICHE DIVERSE DALL'ACCIAIO;S;;2008-06-30 00:00:00;
P070402010199;STENT CORONARICI NUDI (BMS) - ALTRI;S;;2008-06-30 00:00:00;
P0704020102;STENT CORONARICI RIVESTITI;S;;2007-02-20 00:00:00;
P0704020103;STENT CORONARICI A CESSIONE DI FARMACO (DES);S;;2007-02-20 00:00:00;2015-08-05 00:00:00
P0704020103;STENT CORONARICI A CESSIONE DI FARMACO (DES) O BIOATTIVI;S;;2015-08-06 00:00:00;2022-02-22 00:00:00
P0704020103;STENT CORONARICI A CESSIONE DI FARMACO (DES) O BIOATTIVI;N;;2022-02-23 00:00:00;2022-02-23 00:00:00
P0704020103;STENT CORONARICI A CESSIONE DI FARMACO (DES);N;;2022-02-23 00:00:00;
P070402010301;STENT CORONARICI A CESSIONE DI FARMACO CON POLIMERI;S;;2022-02-23 00:00:00;
P070402010302;STENT CORONARICI A CESSIONE DI FARMACO SENZA POLIMERI;S;;2022-02-23 00:00:00;
P0704020104;STENT CORONARICI RIASSORBIBILI;S;;2007-02-20 00:00:00;
P0704020105;STENT CORONARICI BIOATTIVI;S;;2022-02-23 00:00:00;
P0704020199;STENT CORONARICI - ALTRI;S;;2008-06-30 00:00:00;
P07040202;STENT VASCOLARI PERIFERICI;N;;2007-02-20 00:00:00;
P0704020201;STENT VASCOLARI PERIFERICI NUDI (BMS);S;;2007-02-20 00:00:00;2022-02-22 00:00:00
P0704020201;STENT VASCOLARI PERIFERICI NUDI (BMS);N;;2022-02-23 00:00:00;
P070402020101;STENT VASCOLARI PERIFERICI NUDI IN ACCIAIO;S;;2022-02-23 00:00:00;
P070402020102;STENT VASCOLARI PERIFERICI NUDI IN LEGHE METALLICHE DIVERSE DALL'ACCIAIO;S;;2022-02-23 00:00:00;
P070402020199;STENT VASCOLARI PERIFERICI NUDI - ALTRI;S;;2022-02-23 00:00:00;
P0704020202;STENT VASCOLARI PERIFERICI RIVESTITI;S;;2007-02-20 00:00:00;
P0704020203;STENT VASCOLARI PERIFERICI A CESSIONE DI FARMACO (DES);S;;2007-02-20 00:00:00;2015-08-05 00:00:00
P0704020203;STENT VASCOLARI PERIFERICI A CESSIONE DI FARMACO (DES) O BIOATTIVI;S;;2015-08-06 00:00:00;2022-02-22 00:00:00
P0704020203;STENT VASCOLARI PERIFERICI A CESSIONE DI FARMACO (DES);S;;2022-02-23 00:00:00;
P0704020204;STENT VASCOLARI PERIFERICI BIOATTIVI;S;;2022-02-23 00:00:00;
P0704020299;STENT VASCOLARI PERIFERICI - ALTRI;S;;2008-06-30 00:00:00;
P070403;PROTESI PER OCCLUSIONE DEI DIFETTI CARDIACI E CORONARICI;N;;2007-02-20 00:00:00;
P07040301;PROTESI INTERVENTRICOLARI;S;;2007-02-20 00:00:00;
P07040302;PROTESI INTERATRIALI;S;;2007-02-20 00:00:00;
P07040303;PROTESI PER FORAMI OVALI PERVI E PER DOTTO DI BOTALLO;S;;2007-02-20 00:00:00;
P07040399;PROTESI PER OCCLUSIONE DEI DIFETTI CARDIACI E CORONARICI - ALTRI;S;;2008-06-30 00:00:00;2022-02-22 00:00:00
P07040399;PROTESI PER OCCLUSIONE DEI DIFETTI CARDIACI E CORONARICI - ALTRE;S;;2022-02-23 00:00:00;
P070404;PROTESI PER OCCLUSIONE DELL'AURICOLA SINISTRA;S;;2022-02-23 00:00:00;
P0780;PROTESI VASCOLARI E CARDIACHE - ACCESSORI;S;;2007-02-20 00:00:00;
P0799;PROTESI VASCOLARI E CARDIACHE - ALTRE;S;;2007-02-20 00:00:00;
P08;PROTESI UROGENITALI;N;;2007-02-20 00:00:00;
P0801;PROTESI PER INCONTINENZA URINARIA;N;;2007-02-20 00:00:00;
P080102;SFINTERI URINARI ARTIFICIALI;S;;2007-02-20 00:00:00;
P080199;PROTESI PER INCONTINENZA URINARIA - ALTRE;S;;2007-02-20 00:00:00;
P0802;PROTESI PER DISFUNZIONE ERETTILE;N;;2007-02-20 00:00:00;2022-02-22 00:00:00
P0802;PROTESI PER APPARATO GENITALE MASCHILE;N;;2022-02-23 00:00:00;
P080201;PROTESI TESTICOLARI;S;;2007-02-20 00:00:00;
P080202;PROTESI PENIENE;S;;2007-02-20 00:00:00;
P080299;PROTESI PER DISFUNZIONE ERETTILE - ALTRE;S;;2008-06-30 00:00:00;2022-02-22 00:00:00
P080299;PROTESI PER APPARATO GENITALE MASCHILE - ALTRE;S;;2022-02-23 00:00:00;
P0803;PROTESI PER LE OSTRUZIONI URINARIE;N;;2007-02-20 00:00:00;2022-02-22 00:00:00
P0803;PROTESI PER OSTRUZIONI URINARIE;N;;2022-02-23 00:00:00;
P080301;PROTESI ENDOURETRALI;S;;2007-02-20 00:00:00;2022-02-22 00:00:00
P080301;PROTESI ENDOURETRALI;N;;2022-02-23 00:00:00;
P08030101;PROTESI URETRALI TRANS-PROSTATICHE;S;;2022-02-23 00:00:00;
P08030102;PROTESI PER VASI DEFERENTI;S;;2022-02-23 00:00:00;
P08030199;PROTESI ENDOURETRALI - ALTRE;S;;2022-02-23 00:00:00;
P080302;PROTESI ENDOURETERALI;S;;2007-02-20 00:00:00;
P080399;PROTESI PER LE OSTRUZIONI URINARIE - ALTRE;S;;2008-06-30 00:00:00;2022-02-22 00:00:00
P080399;PROTESI PER OSTRUZIONI URINARIE - ALTRE;S;;2022-02-23 00:00:00;
P0804;PROTESI PER L'APPARATO GENITALE FEMMINILE;N;;2007-02-20 00:00:00;2022-02-22 00:00:00
P0804;PROTESI PER APPARATO GENITALE FEMMINILE;N;;2022-02-23 00:00:00;
P080401;PROTESI TUBARICHE;S;;2007-02-20 00:00:00;
P080499;PROTESI PER L'APPARATO GENITALE FEMMINILE - ALTRE;S;;2007-02-20 00:00:00;2022-02-22 00:00:00
P080499;PROTESI PER APPARATO GENITALE FEMMINILE - ALTRE;S;;2022-02-23 00:00:00;
P0805;VALVOLE IMPIANTABILI PER VIE URINARIE;S;;2022-02-23 00:00:00;
P0880;PROTESI UROGENITALI - ACCESSORI;S;;2007-02-20 00:00:00;
P0899;PROTESI UROGENITALI - ALTRE;S;;2007-02-20 00:00:00;
P09;PROTESI ORTOPEDICHE E MEZZI PER OSTEOSINTESI E SINTESI TENDINEO-LEGAMENTOSA;N;;2007-02-20 00:00:00;
P0901;PROTESI DI SPALLA;N;;2007-02-20 00:00:00;
P090103;COMPONENTI GLENOIDALI;S;;2007-02-20 00:00:00;2022-02-22 00:00:00
P090103;COMPONENTI GLENOIDALI;N;;2022-02-23 00:00:00;2022-02-23 00:00:00
P090103;COMPONENTI GLENOIDEE;N;;2022-02-23 00:00:00;
P09010301;METAL BACK PER PROTESI DI SPALLA E METAGLENE;S;;2022-02-23 00:00:00;
P09010302;INSERTI PER PROTESI ANATOMICA DI SPALLA;S;;2022-02-23 00:00:00;
P09010303;GLENOSFERA;S;;2022-02-23 00:00:00;
P09010304;GLENOIDI MONOBLOCCO;S;;2022-02-23 00:00:00;
P09010399;COMPONENTI GLENOIDEE - ALTRE;S;;2022-02-23 00:00:00;
P090104;COMPONENTI OMERALI PER PROTESI DI SPALLA;S;;2007-02-20 00:00:00;2022-02-22 00:00:00
P090104;COMPONENTI OMERALI PER PROTESI DI SPALLA;N;;2022-02-23 00:00:00;
P09010401;COMPONENTI OMERALI EPIFISARIE;N;;2022-02-23 00:00:00;
P0901040101;COMPONENTI OMERALI EPIFISARIE PER PROTESI ANATOMICA;N;;2022-02-23 00:00:00;
P090104010101;COMPONENTI OMERALI EPIFISARIE PER PROTESI ANATOMICA TESTE OMERALI;S;;2022-02-23 00:00:00;
P090104010102;COMPONENTI OMERALI EPIFISARIE PER PROTESI ANATOMICA DI RIVESTIMENTO;S;;2022-02-23 00:00:00;
P0901040102;COMPONENTI OMERALI EPIFISARIE  PER PROTESI INVERSA;N;;2022-02-23 00:00:00;
P090104010201;COMPONENTI OMERALI EPIFISARIE PER PROTESI INVERSA INSERTI;S;;2022-02-23 00:00:00;
P090104010202;COMPONENTI OMERALI EPIFISARIE PER PROTESI INVERSA COPPE OMERALI ;S;;2022-02-23 00:00:00;
P0901040199;COMPONENTI OMERALI EPIFISARIE Â¿ ALTRE;S;;2022-02-23 00:00:00;
P09010402;COMPONENTI OMERALI DIAFISARIE;N;;2022-02-23 00:00:00;
P0901040201;STELI PER PROTESI DI SPALLA NON MODULARI;S;;2022-02-23 00:00:00;
P0901040202;STELI PER PROTESI DI SPALLA MODULARI;S;;2022-02-23 00:00:00;
P0901040203;COMPONENTI OMERALI DIAFISARIE MONOBLOCCO (STELO + COMPONENTE EPIFISARIA);N;;2022-02-23 00:00:00;
P090104020301;COMPONENTI OMERALI DIAFISARIE MONOBLOCCO PER PROTESI ANATOMICA (STELO + TESTA);S;;2022-02-23 00:00:00;
P090104020302;COMPONENTI OMERALI DIAFISARIE MONOBLOCCO PER PROTESI INVERSA (STELO + COPPA);S;;2022-02-23 00:00:00;
P0901040204;STELI DA REVISIONE PER PROTESI DI SPALLA;S;;2022-02-23 00:00:00;
P0901040205;STELI PER GRANDI RESEZIONI PER PROTESI DI SPALLA;S;;2022-02-23 00:00:00;
P0901040299;COMPONENTI OMERALI DIAFISARIE - ALTRE;S;;2022-02-23 00:00:00;
P09010403;SPAZIATORI PER PROTESI DI SPALLA;S;;2022-02-23 00:00:00;
P09010499;COMPONENTI OMERALI PER PROTESI DI SPALLA - ALTRI;S;;2022-02-23 00:00:00;
P090180;PROTESI DI SPALLA - ACCESSORI;S;;2007-02-20 00:00:00;2022-02-22 00:00:00
P090180;PROTESI DI SPALLA - ACCESSORI;N;;2022-02-23 00:00:00;
P09018001;VITI DI FISSAGGIO PER PROTESI DI SPALLA;S;;2022-02-23 00:00:00;
P09018002;ADATTATORI PER PROTESI DI SPALLA (COMPRESI CONI E MANICOTTI);N;;2022-02-23 00:00:00;
P0901800201;ADATTATORI PER COMPONENTI GLENOIDEI;S;;2022-02-23 00:00:00;
P0901800202;ADATTATORI PER COMPONENTI OMERALI;S;;2022-02-23 00:00:00;
P09018003;TAPPI ENDOMIDOLLARI PER PROTESI DI SPALLA;S;;2022-02-23 00:00:00;
P09018099;PROTESI DI SPALLA - ACCESSORI ALTRI;S;;2022-02-23 00:00:00;
P090199;PROTESI DI SPALLA - ALTRE;S;;2007-02-20 00:00:00;
P0902;PROTESI DI GOMITO;N;;2007-02-20 00:00:00;
P090203;COMPONENTI OMERALI PER PROTESI DI GOMITO;S;;2007-02-20 00:00:00;
P090204;COMPONENTI RADIALI;S;;2007-02-20 00:00:00;2022-02-22 00:00:00
P090204;COMPONENTI RADIALI PER PROTESI DI GOMITO;S;;2022-02-23 00:00:00;
P090205;COMPONENTI ULNARI PER PROTESI DI GOMITO;S;;2022-02-23 00:00:00;
P090280;PROTESI DI GOMITO - ACCESSORI;S;;2007-02-20 00:00:00;
P090299;PROTESI DI GOMITO - ALTRE;S;;2007-02-20 00:00:00;
P0903;PROTESI DI POLSO;N;;2007-02-20 00:00:00;
P090303;COMPONENTI CARPALI;S;;2007-02-20 00:00:00;2022-02-22 00:00:00
P090303;COMPONENTI CARPALI PER PROTESI DI POLSO;S;;2022-02-23 00:00:00;
P090304;COMPONENTI RADIALI-ULNARI;S;;2007-02-20 00:00:00;2022-02-22 00:00:00
P090304;COMPONENTI RADIALI-ULNARI;N;;2022-02-23 00:00:00;2022-02-23 00:00:00
P090304;COMPONENTI RADIALI-ULNARI PER PROTESI DI POLSO;N;;2022-02-23 00:00:00;
P09030401;COMPONENTI RADIALI PER PROTESI DI POLSO;S;;2022-02-23 00:00:00;
P09030402;COMPONENTI ULNARI PER PROTESI DI POLSO;S;;2022-02-23 00:00:00;
P090305;PROTESI TOTALI DI POLSO;S;;2022-02-23 00:00:00;
P090380;PROTESI DI POLSO - ACCESSORI;S;;2007-02-20 00:00:00;
P090399;PROTESI DI POLSO - ALTRE;S;;2007-02-20 00:00:00;
P0904;PROTESI DELLA MANO ;N;;2007-02-20 00:00:00;2022-02-22 00:00:00
P0904;PROTESI DI MANO;N;;2022-02-23 00:00:00;
P090403;COMPONENTI INTERFALANGEE DI MANO;S;;2007-02-20 00:00:00;2022-02-22 00:00:00
P090403;COMPONENTI INTERFALANGEE PER PROTESI DI MANO;S;;2022-02-23 00:00:00;
P090404;COMPONENTI TRAPEZIO-METACARPALI;S;;2007-02-20 00:00:00;2022-02-22 00:00:00
P090404;COMPONENTI TRAPEZIO-METACARPALI PER PROTESI DI MANO;S;;2022-02-23 00:00:00;
P090480;PROTESI DELLA MANO - ACCESSORI;S;;2007-02-20 00:00:00;2022-02-22 00:00:00
P090480;PROTESI DI MANO - ACCESSORI;S;;2022-02-23 00:00:00;
P090499;PROTESI DELLA MANO - ALTRE;S;;2007-02-20 00:00:00;2022-02-22 00:00:00
P090499;PROTESI DI MANO - ALTRE;S;;2022-02-23 00:00:00;
P0905;PROTESI DI CAVIGLIA;N;;2007-02-20 00:00:00;
P090503;COMPONENTI TALARI;S;;2007-02-20 00:00:00;2022-02-23 00:00:00
P090504;COMPONENTI TIBIALI;S;;2007-02-20 00:00:00;2022-02-23 00:00:00
P090505;COMPONENTI TIBIO-TARSICHE;S;;2007-02-20 00:00:00;2022-02-23 00:00:00
P090506;PROTESI DI CAVIGLIA CON INSERTO MOBILE;N;;2022-02-23 00:00:00;
P09050601;PROTESI DI CAVIGLIA CON INSERTO MOBILE CEMENTATE;N;;2022-02-23 00:00:00;
P0905060101;PROTESI DI CAVIGLIA CON INSERTO MOBILE CEMENTATE - COMPONENTI TIBIALI;S;;2022-02-23 00:00:00;
P0905060102;PROTESI DI CAVIGLIA CON INSERTO MOBILE CEMENTATE - COMPONENTI TALARI;S;;2022-02-23 00:00:00;
P09050602;PROTESI DI CAVIGLIA CON INSERTO MOBILE NON CEMENTATE;N;;2022-02-23 00:00:00;
P0905060201;PROTESI DI CAVIGLIA CON INSERTO MOBILE NON CEMENTATE - COMPONENTI TIBIALI;S;;2022-02-23 00:00:00;
P0905060202;PROTESI DI CAVIGLIA CON INSERTO MOBILE NON CEMENTATE - COMPONENTI TALARI;S;;2022-02-23 00:00:00;
P09050603;INSERTI MOBILI PER PROTESI DI CAVIGLIA;S;;2022-02-23 00:00:00;
P090507;PROTESI DI CAVIGLIA CON INSERTO FISSO;N;;2022-02-23 00:00:00;
P09050701;PROTESI DI CAVIGLIA CON INSERTO FISSO CEMENTATE;N;;2022-02-23 00:00:00;
P0905070101;PROTESI DI CAVIGLIA CON INSERTO FISSO CEMENTATE - COMPONENTI TIBIALI;S;;2022-02-23 00:00:00;
P0905070102;PROTESI DI CAVIGLIA CON INSERTO FISSO CEMENTATE - COMPONENTI TALARI;S;;2022-02-23 00:00:00;
P09050702;PROTESI DI CAVIGLIA CON INSERTO FISSO NON CEMENTATE;N;;2022-02-23 00:00:00;
P0905070201;PROTESI DI CAVIGLIA CON INSERTO FISSO NON CEMENTATE - COMPONENTI TIBIALI;S;;2022-02-23 00:00:00;
P0905070202;PROTESI DI CAVIGLIA CON INSERTO FISSO NON CEMENTATE - COMPONENTI TALARI;S;;2022-02-23 00:00:00;
P09050703;INSERTO FISSO PER PROTESI DI CAVIGLIA;S;;2022-02-23 00:00:00;
P090508;SPAZIATORI PER PROTESI DI CAVIGLIA;S;;2022-02-23 00:00:00;
P090580;PROTESI DI CAVIGLIA - ACCESSORI;S;;2007-02-20 00:00:00;2022-02-22 00:00:00
P090580;PROTESI DI CAVIGLIA - ACCESSORI;N;;2022-02-23 00:00:00;
P09058001;FITTONI TIBIALI PER PROTESI DI CAVIGLIA;S;;2022-02-23 00:00:00;
P09058099;PROTESI DI CAVIGLIA - ACCESSORI ALTRI;S;;2022-02-23 00:00:00;
P090599;PROTESI DI CAVIGLIA - ALTRE;S;;2007-02-20 00:00:00;
P0906;PROTESI DEL PIEDE;N;;2007-02-20 00:00:00;2022-02-22 00:00:00
P0906;PROTESI DI PIEDE;N;;2022-02-23 00:00:00;
P090603;COMPONENTI INTERFALANGEE DI PIEDE;S;;2007-02-20 00:00:00;
P090604;COMPONENTI METATARSO-FALANGEE;S;;2007-02-20 00:00:00;
P090605;ENDORTESI PER PIEDE;S;;2007-02-20 00:00:00;
P090680;PROTESI DEL PIEDE - ACCESSORI;S;;2007-02-20 00:00:00;2022-02-22 00:00:00
P090680;PROTESI DI PIEDE - ACCESSORI;S;;2022-02-23 00:00:00;
P090699;PROTESI DEL PIEDE - ALTRE;S;;2007-02-20 00:00:00;2022-02-22 00:00:00
P090699;PROTESI DI PIEDE - ALTRE;S;;2022-02-23 00:00:00;
P0907;PROTESI E SISTEMI DI STABILIZZAZIONE DELLA COLONNA VERTEBRALE;N;;2007-02-20 00:00:00;
P090701;SISTEMI PER LA FUSIONE INTERSOMATICA;N;;2007-02-20 00:00:00;
P09070101;CAGE O GABBIE;S;;2007-02-20 00:00:00;
P09070199;SISTEMI PER LA FUSIONE INTERSOMATICA - ALTRI;S;;2007-02-20 00:00:00;
P090702;SISTEMI PER LA SOSTITUZIONE DEI DISCHI INTERVERTEBRALI;N;;2007-02-20 00:00:00;
P09070201;PROTESI DISCALI;S;;2007-02-20 00:00:00;
P090703;SISTEMI IMPIANTABILI DI STABILIZZAZIONE O FISSAZIONE VERTEBRALE;N;;2007-02-20 00:00:00;
P09070301;SISTEMI PER FISSAZIONE CERVICALE;S;;2007-02-20 00:00:00;
P09070302;SISTEMI PER FISSAZIONE DORSO-LOMBARE;S;;2007-02-20 00:00:00;2008-06-29 00:00:00
P09070302;SISTEMI PER FISSAZIONE DORSO-LOMBO-SACRALE;S;;2008-06-30 00:00:00;
P09070303;SISTEMI PER FISSAZIONE LOMBO-SACRALE;S;;2007-02-20 00:00:00;2008-06-30 00:00:00
P09070304;ELEMENTI DI RACCORDO PER SISTEMI DI FISSAZIONE VERTEBRALE;S;;2008-06-30 00:00:00;
P09070305;STABILIZZATORI SPINOSI DI TIPO DINAMICO ;S;;2016-11-15 00:00:00;
P09070399;SISTEMI IMPIANTABILI DI STABILIZZAZIONE O FISSAZIONE VERTEBRALE - ALTRI;S;;2008-06-30 00:00:00;
P090780;PROTESI E SISTEMI DI STABILIZZAZIONE DELLA COLONNA VERTEBRALE - ACCESSORI;S;;2007-02-20 00:00:00;
P090799;PROTESI E SISTEMI DI STABILIZZAZIONE DELLA COLONNA VERTEBRALE - ALTRE;S;;2007-02-20 00:00:00;
P0908;PROTESI DI ANCA;N;;2007-02-20 00:00:00;
P090803;COMPONENTI ACETABOLARI PER PROTESI DI ANCA;N;;2007-02-20 00:00:00;
P09080301;COTILI PER IMPIANTO PRIMARIO;N;;2007-02-20 00:00:00;
P0908030101;COTILI CEMENTATI PER IMPIANTO PRIMARIO;N;;2007-02-20 00:00:00;
P090803010101;COTILI CEMENTATI PER IMPIANTO PRIMARIO IN MATERIALE METALLICO;S;;2007-02-20 00:00:00;
P090803010102;COTILI CEMENTATI PER IMPIANTO PRIMARIO IN POLIETILENE;S;;2007-02-20 00:00:00;2018-06-25 00:00:00
P090803010102;COTILI CEMENTATI PER IMPIANTO PRIMARIO MONOBLOCCO IN POLIETILENE;S;;2018-06-26 00:00:00;
P090803010199;COTILI CEMENTATI PER IMPIANTO PRIMARIO - ALTRI;S;;2007-02-20 00:00:00;
P0908030102;COTILI NON CEMENTATI PER IMPIANTO PRIMARIO;N;;2007-02-20 00:00:00;
P090803010201;COTILI NON CEMENTATI PER IMPIANTO PRIMARIO IN MATERIALE METALLICO;S;;2007-02-20 00:00:00;
P090803010202;COTILI NON CEMENTATI PER IMPIANTO PRIMARIO MONOBLOCCO IN POLIETILENE ;S;;2018-06-26 00:00:00;
P090803010203;COTILI NON CEMENTATI PER IMPIANTO PRIMARIO MONOBLOCCO IN MATERIALE METALLICO;S;;2018-06-26 00:00:00;
P090803010299;COTILI NON CEMENTATI PER IMPIANTO PRIMARIO - ALTRI;S;;2007-02-20 00:00:00;
P09080302;COMPONENTI ACETABOLARI PER PROTESI DI RIVESTIMENTO;S;;2007-02-20 00:00:00;
P09080303;COTILI DA REVISIONE;N;;2007-02-20 00:00:00;
P0908030301;COTILI CEMENTATI DA REVISIONE;S;;2007-02-20 00:00:00;
P0908030302;COTILI NON CEMENTATI DA REVISIONE;S;;2007-02-20 00:00:00;
P09080304;INSERTI PER PROTESI DI ANCA;N;;2007-02-20 00:00:00;
P0908030401;INSERTI PER PROTESI DI ANCA IN POLIETILENE ;S;;2007-02-20 00:00:00;2022-02-22 00:00:00
P0908030401;INSERTI PER PROTESI DI ANCA IN POLIETILENE ;N;;2022-02-23 00:00:00;
P090803040101;INSERTI PER PROTESI DI ANCA  IN POLIETILENE STANDARD ;S;;2022-02-23 00:00:00;
P090803040102;INSERTI PER PROTESI DI ANCA IN POLIETILENE ECCENTRICI;S;;2022-02-23 00:00:00;
P090803040103;INSERTI  PER PROTESI DI ANCA IN POLIETILENE CON SPALLETTA ANTILUSSAZIONE;S;;2022-02-23 00:00:00;
P0908030402;INSERTI PER PROTESI DI ANCA IN MATERIALE CERAMICO ;S;;2007-02-20 00:00:00;
P0908030403;INSERTI PER PROTESI DI ANCA IN MATERIALE METALLICO ;S;;2007-02-20 00:00:00;
P0908030499;INSERTI PER PROTESI DI ANCA - ALTRI ;S;;2018-06-26 00:00:00;
P09080305;COMPONENTI ACETABOLARI A DOPPIA MOBILITÃ;N;;2018-06-26 00:00:00;
P0908030501;COTILI A DOPPIA MOBILITÃ;N;;2018-06-26 00:00:00;
P090803050101;COTILI CEMENTATI A DOPPIA MOBILITÃ;S;;2018-06-26 00:00:00;
P090803050102;COTILI NON CEMENTATI DOPPIA MOBILITÃ;S;;2018-06-26 00:00:00;
P0908030502;INSERTI PER COMPONENTI ACETABOLARI A DOPPIA MOBILITÃ;S;;2018-06-26 00:00:00;
P09080306;COMPONENTI ACETABOLARI PREASSEMBLATI (cotile + inserto);N;;2018-06-26 00:00:00;
P0908030601;COMPONENTI ACETABOLARI PREASSEMBLATI CON INSERTO IN CERAMICA;S;;2018-06-26 00:00:00;
P0908030602;COMPONENTI ACETABOLARI PREASSEMBLATI CON INSERTO IN POLIETILENE;S;;2018-06-26 00:00:00;
P0908030699;COMPONENTI ACETABOLARI PREASSEMBLATI - ALTRI;S;;2018-06-26 00:00:00;
P090804;COMPONENTI FEMORALI PER PROTESI DI ANCA;N;;2007-02-20 00:00:00;
P09080401;STELI FEMORALI PER IMPIANTO PRIMARIO;N;;2007-02-20 00:00:00;
P0908040101;STELI FEMORALI CEMENTATI PER IMPIANTO PRIMARIO;N;;2007-02-20 00:00:00;
P090804010101;STELI FEMORALI CEMENTATI PER IMPIANTO PRIMARIO NON MODULARI RETTI ;S;;2007-02-20 00:00:00;2022-02-22 00:00:00
P090804010101;STELI FEMORALI CEMENTATI PER IMPIANTO PRIMARIO, CON COLLO FISSO, RETTI ;S;;2022-02-23 00:00:00;
P090804010102;STELI FEMORALI CEMENTATI PER IMPIANTO PRIMARIO NON MODULARI ANATOMICI ;S;;2007-02-20 00:00:00;2022-02-22 00:00:00
P090804010102;STELI FEMORALI CEMENTATI PER IMPIANTO PRIMARIO, CON COLLO FISSO, ANATOMICI ;S;;2022-02-23 00:00:00;
P090804010103;STELI FEMORALI CEMENTATI PER IMPIANTO PRIMARIO MODULARI ;S;;2007-02-20 00:00:00;2022-02-23 00:00:00
P090804010104;STELI FEMORALI CEMENTATI PER IMPIANTO PRIMARIO A CONSERVAZIONE ;S;;2007-02-20 00:00:00;2022-02-23 00:00:00
P090804010105;STELI FEMORALI CEMENTATI PER IMPIANTO PRIMARIO, CON COLLO FISSO, A CONSERVAZIONE;S;;2022-02-23 00:00:00;
P090804010106;STELI FEMORALI CEMENTATI PER IMPIANTO PRIMARIO, CON COLLO MODULARE, RETTI;S;;2022-02-23 00:00:00;
P090804010107;STELI FEMORALI CEMENTATI PER IMPIANTO PRIMARIO, CON COLLO MODULARE, ANATOMICI;S;;2022-02-23 00:00:00;
P0908040102;STELI FEMORALI NON CEMENTATI PER IMPIANTO PRIMARIO;N;;2007-02-20 00:00:00;
P090804010201;STELI FEMORALI NON CEMENTATI PER IMPIANTO PRIMARIO NON MODULARI RETTI ;S;;2007-02-20 00:00:00;2022-02-22 00:00:00
P090804010201;STELI FEMORALI NON CEMENTATI PER IMPIANTO PRIMARIO, CON COLLO FISSO, RETTI;S;;2022-02-23 00:00:00;
P090804010202;STELI FEMORALI NON CEMENTATI PER IMPIANTO PRIMARIO NON MODULARI ANATOMICI ;S;;2007-02-20 00:00:00;2022-02-22 00:00:00
P090804010202;STELI FEMORALI NON CEMENTATI PER IMPIANTO PRIMARIO, CON COLLO FISSO, ANATOMICI;S;;2022-02-23 00:00:00;
P090804010203;STELI FEMORALI NON CEMENTATI PER IMPIANTO PRIMARIO MODULARI ;S;;2007-02-20 00:00:00;2022-02-23 00:00:00
P090804010204;STELI FEMORALI NON CEMENTATI PER IMPIANTO PRIMARIO A CONSERVAZIONE ;S;;2007-02-20 00:00:00;2022-02-23 00:00:00
P090804010205;STELI FEMORALI NON CEMENTATI PER IMPIANTO PRIMARIO, CON COLLO FISSO, A CONSERVAZIONE ;S;;2022-02-23 00:00:00;
P090804010206;STELI FEMORALI NON CEMENTATI PER IMPIANTO PRIMARIO, CON COLLO MODULARE, RETTI;S;;2022-02-23 00:00:00;
P090804010207;STELI FEMORALI NON CEMENTATI PER IMPIANTO PRIMARIO, CON COLLO MODULARE, ANATOMICI;S;;2022-02-23 00:00:00;
P09080402;COMPONENTI FEMORALI PER PROTESI DI RIVESTIMENTO;S;;2007-02-20 00:00:00;
P09080403;STELI FEMORALI DA REVISIONE;N;;2007-02-20 00:00:00;
P0908040301;STELI FEMORALI CEMENTATI DA REVISIONE;S;;2007-02-20 00:00:00;2022-02-22 00:00:00
P0908040301;STELI FEMORALI CEMENTATI DA REVISIONE;N;;2022-02-23 00:00:00;
P090804030101;STELI FEMORALI CEMENTATI DA REVISIONE, CON COLLO FISSO;S;;2022-02-23 00:00:00;
P090804030102;STELI FEMORALI CEMENTATI DA REVISIONE CON COLLO MODULARE;S;;2022-02-23 00:00:00;
P0908040302;STELI FEMORALI NON CEMENTATI DA REVISIONE;S;;2007-02-20 00:00:00;2022-02-22 00:00:00
P0908040302;STELI FEMORALI NON CEMENTATI DA REVISIONE;N;;2022-02-23 00:00:00;
P090804030201;STELI FEMORALI NON CEMENTATI DA REVISIONE, CON COLLO FISSO;S;;2022-02-23 00:00:00;
P090804030202;STELI FEMORALI NON CEMENTATI DA REVISIONE CON COLLO MODULARE;S;;2022-02-23 00:00:00;
P09080404;STELI FEMORALI PER GRANDI RESEZIONI;S;;2007-02-20 00:00:00;
P09080405;TESTE FEMORALI;N;;2007-02-20 00:00:00;
P0908040501;TESTE FEMORALI PER PROTESI PARZIALI;N;;2007-02-20 00:00:00;2022-02-22 00:00:00
P0908040501;TESTE FEMORALI PER IMPIANTO PRIMARIO DI PROTESI PARZIALE;N;;2022-02-23 00:00:00;
P090804050101;TESTE FEMORALI IN MATERIALE CERAMICO PER PROTESI PARZIALI;S;;2007-02-20 00:00:00;
P090804050102;TESTE FEMORALI IN MATERIALE METALLICO PER PROTESI PARZIALI;S;;2007-02-20 00:00:00;
P090804050199;TESTE FEMORALI PER IMPIANTO PRIMARIO DI PROTESI PARZIALI - ALTRE;S;;2022-02-23 00:00:00;
P0908040502;TESTE FEMORALI PER PROTESI TOTALI;N;;2007-02-20 00:00:00;2022-02-22 00:00:00
P0908040502;TESTE FEMORALI PER IMPIANTO PRIMARIO DI PROTESI TOTALE;N;;2022-02-23 00:00:00;
P090804050201;TESTE FEMORALI IN MATERIALE CERAMICO PER PROTESI TOTALI;S;;2007-02-20 00:00:00;
P090804050202;TESTE FEMORALI IN MATERIALE METALLICO PER PROTESI TOTALI;S;;2007-02-20 00:00:00;
P090804050299;TESTE FEMORALI PER IMPIANTO PRIMARIO DI PROTESI TOTALI - ALTRE;S;;2022-02-23 00:00:00;
P0908040503;CUPOLE BIARTICOLARI;S;;2007-02-20 00:00:00;
P0908040504;TESTE FEMORALI DA REVISIONE;S;;2022-02-23 00:00:00;
P09080406;PROTESI FEMORALI MONOBLOCCO (stelo + testa);S;;2007-02-20 00:00:00;
P09080407;COLLI MODULARI;S;;2022-02-23 00:00:00;
P090805;SPAZIATORI PER PROTESI DI ANCA ;S;;2022-02-23 00:00:00;
P090880;PROTESI DI ANCA - ACCESSORI;N;;2007-02-20 00:00:00;
P09088001;ANELLI COTILOIDEI;S;;2007-02-20 00:00:00;
P09088002;RETI ACETABOLARI;S;;2007-02-20 00:00:00;
P09088003;SPAZIATORI O DISTANZIATORI PER PROTESI DI ANCA;S;;2007-02-20 00:00:00;2022-02-22 00:00:00
P09088003;DISTANZIATORI PER PROTESI DI ANCA;S;;2022-02-23 00:00:00;
P09088004;ADATTATORI PER PROTESI DI ANCA;S;;2007-02-20 00:00:00;2022-02-22 00:00:00
P09088004;ADATTATORI PER PROTESI DI ANCA (COMPRESI CONI E MANICOTTI);S;;2022-02-23 00:00:00;
P09088005;CENTRATORI DISTALI PER PROTESI DI ANCA;S;;2007-02-20 00:00:00;2022-02-22 00:00:00
P09088005;CENTRATORI PER PROTESI DI ANCA;S;;2022-02-23 00:00:00;
P09088006;TAPPI FEMORALI ENDOMIDOLLARI;S;;2007-02-20 00:00:00;2022-02-22 00:00:00
P09088006;TAPPI ENDOMIDOLLARI FEMORALI;S;;2022-02-23 00:00:00;
P09088007;VITI DI FISSAGGIO PER PROTESI DI ANCA ;S;;2022-02-23 00:00:00;
P09088099;PROTESI DI ANCA - ALTRI ACCESSORI;S;;2007-02-20 00:00:00;
P090899;PROTESI DI ANCA - ALTRE;S;;2007-02-20 00:00:00;
P0909;PROTESI DI GINOCCHIO;N;;2007-02-20 00:00:00;
P090903;PROTESI DI GINOCCHIO BICOMPARTIMENTALI PER IMPIANTO PRIMARIO;N;;2007-02-20 00:00:00;2022-02-22 00:00:00
P090903;PROTESI DI GINOCCHIO  PER IMPIANTO PRIMARIO BICOMPARTIMENTALI ;N;;2022-02-23 00:00:00;
P09090301;COMPONENTI FEMORALI PER IMPIANTO PRIMARIO BICOMPARTIMENTALE;S;;2007-02-20 00:00:00;2008-06-29 00:00:00
P09090301;COMPONENTI FEMORALI PER IMPIANTO PRIMARIO BICOMPARTIMENTALE;N;;2008-06-30 00:00:00;
P0909030101;COMPONENTI FEMORALI PER IMPIANTO PRIMARIO BICOMPARTIMENTALE CEMENTATE;S;;2008-06-30 00:00:00;
P0909030102;COMPONENTI FEMORALI PER IMPIANTO PRIMARIO BICOMPARTIMENTALE NON CEMENTATE;S;;2008-06-30 00:00:00;
P0909030103;COMPONENTI FEMORALI PER IMPIANTO PRIMARIO BICOMPARTIMENTALE CEMENTABILI;S;;2008-06-30 00:00:00;
P09090302;COMPONENTI TIBIALI PER IMPIANTO PRIMARIO BICOMPARTIMENTALE;N;;2007-02-20 00:00:00;
P0909030201;PIATTI TIBIALI PER IMPIANTO PRIMARIO BICOMPARTIMENTALE;S;;2007-02-20 00:00:00;2008-06-29 00:00:00
P0909030201;PIATTI TIBIALI PER IMPIANTO PRIMARIO BICOMPARTIMENTALE;N;;2008-06-30 00:00:00;
P090903020101;PIATTI TIBIALI PER IMPIANTO PRIMARIO BICOMPARTIMENTALE MOBILI CEMENTATI;S;;2008-06-30 00:00:00;
P090903020102;PIATTI TIBIALI PER IMPIANTO PRIMARIO BICOMPARTIMENTALE MOBILI NON CEMENTATI;S;;2008-06-30 00:00:00;
P090903020103;PIATTI TIBIALI PER IMPIANTO PRIMARIO BICOMPARTIMENTALE MOBILI CEMENTABILI;S;;2008-06-30 00:00:00;
P090903020104;PIATTI TIBIALI PER IMPIANTO PRIMARIO BICOMPARTIMENTALE FISSI CEMENTATI;S;;2008-06-30 00:00:00;
P090903020105;PIATTI TIBIALI PER IMPIANTO PRIMARIO BICOMPARTIMENTALE FISSI NON CEMENTATI;S;;2008-06-30 00:00:00;
P090903020106;PIATTI TIBIALI PER IMPIANTO PRIMARIO BICOMPARTIMENTALE FISSI CEMENTABILI;S;;2008-06-30 00:00:00;
P0909030202;INSERTI TIBIALI PR IMPIANTO PRIMARIO BICOMPARTIMENTALE;S;;2007-02-20 00:00:00;2008-06-29 00:00:00
P0909030202;INSERTI TIBIALI PR IMPIANTO PRIMARIO BICOMPARTIMENTALE;N;;2008-06-30 00:00:00;
P090903020201;INSERTI TIBIALI PER IMPIANTO PRIMARIO BICOMPARTIMENTALE MOBILI;S;;2008-06-30 00:00:00;
P090903020202;INSERTI TIBIALI PER IMPIANTO PRIMARIO BICOMPARTIMENTALE FISSI;S;;2008-06-30 00:00:00;
P0909030203;COMPONENTI TIBIALI PER IMPIANTO PRIMARIO BICOMPARTIMENTALE MONOBLOCCO;N;;2022-02-23 00:00:00;
P090903020301;COMPONENTI TIBIALI PER IMPIANTO PRIMARIO BICOMPARTIMENTALE MONOBLOCCO IN POLIETILENE ;S;;2022-02-23 00:00:00;
P090903020399;COMPONENTI TIBIALI PER IMPIANTO PRIMARIO BICOMPARTIMENTALE MONOBLOCCO - ALTRI;S;;2022-02-23 00:00:00;
P090904;PROTESI DI GINOCCHIO MONOCOMPARTIMENTALI;N;;2007-02-20 00:00:00;2022-02-22 00:00:00
P090904;PROTESI DI GINOCCHIO MONOCOMPARTIMENTALI (UNICONDILARI);N;;2022-02-23 00:00:00;
P09090401;COMPONENTI FEMORALI PER PROTESI DI GINOCCHIO MONOCOMPARTIMENTALI;S;;2007-02-20 00:00:00;2022-02-22 00:00:00
P09090401;COMPONENTI FEMORALI PER PROTESI DI GINOCCHIO MONOCOMPARTIMENTALI (UNICONDILARI);N;;2022-02-23 00:00:00;
P09090401;COMPONENTI FEMORALI PER PROTESI DI GINOCCHIO MONOCOMPARTIMENTALI;N;;2022-02-23 00:00:00;2022-02-23 00:00:00
P0909040101;COMPONENTI FEMORALI PER PROTESI DI GINOCCHIO MONOCOMPARTIMENTALI (UNICONDILARI) CEMENTATI ;S;;2022-02-23 00:00:00;
P0909040102;COMPONENTI FEMORALI PER PROTESI DI GINOCCHIO MONOCOMPARTIMENTALI (UNICONDILARI) NON CEMENTATI ;S;;2022-02-23 00:00:00;
P09090402;COMPONENTI TIBIALI PER PROTESI DI GINOCCHIO MONOCOMPARTIMENTALI;N;;2007-02-20 00:00:00;
P0909040201;PIATTI TIBIALI PER PROTESI DI GINOCCHIO MONOCOMPARTIMENTALI;S;;2007-02-20 00:00:00;2022-02-22 00:00:00
P0909040201;PIATTI TIBIALI PER PROTESI DI GINOCCHIO MONOCOMPARTIMENTALI;N;;2022-02-23 00:00:00;
P090904020101;PIATTI TIBIALI PER IMPIANTO PRIMARIO MONOCOMPARTIMENTALI MOBILI CEMENTATI;S;;2022-02-23 00:00:00;
P090904020102;PIATTI TIBIALI PER IMPIANTO PRIMARIO MONOCOMPARTIMENTALI MOBILI NON CEMENTATI;S;;2022-02-23 00:00:00;
P090904020103;PIATTI TIBIALI PER IMPIANTO PRIMARIO MONOCOMPARTIMENTALI FISSI CEMENTATI;S;;2022-02-23 00:00:00;
P090904020104;PIATTI TIBIALI PER IMPIANTO PRIMARIO MONOCOMPARTIMENTALI FISSI NON CEMENTATI;S;;2022-02-23 00:00:00;
P0909040202;INSERTI TIBIALI PER PROTESI DI GINOCCHIO MONOCOMPARTIMENTALI;S;;2007-02-20 00:00:00;2022-02-22 00:00:00
P0909040202;INSERTI TIBIALI PER PROTESI DI GINOCCHIO MONOCOMPARTIMENTALI;N;;2022-02-23 00:00:00;
P090904020201;INSERTI TIBIALI PER PROTESI DI GINOCCHIO MONOCOMPARTIMENTALI MOBILI;S;;2022-02-23 00:00:00;
P090904020202;INSERTI TIBIALI PER PROTESI DI GINOCCHIO MONOCOMPARTIMENTALI FISSI;S;;2022-02-23 00:00:00;
P0909040203;COMPONENTI TIBIALI PER PROTESI DI GINOCCHIO MONOCOMPARTIMENTALI PREASSEMBLATI (inserto + piatto tibiale);N;;2022-02-23 00:00:00;
P090904020301;COMPONENTI TIBIALI PER PROTESI DI GINOCCHIO MONOCOMPARTIMENTALI PREASSEMBLATI CEMENTATI;S;;2022-02-23 00:00:00;
P090904020302;COMPONENTI TIBIALI PER PROTESI DI GINOCCHIO MONOCOMPARTIMENTALI PREASSEMBLATI NON CEMENTATI;S;;2022-02-23 00:00:00;
P0909040204;COMPONENTI TIBIALI PER PROTESI DI GINOCCHIO MONOCOMPARTIMENTALI MONOBLOCCO;N;;2022-02-23 00:00:00;
P090904020401;COMPONENTI TIBIALI PER PROTESI DI GINOCCHIO MONOCOMPARTIMENTALI MONOBLOCCO IN POLIETILENE;S;;2022-02-23 00:00:00;
P090904020499;COMPONENTI TIBIALI PER PROTESI DI GINOCCHIO MONOCOMPARTIMENTALI MONOBLOCCO Â¿ ALTRI;S;;2022-02-23 00:00:00;
P090905;PROTESI DI GINOCCHIO DA REVISIONE;N;;2007-02-20 00:00:00;
P09090501;COMPONENTI FEMORALI PER PROTESI DI GINOCCHIO DA REVISIONE;S;;2007-02-20 00:00:00;
P09090502;COMPONENTI TIBIALI PER PROTESI DI GINOCCHIO DA REVISIONE;N;;2007-02-20 00:00:00;
P0909050201;PIATTI TIBIALI PER PROTESI DI GINOCCHIO DA REVISIONE;S;;2007-02-20 00:00:00;2008-06-29 00:00:00
P0909050201;PIATTI TIBIALI PER PROTESI DI GINOCCHIO DA REVISIONE;N;;2008-06-30 00:00:00;
P090905020101;PIATTI TIBIALI PER PROTESI DI GINOCCHIO DA REVISIONE MOBILI;S;;2008-06-30 00:00:00;
P090905020102;PIATTI TIBIALI PER PROTESI DI GINOCCHIO DA REVISIONE FISSI;S;;2008-06-30 00:00:00;
P0909050202;INSERTI TIBIALI PER PROTESI DI GINOCCHIO DA REVISIONE;S;;2007-02-20 00:00:00;2008-06-29 00:00:00
P0909050202;INSERTI TIBIALI PER PROTESI DI GINOCCHIO DA REVISIONE;N;;2008-06-30 00:00:00;
P090905020201;INSERTI TIBIALI PER PROTESI DI GINOCCHIO DA REVISIONE MOBILI;S;;2008-06-30 00:00:00;
P090905020202;INSERTI TIBIALI PER PROTESI DI GINOCCHIO DA REVISIONE FISSI;S;;2008-06-30 00:00:00;
P090906;PROTESI DI GINOCCHIO PER GRANDI RESEZIONI;S;;2022-02-23 00:00:00;
P090907;PROTESI DI GINOCCHIO PATELLO-FEMORALE;N;;2022-02-23 00:00:00;
P09090701;COMPONENTI DI RIVESTIMENTO DELLA TROCLEA FEMORALE;S;;2022-02-23 00:00:00;
P09090702;COMPONENTI PATELLARI ;N;;2022-02-23 00:00:00;
P0909070201;COMPONENTI PATELLARI MONOBLOCCO;S;;2022-02-23 00:00:00;
P0909070202;COMPONENTI PATELLARI MODULARI;S;;2022-02-23 00:00:00;
P090908;SPAZIATORI PER PROTESI DI GINOCCHIO;S;;2022-02-23 00:00:00;
P090980;PROTESI DI GINOCCHIO - ACCESSORI;N;;2007-02-20 00:00:00;
P09098001;SPESSORI PER PROTESI DI GINOCCHIO;S;;2007-02-20 00:00:00;
P09098002;ADATTATORI PER PROTESI DI GINOCCHIO (COMPRESI CONI E MANICOTTI);S;;2022-02-23 00:00:00;
P09098003;TAPPI ED OTTURATORI PER PROTESI DI GINOCCHIO;S;;2022-02-23 00:00:00;
P09098004;CENTRATORI PER PROTESI DI GINOCCHIO;S;;2022-02-23 00:00:00;
P09098006;FITTONI PER PROTESI DI GINOCCHIO ;N;;2022-02-23 00:00:00;
P0909800601;FITTONI FEMORALI PER PROTESI DI GINOCCHIO;S;;2022-02-23 00:00:00;
P0909800602;FITTONI TIBIALI PER PROTESI DI GINOCCHIO;S;;2022-02-23 00:00:00;
P09098099;PROTESI DI GINOCCHIO - ALTRI ACCESSORI;S;;2007-02-20 00:00:00;2022-02-22 00:00:00
P09098099;PROTESI DI GINOCCHIO Â¿ ACCESSORI ALTRI  ;S;;2022-02-23 00:00:00;
P090990;PROTESI DI GINOCCHIO - VARIE;N;;2007-02-20 00:00:00;2022-02-23 00:00:00
P09099001;COMPONENTI PATELLARI;S;;2007-02-20 00:00:00;2022-02-23 00:00:00
P09099002;FITTONI PER PROTESI DI GINOCCHIO;S;;2007-02-20 00:00:00;2022-02-23 00:00:00
P09099099;PROTESI DI GINOCCHIO - ALTRE;S;;2007-02-20 00:00:00;2022-02-23 00:00:00
P090999;PROTESI DI GINOCCHIO - ALTRE;S;;2022-02-23 00:00:00;
P0910;PROTESI LIGAMENTOSE;S;;2007-02-20 00:00:00;
P0912;MEZZI PER OSTEOSINTESI E SINTESI TENDINEO-LEGAMENTOSA;N;;2007-02-20 00:00:00;
P091201;CAMBRE ED ANCORETTE;N;;2007-02-20 00:00:00;
P09120101;CAMBRE;S;;2007-02-20 00:00:00;
P09120102;ANCORETTE PER SINTESI TENDINEO-LEGAMENTOSA;S;;2007-02-20 00:00:00;
P091202;CHIODI PER OSTEOSINTESI;N;;2007-02-20 00:00:00;
P09120201;CHIODI ENDOMIDOLLARI;S;;2007-02-20 00:00:00;
P09120202;CHIODI ENDOMIDOLLARI IN SISTEMI COMPLESSI;S;;2007-02-20 00:00:00;
P09120299;CHIODI PER OSTEOSINTESI - ALTRI;S;;2008-06-30 00:00:00;
P091203;FILI PER OSTEOSINTESI;N;;2007-02-20 00:00:00;
P09120301;FILI DI KIRSCHNER;S;;2007-02-20 00:00:00;
P09120302;FILI E FASCETTE DI CERCHIAGGIO;S;;2007-02-20 00:00:00;
P09120399;FILI PER OSTEOSINTESI - ALTRI;S;;2008-06-30 00:00:00;
P091204;FISSATORI ESTERNI PER OSTEOSINTESI;N;;2007-02-20 00:00:00;
P09120401;FISSATORI;N;;2007-02-20 00:00:00;
P0912040101;FISSATORI RADIALI;S;;2007-02-20 00:00:00;
P0912040102;FISSATORI ASSIALI;S;;2007-02-20 00:00:00;
P09120402;FICHES;S;;2007-02-20 00:00:00;
P09120403;DISTRATTORI PER OSTEOSINTESI;S;;2007-02-20 00:00:00;
P09120499;FISSATORI ESTERNI PER OSTEOSINTESI - ALTRI;S;;2007-02-20 00:00:00;
P091205;PLACCHE PER OSTEOSINTESI;N;;2007-02-20 00:00:00;
P09120501;PLACCHE A COMPRESSIONE PER OSTEOSINTESI;S;;2007-02-20 00:00:00;
P09120502;PLACCHE DI NEUTRALIZZAZIONE E SOSTEGNO PER OSTEOSINTESI;S;;2007-02-20 00:00:00;
P09120503;SISTEMI VITE-PLACCA PER OSTEOSINTESI;S;;2007-02-20 00:00:00;
P09120504;SISTEMI LAMA-PLACCA PER OSTEOSINTESI;S;;2007-02-20 00:00:00;
P09120599;PLACCHE PER OSTEOSINTESI - ALTRE;S;;2007-02-20 00:00:00;
P091206;VITI PER OSTEOSINTESI E SINTESI TENDINEO-LEGAMENTOSA;N;;2007-02-20 00:00:00;
P09120601;VITI DA CORTICALE;S;;2007-02-20 00:00:00;
P09120602;VITI DA SPONGIOSA;S;;2007-02-20 00:00:00;
P09120603;VITI CANNULATE;S;;2007-02-20 00:00:00;
P09120604;CHIODI-VITE PER OSTEOSINTESI;S;;2007-02-20 00:00:00;
P09120605;VITI AD INTERFERENZA;S;;2007-02-20 00:00:00;
P09120606;VITI E BARRETTE RIASSORBIBILI PER OSTEOSINTESI;S;;2007-02-20 00:00:00;
P09120699;VITI PER OSTEOSINTESI - ALTRE;S;;2007-02-20 00:00:00;2008-06-29 00:00:00
P09120699;VITI PER OSTEOSINTESI E SINTESI TENDINEO-LEGAMENTOSA - ALTRE;S;;2008-06-30 00:00:00;
P091280;MEZZI PER OSTEOSINTESI E SINTESI TENDINEO-LEGAMENTOSA - ACCESSORI;S;;2007-02-20 00:00:00;
P091299;MEZZI PER OSTEOSINTESI E SINTESI TENDINEO-LEGAMENTOSA - ALTRI;S;;2007-02-20 00:00:00;
P0913;STRUMENTARIO MONOUSO PER PROTESICA ORTOPEDICA;N;;2007-02-20 00:00:00;2022-02-22 00:00:00
P0913;STRUMENTARIO PER PROTESICA ORTOPEDICA, MONOUSO;N;;2022-02-23 00:00:00;
P091301;FRESE MONOUSO PER PROTESICA ORTOPEDICA;S;;2007-02-20 00:00:00;2022-02-22 00:00:00
P091301;FRESE PER PROTESICA ORTOPEDICA, MONOUSO;S;;2022-02-23 00:00:00;
P091302;LAME MONOUSO PER PROTESICA ORTOPEDICA;S;;2007-02-20 00:00:00;2022-02-22 00:00:00
P091302;LAME PER PROTESICA ORTOPEDICA, MONOUSO;S;;2022-02-23 00:00:00;
P091303;PUNTE DI TRAPANO MONOUSO PER PROTESICA ORTOPEDICA;S;;2007-02-20 00:00:00;2022-02-22 00:00:00
P091303;PUNTE DI TRAPANO PER PROTESICA ORTOPEDICA, MONOUSO;S;;2022-02-23 00:00:00;
P091304;PERFORATORI CRANIALI MONOUSO;S;;2007-02-20 00:00:00;2022-02-22 00:00:00
P091304;PERFORATORI CRANIALI, MONOUSO;S;;2022-02-23 00:00:00;
P091305;SEGHE OSSEE MONOUSO;S;;2007-02-20 00:00:00;2022-02-22 00:00:00
P091305;SEGHE OSSEE, MONOUSO;S;;2022-02-23 00:00:00;
P091399;STRUMENTARIO MONOUSO PER PROTESICA ORTOPEDICA - ALTRO;S;;2007-02-20 00:00:00;2022-02-22 00:00:00
P091399;STRUMENTARIO PER PROTESICA ORTOPEDICA, MONOUSO - ALTRO;S;;2022-02-23 00:00:00;
P0990;PROTESI ORTOPEDICHE - VARIE;N;;2007-02-20 00:00:00;
P099001;CEMENTI PER PROTESI ORTOPEDICHE;S;;2007-02-20 00:00:00;2022-02-22 00:00:00
P099001;CEMENTI PER PROTESI ORTOPEDICHE E ACCESSORI PER MISCELAZIONE;S;;2022-02-23 00:00:00;
P099002;DISPOSITIVI PER PREPARAZIONE E APPLICAZIONE DI CEMENTO IN ORTOPEDIA;S;;2007-02-20 00:00:00;2008-06-29 00:00:00
P099002;DISPOSITIVI E KIT PER PREPARAZIONE E APPLICAZIONE DI CEMENTO IN ORTOPEDIA;S;;2008-06-30 00:00:00;
P099003;ELEMENTI DI FISSAGGIO PER PROTESI ORTOPEDICHE;S;;2007-02-20 00:00:00;2022-02-22 00:00:00
P099003;ELEMENTI DI FISSAGGIO PER PROTESI ORTOPEDICHE- NON ALTRIMENTI CLASSIFICATI;S;;2022-02-23 00:00:00;
P0999;PROTESI ORTOPEDICHE E MEZZI PER OSTEOSINTESI E SINTESI TENDINEO-LEGAMENTOSA - ALTRI;S;;2007-02-20 00:00:00;
P10;PROTESI DI SUPPORTO EXTRAVASCOLARE;N;;2022-02-23 00:00:00;
P1001;PROTESI DI SUPPORTO VALVOLARE EXTRAVENOSO DEGLI ARTI INFERIORI;S;;2022-02-23 00:00:00;
P1002;SUPPORTI EXTRAVENOSI PER BY-PASS CORONARICI;S;;2022-02-23 00:00:00;
P1099;PROTESI DI SUPPORTO EXTRAVASCOLARE - ALTRE;S;;2022-02-23 00:00:00;
P90;DISPOSITIVI PROTESICI IMPIANTABILI - VARI;N;;2007-02-20 00:00:00;2022-02-22 00:00:00
P90;DISPOSITIVI PROTESICI IMPIANTABILI E MEZZI PER OSTEOSINTESI - VARI;N;;2022-02-23 00:00:00;
P9001;ESPANSORI TISSUTALI;N;;2007-02-20 00:00:00;2022-02-22 00:00:00
P9001;ESPANSORI TESSUTALI TEMPORANEI;N;;2022-02-23 00:00:00;
P900101;ESPANSORI TISSUTALI CILINDRICI;S;;2007-02-20 00:00:00;2022-02-22 00:00:00
P900101;ESPANSORI TESSUTALI CILINDRICI;S;;2022-02-23 00:00:00;
P900102;ESPANSORI TISSUTALI ELLITTICI;S;;2007-02-20 00:00:00;2022-02-22 00:00:00
P900102;ESPANSORI TESSUTALI ELLITTICI;S;;2022-02-23 00:00:00;
P900103;ESPANSORI MAMMARI ANATOMICI;S;;2007-02-20 00:00:00;2022-02-22 00:00:00
P900103;ESPANSORI TESSUTALI MAMMARI;S;;2022-02-23 00:00:00;
P900104;ESPANSORI TISSUTALI RETTANGOLARI;S;;2007-02-20 00:00:00;2022-02-22 00:00:00
P900104;ESPANSORI TESSUTALI RETTANGOLARI;S;;2022-02-23 00:00:00;
P900105;ESPANSORI TISSUTALI ROTONDI;S;;2007-02-20 00:00:00;2022-02-22 00:00:00
P900105;ESPANSORI TESSUTALI ROTONDI;S;;2022-02-23 00:00:00;
P900106;ESPANSORI TISSUTALI SEMILUNARI O A CROISSANT;S;;2007-02-20 00:00:00;2022-02-22 00:00:00
P900106;ESPANSORI TESSUTALI SEMILUNARI O A CROISSANT;S;;2022-02-23 00:00:00;
P900199;ESPANSORI TISSUTALI - ALTRI;S;;2007-02-20 00:00:00;2022-02-22 00:00:00
P900199;ESPANSORI TESSUTALI - ALTRI;S;;2022-02-23 00:00:00;
P9002;RETI;N;;2007-02-20 00:00:00;
P900201;RETI IN ACIDO POLIGLICOLICO;S;;2007-02-20 00:00:00;2022-02-22 00:00:00
P900201;RETI IN ACIDO POLIGLICOLICO E ASSOCIAZIONI;S;;2022-02-23 00:00:00;
P900202;RETI IN POLIPROPILENE;S;;2007-02-20 00:00:00;
P900203;RETI IN PTFE;S;;2007-02-20 00:00:00;
P900204;RETI A COMPOSIZIONE MISTA;S;;2007-02-20 00:00:00;
P900205;RETI IN POLIESTERE;S;;2007-02-20 00:00:00;
P900206;RETI METALLICHE;S;;2007-02-20 00:00:00;
P900299;RETI - ALTRE;S;;2007-02-20 00:00:00;
P9003;PATCH TISSUTALI;N;;2007-02-20 00:00:00;2022-02-22 00:00:00
P9003;PATCH TESSUTALI;N;;2022-02-23 00:00:00;
P900301;PATCH TISSUTALI IN PTFE;S;;2007-02-20 00:00:00;2022-02-22 00:00:00
P900301;PATCH TESSUTALI IN PTFE;S;;2022-02-23 00:00:00;
P900302;PATCH TISSUTALI IN POLIESTERE;S;;2007-02-20 00:00:00;2022-02-22 00:00:00
P900302;PATCH TESSUTALI IN POLIESTERE;S;;2022-02-23 00:00:00;
P900399;PATCH TISSUTALI - ALTRI;S;;2007-02-20 00:00:00;2022-02-22 00:00:00
P900399;PATCH TESSUTALI - ALTRI;S;;2022-02-23 00:00:00;
P9004;SISTEMI DI RIEMPIMENTO, SOSTITUZIONE E RICOSTRUZIONE DI STRUTTURE;N;;2007-02-20 00:00:00;2022-02-22 00:00:00
P9004;DISPOSITIVI DI RIEMPIMENTO, SOSTITUZIONE E RICOSTRUZIONE DI STRUTTURE;N;;2022-02-23 00:00:00;
P900401;PRODOTTI SOSTITUTIVI OSSEI E TENDINEI;S;;2007-02-20 00:00:00;2022-02-22 00:00:00
P900401;DISPOSITIVI SOSTITUTIVI OSSEI E TENDINEI;S;;2022-02-23 00:00:00;
P900402;PRODOTTI RIASSORBIBILI PER RIEMPIMENTO E RICOSTRUZIONE;S;;2007-02-20 00:00:00;2022-02-22 00:00:00
P900402;DISPOSITIVI RIASSORBIBILI PER RIEMPIMENTO E RICOSTRUZIONE;S;;2022-02-23 00:00:00;
P900403;PRODOTTI NON RIASSORBIBILI PER RIEMPIMENTO E RICOSTRUZIONE;S;;2007-02-20 00:00:00;2022-02-22 00:00:00
P900403;DISPOSITIVI NON RIASSORBIBILI PER RIEMPIMENTO E RICOSTRUZIONE;S;;2022-02-23 00:00:00;
P900404;SUPPORTI PER INNESTI AUTOLOGHI;S;;2007-02-20 00:00:00;
P9099;DISPOSITIVI PROTESICI IMPIANTABILI - ALTRI;S;;2007-02-20 00:00:00;
Q;DISPOSITIVI PER ODONTOIATRIA, OFTALMOLOGIA E OTORINOLARINGOIATRIA;N;;2007-02-20 00:00:00;
Q01;DISPOSITIVI PER ODONTOIATRIA;N;;2007-02-20 00:00:00;
Q0101;DISPOSITIVI PER ODONTOIATRIA CONSERVATIVA ED ENDODONZIA;N;;2007-02-20 00:00:00;
Q010101;DISPOSITIVI DA RESTAURO;N;;2007-02-20 00:00:00;2022-02-22 00:00:00
Q010101;DISPOSITIVI PER RESTAURO DENTALE;N;;2022-02-23 00:00:00;
Q01010101;AMALGAME;S;;2007-02-20 00:00:00;2022-02-22 00:00:00
Q01010101;AMALGAME PER CONSERVATIVA DENTALE;S;;2022-02-23 00:00:00;
Q01010102;CEMENTI PROVVISORI E DEFINITIVI DA RESTAURO ODONTOIATRICO;S;;2007-02-20 00:00:00;2022-02-22 00:00:00
Q01010102;CEMENTI PROVVISORI E DEFINITIVI PER RESTAURO DENTALE;N;;2022-02-23 00:00:00;
Q01010102;CEMENTI PROVVISORI E DEFINITIVI DA RESTAURO ODONTOIATRICO;N;;2022-02-23 00:00:00;2022-02-23 00:00:00
Q0101010201;CEMENTI PER SOTTOFONDO DENTALE;S;;2022-02-23 00:00:00;
Q0101010202;CEMENTI CANALARI;S;;2022-02-23 00:00:00;
Q0101010203;CEMENTI DENTALI PROVVISORI;S;;2022-02-23 00:00:00;
Q0101010204;CEMENTI PER CHIRURGIA ENDODONTICA;S;;2022-02-23 00:00:00;
Q0101010299;CEMENTI PROVVISORI E DEFINITIVI PER RESTAURO DENTALE - ALTRI;S;;2022-02-23 00:00:00;
Q01010103;COMPOSITI;S;;2007-02-20 00:00:00;2022-02-22 00:00:00
Q01010103;COMPOSITI PER CONSERVATIVA DENTALE;S;;2022-02-23 00:00:00;
Q01010104;ADESIVI PER ODONTOIATRIA;S;;2007-02-20 00:00:00;
Q01010105;COMPOMERI PER RESTAURO DENTALE;S;;2022-02-23 00:00:00;
Q01010106;VETROIONOMERI PER RESTAURO DENTALE;S;;2022-02-23 00:00:00;
Q01010199;DISPOSITIVI DA RESTAURO - ALTRI;S;;2007-02-20 00:00:00;2022-02-22 00:00:00
Q01010199;DISPOSITIVI PER RESTAURO DENTALE - ALTRI;S;;2022-02-23 00:00:00;
Q010102;DISPOSITIVI DA OTTURAZIONE CANALARE;N;;2007-02-20 00:00:00;2022-02-22 00:00:00
Q010102;DISPOSITIVI PER OTTURAZIONE CANALARE;N;;2022-02-23 00:00:00;
Q01010201;PASTE PER OTTURAZIONE CANALARE;S;;2007-02-20 00:00:00;
Q01010202;CEMENTI PER OTTURAZIONE CANALARE;S;;2007-02-20 00:00:00;
Q01010203;CONI PER ODONTOIATRIA;S;;2007-02-20 00:00:00;
Q01010299;DISPOSITIVI DA OTTURAZIONE CANALARE - ALTRI;S;;2007-02-20 00:00:00;2022-02-22 00:00:00
Q01010299;DISPOSITIVI PER OTTURAZIONE CANALARE - ALTRI;S;;2022-02-23 00:00:00;
Q010103;DISPOSITIVI DA MEDICAZIONE ODONTOIATRICA;N;;2007-02-20 00:00:00;2022-02-22 00:00:00
Q010103;DISPOSITIVI PER MEDICAZIONE ODONTOIATRICA;N;;2022-02-23 00:00:00;
Q01010301;COMPOSTI CON DISINFETTANTI, ANTIBIOTICI ED ANTINFIAMMATORI PER MEDICAZIONE ODONTOIATRICA;S;;2007-02-20 00:00:00;
Q01010399;DISPOSITIVI DA MEDICAZIONE ODONTOIATRICA - ALTRI;S;;2007-02-20 00:00:00;2022-02-22 00:00:00
Q01010399;DISPOSITIVI PER MEDICAZIONE ODONTOIATRICA - ALTRI;S;;2022-02-23 00:00:00;
Q010104;DISPOSITIVI PER PROCEDURE ODONTOIATRICHE VARIE;N;;2007-02-20 00:00:00;
Q01010401;PUNTE DI CARTA, MATRICI E CUNEI PER ODONTOIATRIA;S;;2007-02-20 00:00:00;2022-02-22 00:00:00
Q01010401;PUNTE DI CARTA E DI GUTTAPERCA, MATRICI E CUNEI PER ODONTOIATRIA;S;;2022-02-23 00:00:00;
Q01010402;MORDENZANTI;S;;2007-02-20 00:00:00;2022-02-22 00:00:00
Q01010402;MORDENZANTI SMALTO-DENTINALI;S;;2022-02-23 00:00:00;
Q01010403;ABRASIVI E PASTE LUCIDANTI PER ODONTOIATRIA;S;;2007-02-20 00:00:00;
Q010105;PERNI ENDODONTICI PER RICOSTRUZIONE;S;;2022-02-23 00:00:00;
Q010199;DISPOSITIVI PER ODONTOIATRIA CONSERVATIVA ED ENDODONZIA - ALTRI;S;;2007-02-20 00:00:00;
Q0102;DISPOSITIVI PER ODONTOIATRIA PROTESICA;N;;2007-02-20 00:00:00;
Q010201;ALGINATI ED ALTRI MATERIALI PER IMPRONTE ODONTOIATRICHE;S;;2007-02-20 00:00:00;2022-02-22 00:00:00
Q010201;MATERIALI PER IMPRONTA DENTALE;N;;2022-02-23 00:00:00;
Q010201;ALGINATI ED ALTRI MATERIALI PER IMPRONTE ODONTOIATRICHE;N;;2022-02-23 00:00:00;2022-02-23 00:00:00
Q01020101;ALGINATI PER IMPRONTA DENTALE;S;;2022-02-23 00:00:00;
Q01020102;VINILSILOSSANI PER IMPRONTA DENTALE;S;;2022-02-23 00:00:00;
Q01020103;POLIETERI PER IMPRONTA DENTALE;S;;2022-02-23 00:00:00;
Q01020104;SILICONI PER IMPRONTA DENTALE;S;;2022-02-23 00:00:00;
Q01020199;MATERIALI PER IMPRONTA DENTALE - ALTRI;S;;2022-02-23 00:00:00;
Q010202;CARTE PER ARTICOLAZIONE;S;;2007-02-20 00:00:00;2022-02-22 00:00:00
Q010202;INDICATORI DI CONTATTO DENTALE;N;;2022-02-23 00:00:00;
Q010202;CARTE PER ARTICOLAZIONE;N;;2022-02-23 00:00:00;2022-02-23 00:00:00
Q01020201;CARTE PER ARTICOLAZIONE;S;;2022-02-23 00:00:00;
Q01020202;INDICATORI DI CONTATTO DENTALE SPRAY E LIQUIDI;S;;2022-02-23 00:00:00;
Q01020203;CERE OCCLUSALI;S;;2022-02-23 00:00:00;
Q01020299;INDICATORI DI CONTATTO DENTALE - ALTRI;S;;2022-02-23 00:00:00;
Q010203;CERE PER ODONTOIATRIA;S;;2007-02-20 00:00:00;2022-02-23 00:00:00
Q010204;FILI RETRATTORI E RETRATTORI GENGIVALI;S;;2007-02-20 00:00:00;
Q010205;RESINE E CORONE DENTALI;S;;2007-02-20 00:00:00;2022-02-22 00:00:00
Q010205;RESINE E CORONE DENTALI PREFORMATE;N;;2022-02-23 00:00:00;
Q010205;RESINE E CORONE DENTALI;N;;2022-02-23 00:00:00;2022-02-23 00:00:00
Q01020501;RESINE PER ODONTOIATRIA;N;;2022-02-23 00:00:00;
Q0102050101;RESINE PER DENTI PROVVISORI;S;;2022-02-23 00:00:00;
Q0102050102;RESINE PER RIBASATURA DENTALE;S;;2022-02-23 00:00:00;
Q0102050199;RESINE PER ODONTOIATRIA - ALTRE;S;;2022-02-23 00:00:00;
Q01020502;CORONE DENTALI PREFORMATE;S;;2022-02-23 00:00:00;
Q010206;PROTESI DENTALI (esclusi gli impianti dentali presenti in P010201);N;;2007-02-20 00:00:00;
Q01020601;PROTESI DENTALI MOBILI;S;;2007-02-20 00:00:00;
Q01020602;PROTESI DENTALI COMBINATE;S;;2007-02-20 00:00:00;
Q01020603;PROTESI DENTALI SCHELETRICHE;S;;2007-02-20 00:00:00;
Q01020604;PROTESI DENTALI ORTODONTICHE;S;;2007-02-20 00:00:00;
Q01020605;PROTESI DENTALI PROVVISORIE;S;;2007-02-20 00:00:00;
Q010207;DISPOSITIVI DA IMPRONTA PER ODONTOIATRIA PROTESICA;S;;2016-11-15 00:00:00;
Q010280;DISPOSITIVI PER ODONTOIATRIA PROTESICA - ACCESSORI;S;;2007-02-20 00:00:00;
Q010299;DISPOSITIVI PER ODONTOIATRIA PROTESICA - ALTRI;S;;2007-02-20 00:00:00;
Q0103;DISPOSITIVI PER ODONTOIATRIA CHIRURGICA;N;;2007-02-20 00:00:00;
Q010301;MEMBRANE PARODONTALI;S;;2007-02-20 00:00:00;
Q010302;PRODOTTI DA INNESTO ODONTOIATRICO;S;;2007-02-20 00:00:00;
Q010303;DISPOSITIVI DA OTTURAZIONE RETROGRADA;S;;2007-02-20 00:00:00;
Q010304;DISPOSITIVI DA IMPACCHI PARODONTALI;S;;2007-02-20 00:00:00;
Q010305;CEMENTI PER ODONTOIATRIA CHIRURGICA;S;;2007-02-20 00:00:00;
Q010399;DISPOSITIVI PER ODONTOIATRIA CHIRURGICA - ALTRI;S;;2007-02-20 00:00:00;
Q0104;DISPOSITIVI PER ORTODONZIA;N;;2007-02-20 00:00:00;
Q010401;ARCHI ORTODONTICI;S;;2007-02-20 00:00:00;
Q010402;BANDE PER ORTODONZIA;S;;2007-02-20 00:00:00;
Q010403;BRACKETS E BOTTONI PER ORTODONZIA;S;;2007-02-20 00:00:00;
Q010404;ELASTICI, CATENELLE E MOLLE PER ORTODONZIA;S;;2007-02-20 00:00:00;
Q010405;FILI PER ORTODONZIA;S;;2007-02-20 00:00:00;
Q010406;LEGATURE PER ORTODONZIA;S;;2007-02-20 00:00:00;
Q010407;CEMENTI ORTODONTICI;S;;2022-02-23 00:00:00;
Q010499;DISPOSITIVI PER ORTODONZIA - ALTRI;S;;2007-02-20 00:00:00;
Q0105;STRUMENTARIO MONOUSO PER ODONTOIATRIA;N;;2007-02-20 00:00:00;2022-02-22 00:00:00
Q0105;STRUMENTARIO PER ODONTOIATRIA, MONOUSO;N;;2022-02-23 00:00:00;
Q010501;FRESE E DISCHI ABRASIVI ODONTOIATRICI;S;;2007-02-20 00:00:00;2008-06-29 00:00:00
Q010501;FRESE E DISCHI ABRASIVI ODONTOIATRICI MONOUSO;S;;2008-06-30 00:00:00;2022-02-22 00:00:00
Q010501;FRESE E DISCHI ABRASIVI ODONTOIATRICI, MONOUSO;S;;2022-02-23 00:00:00;
Q010502;GOMMINI O PERONI PER LUCIDATURA DENTALE;S;;2007-02-20 00:00:00;2008-06-29 00:00:00
Q010502;GOMMINI O PERONI MONOUSO PER LUCIDATURA DENTALE;S;;2008-06-30 00:00:00;2022-02-22 00:00:00
Q010502;GOMMINI O PERONI PER LUCIDATURA DENTALE, MONOUSO;S;;2022-02-23 00:00:00;
Q010503;PORTAIMPRONTE;S;;2007-02-20 00:00:00;2008-06-29 00:00:00
Q010503;PORTAIMPRONTE MONOUSO;S;;2008-06-30 00:00:00;2022-02-22 00:00:00
Q010503;PORTAIMPRONTE, MONOUSO;S;;2022-02-23 00:00:00;
Q010504;SPECCHIETTI E SPECILLI ODONTOIATRICI MONOUSO;S;;2007-02-20 00:00:00;2022-02-22 00:00:00
Q010504;SPECCHIETTI E SPECILLI ODONTOIATRICI, MONOUSO;S;;2022-02-23 00:00:00;
Q010505;SPINGIAMALGAMA MONOUSO;S;;2007-02-20 00:00:00;2022-02-22 00:00:00
Q010505;SPINGIAMALGAMA, MONOUSO;S;;2022-02-23 00:00:00;
Q010506;SPINGIPASTA MONOUSO;S;;2007-02-20 00:00:00;2022-02-22 00:00:00
Q010506;SPINGIPASTA, MONOUSO;S;;2022-02-23 00:00:00;
Q010507;STRUMENTARIO ENDODONTICO MONOUSO (ALLARGACANALI, LIME E RASPE, TIRANERVI);S;;2007-02-20 00:00:00;2022-02-22 00:00:00
Q010507;STRUMENTARIO ENDODONTICO (ALLARGACANALI, LIME E RASPE, TIRANERVI), MONOUSO;S;;2022-02-23 00:00:00;
Q010508;KIT DI STRUMENTARIO PER CHIRURGIA ODONTOSTOMATOLOGICA, MONOUSO;S;;2022-02-23 00:00:00;
Q010599;STRUMENTARIO MONOUSO PER ODONTOIATRIA - ALTRO;S;;2007-02-20 00:00:00;2022-02-22 00:00:00
Q010599;STRUMENTARIO PER ODONTOIATRIA, MONOUSO - ALTRO;S;;2022-02-23 00:00:00;
Q0106;SOSTANZE PER LA PREPARAZIONE DI DISPOSITIVI MEDICI SU MISURA;N;;2007-02-20 00:00:00;2008-06-29 00:00:00
Q0106;SOSTANZE PER LA PREPARAZIONE DI DISPOSITIVI ODONTOIATRICI SU MISURA;N;;2008-06-30 00:00:00;
Q010601;LEGHE PER USO ODONTOIATRICO;S;;2007-02-20 00:00:00;
Q010699;SOSTANZE PER LA PREPARAZIONE DI DISPOSITIVI MEDICI SU MISURA - ALTRE;S;;2007-02-20 00:00:00;2008-06-29 00:00:00
Q010699;SOSTANZE PER LA PREPARAZIONE DI DISPOSITIVI ODONTOIATRICI SU MISURA - ALTRE;S;;2008-06-30 00:00:00;
Q0190;DISPOSITIVI PER ODONTOIATRIA - VARI;N;;2007-02-20 00:00:00;
Q019001;ASPIRASALIVA E ASSORBENTI SALIVARI;S;;2007-02-20 00:00:00;
Q019002;DIGHE ED UNCINI PER ODONTOIATRIA;S;;2007-02-20 00:00:00;2022-02-22 00:00:00
Q019002;DIGHE ED UNCINI PER ODONTOIATRIA, MONOUSO;S;;2022-02-23 00:00:00;
Q019003;FILI INTERDENTALI E ALTRI DISPOSITIVI PER L'IGIENE ORALE;S;;2007-02-20 00:00:00;2008-06-29 00:00:00
Q019003;FILI INTERDENTALI E ALTRI DISPOSITIVI PER L'IGIENE ORALE PER USO PROFESSIONALE;S;;2008-06-30 00:00:00;
Q019004;RULLI SALIVARI;S;;2007-02-20 00:00:00;
Q019005;PERNI DENTALI CALCINABILI;S;;2022-02-23 00:00:00;
Q019006;PUNTALI E PENNELLI PER APPLICAZIONE DI MATERIALI DENTALI, MONOUSO;S;;2022-02-23 00:00:00;
Q019007;PREPARATI PER TRATTAMENTO TOPICO BUCCALE NON COMPRESI IN ALTRE CLASSI;S;;2022-02-23 00:00:00;
Q019008;DESENSIBILIZZANTI DENTINALI;S;;2022-02-23 00:00:00;
Q0199;DISPOSITIVI PER ODONTOIATRIA - ALTRI;S;;2007-02-20 00:00:00;
Q02;DISPOSITIVI PER OFTALMOLOGIA;N;;2007-02-20 00:00:00;
Q0201;MICROBISTURI E TAGLIENTI PER OFTALMOLOGIA;N;;2007-02-20 00:00:00;
Q020101;MICROBISTURI PER OFTALMOLOGIA;N;;2007-02-20 00:00:00;
Q02010101;MICROBISTURI RETTI PER OFTALMOLOGIA;S;;2007-02-20 00:00:00;
Q02010102;MICROBISTURI ANGOLATI PER OFTALMOLOGIA;S;;2007-02-20 00:00:00;
Q02010103;MICROBISTURI CALIBRATI PER FACOEMULSIFICAZIONE (BEVEL UP AFFILATO SUPERIORE, DOPPIO FILO, SATINATO);S;;2007-02-20 00:00:00;
Q02010199;MICROBISTURI PER OFTALMOLOGIA - ALTRI;S;;2008-06-30 00:00:00;
Q020102;LANCETTE SCLERALI;S;;2007-02-20 00:00:00;
Q020199;TAGLIENTI PER OFTALMOLOGIA - ALTRI;S;;2007-02-20 00:00:00;
Q0202;DISPOSITIVI PER ESPIANTO E TRAPIANTO DI CORNEA;N;;2007-02-20 00:00:00;
Q020201;PUNZONI CORNEALI;S;;2007-02-20 00:00:00;2022-02-22 00:00:00
Q020201;PUNZONI E TREFINE CORNEALI, MONOUSO;S;;2022-02-23 00:00:00;
Q020202;TRAPANI CORNEALI MONOUSO (MECCANICI E MANUALI);S;;2007-02-20 00:00:00;
Q020203;MARCATORI CORNEALI;S;;2007-02-20 00:00:00;
Q020204;SOSTANZE PER CONSERVAZIONE E TRASPORTO DI ESPIANTI CORNEALI;S;;2022-02-23 00:00:00;
Q020299;DISPOSITIVI PER ESPIANTO E TRAPIANTO DI CORNEA - ALTRI;S;;2007-02-20 00:00:00;
Q0203;FLUIDI GASSOSI, LIQUIDI E VISCOELASTICI PER OFTALMOLOGIA;N;;2007-02-20 00:00:00;2008-06-29 00:00:00
Q0203;FLUIDI GASSOSI, LIQUIDI E VISCOELASTICI PER CHIRURGIA OFTALMICA E OFTALMOLOGIA CLINICA;N;;2008-06-30 00:00:00;
Q020301;FLUIDI GASSOSI INTRAOCULARI;N;;2007-02-20 00:00:00;2008-06-29 00:00:00
Q020301;FLUIDI GASSOSI PER CHIRURGIA OFTALMICA;N;;2008-06-30 00:00:00;
Q02030101;DERIVATI FLUORATI INTRAOCULARI;S;;2007-02-20 00:00:00;
Q02030199;FLUIDI GASSOSI INTRAOCULARI - ALTRI;S;;2007-02-20 00:00:00;2008-06-29 00:00:00
Q02030199;FLUIDI GASSOSI PER CHIRURGIA OFTALMICA - ALTRI;S;;2008-06-30 00:00:00;
Q020302;FLUIDI LIQUIDI PER OFTALMOLOGIA;N;;2007-02-20 00:00:00;
Q02030201;COLORANTI PER OFTALMOLOGIA;S;;2007-02-20 00:00:00;
Q02030202;OLII DI SILICONE PER OFTALMOLOGIA;S;;2007-02-20 00:00:00;2008-06-29 00:00:00
Q02030202;OLII DI SILICONE PURI E IN ASSOCIAZIONE PER CHIRURGIA OFTALMICA;S;;2008-06-30 00:00:00;
Q02030203;SOLUZIONE SALINA BILANCIATA PER OFTALMOLOGIA;S;;2007-02-20 00:00:00;2008-06-29 00:00:00
Q02030203;SOLUZIONE SALINA BILANCIATA PER CHIRURGIA OFTALMICA;S;;2008-06-30 00:00:00;2022-02-22 00:00:00
Q02030203;SOLUZIONI SALINE BILANCIATE PER CHIRURGIA OFTALMICA;S;;2022-02-23 00:00:00;
Q02030204;SOLUZIONI PER LA CONSERVAZIONE E PULIZIA DELLE LENTI A CONTATTO;S;;2007-02-20 00:00:00;2022-02-22 00:00:00
Q02030204;SOLUZIONI PER CONSERVAZIONE E PULIZIA DELLE LENTI A CONTATTO;S;;2022-02-23 00:00:00;
Q02030205;PERFLUOROCARBONI PURI E IN ASSOCIAZIONE PER CHIRURGIA OFTALMICA;S;;2008-06-30 00:00:00;
Q02030206;SOLUZIONI LUBRIFICANTI DELL'OCCHIO;S;;2022-02-23 00:00:00;
Q02030299;FLUIDI LIQUIDI PER OFTALMOLOGIA - ALTRI;S;;2007-02-20 00:00:00;
Q020303;FLUIDI VISCOELASTICI PER OFTALMOLOGIA;N;;2007-02-20 00:00:00;
Q02030301;ACIDO IALURONICO E DERIVATI PER OFTALMOLOGIA;S;;2007-02-20 00:00:00;
Q02030399;FLUIDI VISCOELASTICI PER OFTALMOLOGIA - ALTRI;S;;2007-02-20 00:00:00;
Q0204;DISPOSITIVI PER VITRECTOMIA;N;;2007-02-20 00:00:00;
Q020401;SET PER VITRECTOMIA ANTERIORE;S;;2007-02-20 00:00:00;
Q020402;SET PER VITRECTOMIA POSTERIORE;S;;2007-02-20 00:00:00;
Q020403;FIBRE MONOUSO PER LASERTERAPIA IN OFTALMOLOGIA;N;;2007-02-20 00:00:00;2022-02-22 00:00:00
Q020403;FIBRE MONOUSO PER LASERTERAPIA IN OFTALMOLOGIA, MONOUSO;N;;2022-02-23 00:00:00;
Q02040301;FIBRE MONOUSO PER ENDOFOTOCOAGULAZIONE OCULARE;S;;2007-02-20 00:00:00;2022-02-22 00:00:00
Q02040301;FIBRE MONOUSO PER ENDOFOTOCOAGULAZIONE OCULARE, MONOUSO;S;;2022-02-23 00:00:00;
Q02040302;FIBRE MONOUSO PER CICLOFOTOCOAGULAZIONE OCULARE;S;;2007-02-20 00:00:00;2022-02-22 00:00:00
Q02040302;FIBRE MONOUSO PER CICLOFOTOCOAGULAZIONE OCULARE, MONOUSO;S;;2022-02-23 00:00:00;
Q02040399;FIBRE PER LASERTERAPIA IN OFTALMOLOGIA, MONOUSO - ALTRE;S;;2022-02-23 00:00:00;
Q020499;DISPOSITIVI PER VITRECTOMIA - ALTRI;S;;2007-02-20 00:00:00;
Q0205;DISPOSITIVI PER DISTACCO DI RETINA;N;;2007-02-20 00:00:00;
Q020501;BANDE DI CERCHIAGGIO RETINICO;S;;2007-02-20 00:00:00;
Q020502;BINARI PER DISTACCO RETINICO;S;;2007-02-20 00:00:00;
Q020503;SPUGNE RETINICHE;S;;2007-02-20 00:00:00;
Q020504;CLIPS METALLICHE PER DISTACCO RETINICO;S;;2007-02-20 00:00:00;
Q020599;DISPOSITIVI PER DISTACCO DI RETINA - ALTRI;S;;2007-02-20 00:00:00;
Q0206;DISPOSITIVI PER FACOEMULSIFICAZIONE;N;;2007-02-20 00:00:00;
Q020601;SET PER FACOEMULSIFICAZIONE;S;;2007-02-20 00:00:00;
Q020680;DISPOSITIVI PER FACOEMULSIFICAZIONE - ACCESSORI;S;;2007-02-20 00:00:00;
Q020699;DISPOSITIVI PER FACOEMULSIFICAZIONE - ALTRI;S;;2007-02-20 00:00:00;
Q0207;DISPOSITIVI PER VIE LACRIMALI;N;;2007-02-20 00:00:00;
Q020701;DILATATORI LACRIMALI;S;;2007-02-20 00:00:00;
Q020702;OCCLUSORI LACRIMALI;S;;2007-02-20 00:00:00;
Q020703;PLUG O IMPIANTI A PUNTINI PER VIE LACRIMALI;S;;2007-02-20 00:00:00;
Q020704;SET PER INTUBAZIONE DELLE VIE LACRIMALI;S;;2007-02-20 00:00:00;
Q020705;TEST PER DISFUNZIONI LACRIMALI;S;;2007-02-20 00:00:00;
Q020706;TUBI IN SILICONE PER VIE LACRIMALI;S;;2007-02-20 00:00:00;
Q020799;DISPOSITIVI PER VIE LACRIMALI - ALTRI;S;;2007-02-20 00:00:00;
Q0208;DRENAGGI PER GLAUCOMA E KIT;S;;2007-02-20 00:00:00;
Q0209;DISPOSITIVI PER STRABISMO;S;;2007-02-20 00:00:00;
Q0210;DISPOSITIVI OTTICI CORRETTIVI (N.T. COD EN 2203);N;;2022-02-23 00:00:00;
Q021001;LENTI OFTALMICHE ;N;;2022-02-23 00:00:00;
Q02100101;LENTI OFTALMICHE ORGANICHE (MATERIE PLASTICHE) ;N;;2022-02-23 00:00:00;
Q0210010101;LENTI OFTALMICHE ORGANICHE MONOFOCALI ;S;;2022-02-23 00:00:00;
Q0210010102;LENTI OFTALMICHE ORGANICHE MULTIFOCALI (BIFOCALI, TRIFOCALI) ;S;;2022-02-23 00:00:00;
Q0210010103;LENTI OFTALMICHE ORGANICHE PROGRESSIVE ;S;;2022-02-23 00:00:00;
Q0210010199;LENTI OFTALMICHE ORGANICHE Â¿ ALTRE ;S;;2022-02-23 00:00:00;
Q02100102;LENTI OFTALMICHE MINERALI (VETRO) ;N;;2022-02-23 00:00:00;
Q0210010201;LENTI OFTALMICHE MINERALI MONOFOCALI ;S;;2022-02-23 00:00:00;
Q0210010202;LENTI OFTALMICHE MINERALI MULTIFOCALI (BIFOCALI, TRIFOCALI) ;S;;2022-02-23 00:00:00;
Q0210010203;LENTI OFTALMICHE MINERALI PROGRESSIVE ;S;;2022-02-23 00:00:00;
Q0210010299;LENTI OFTALMICHE MINERALI Â¿ ALTRE ;S;;2022-02-23 00:00:00;
Q021002;MONTATURE SENZA LENTI ;N;;2022-02-23 00:00:00;
Q02100201;MONTATURE SENZA LENTI IN METALLO ;S;;2022-02-23 00:00:00;
Q02100202;MONTATURE SENZA LENTI IN PLASTICA;S;;2022-02-23 00:00:00;
Q02100203;MONTATURE SENZA LENTI IN METALLO E PLASTICA ;S;;2022-02-23 00:00:00;
Q02100299;MONTATURE SENZA LENTI Â¿ ALTRE ;S;;2022-02-23 00:00:00;
Q021003;OCCHIALI PREMONTATI ;N;;2022-02-23 00:00:00;
Q02100301;OCCHIALI PREMONTATI CON LENTI ORGANICHE ;N;;2022-02-23 00:00:00;
Q0210030101;OCCHIALI PREMONTATI CON LENTI ORGANICHE CON MONTATURE IN METALLO ;S;;2022-02-23 00:00:00;
Q0210030102;OCCHIALI PREMONTATI CON LENTI ORGANICHE CON MONTATURE IN PLASTICA ;S;;2022-02-23 00:00:00;
Q0210030103;OCCHIALI PREMONTATI CON LENTI ORGANICHE CON MONTATURE IN METALLO Â¿ PLASTICA ;S;;2022-02-23 00:00:00;
Q0210030199;OCCHIALI PREMONTATI CON LENTI ORGANICHE Â¿ ALTRE ;S;;2022-02-23 00:00:00;
Q02100302;OCCHIALI PREMONTATI CON LENTI MINERALI;N;;2022-02-23 00:00:00;
Q0210030201;OCCHIALI PREMONTATI CON LENTI MINERALI CON MONTATURE IN METALLO ;S;;2022-02-23 00:00:00;
Q0210030202;OCCHIALI PREMONTATI CON LENTI MINERALI CON MONTATURE IN PLASTICA ;S;;2022-02-23 00:00:00;
Q0210030203;OCCHIALI PREMONTATI CON LENTI MINERALI CON MONTATURE IN METALLO Â¿ PLASTICA ;S;;2022-02-23 00:00:00;
Q0210030299;OCCHIALI PREMONTATI CON LENTI MINERALI - ALTRI;S;;2022-02-23 00:00:00;
Q021004;LENTI A CONTATTO ;N;;2022-02-23 00:00:00;
Q02100401;LENTI A CONTATTO - IDROGEL  ;N;;2022-02-23 00:00:00;
Q0210040101;LENTI A CONTATTO - IDROGEL, MONOUSO;N;;2022-02-23 00:00:00;
Q021004010101;LENTI A CONTATTO - IDROGEL, MONOUSO GIORNALIERO;S;;2022-02-23 00:00:00;
Q021004010102;LENTI A CONTATTO - IDROGEL, MONOUSO  PROLUNGATO;S;;2022-02-23 00:00:00;
Q0210040102;LENTI A CONTATTO - IDROGEL, RIUTILIZZABILI;S;;2022-02-23 00:00:00;
Q02100402;LENTI A CONTATTO Â¿ NON IDROGEL;S;;2022-02-23 00:00:00;
Q02100499;LENTI A CONTATTO Â¿ ALTRE;S;;2022-02-23 00:00:00;
Q021099;DISPOSITIVI OTTICI CORRETTIVI - ALTRI;S;;2022-02-23 00:00:00;
Q0211;STRUMENTARIO PER CHIRURGIA OFTALMICA, MONOUSO;N;;2022-02-23 00:00:00;
Q021101;CANNULE PER IRRIGAZIONE E ASPIRAZIONE OCULARE, MONOUSO;S;;2022-02-23 00:00:00;
Q021102;PINZE PER CHIRURGIA OFTALMICA, MONOUSO;S;;2022-02-23 00:00:00;
Q021103;FORBICI PER CHIRURGIA OFTALMICA, MONOUSO;S;;2022-02-23 00:00:00;
Q021104;MANIPOLATORI PER CHIRURGIA OFTALMICA, MONOUSO;S;;2022-02-23 00:00:00;
Q021105;PORTAGHI PER CHIRURGIA OFTALMICA, MONOUSO;S;;2022-02-23 00:00:00;
Q021106;DILATATORI PER CHIRURGIA OFTALMICA, MONOUSO;S;;2022-02-23 00:00:00;
Q021107;RETRATTORI PER CHIRURGIA OFTALMICA, MONOUSO;S;;2022-02-23 00:00:00;
Q021108;SONDE PER CHIRURGIA OFTALMICA, MONOUSO;S;;2022-02-23 00:00:00;
Q021109;SPATOLE PER CHIRURGIA OFTALMICA, MONOUSO;S;;2022-02-23 00:00:00;
Q021110;CUCCHIAI PER CHIRURGIA OFTALMICA, MONOUSO;S;;2022-02-23 00:00:00;
Q021111;STRUMENTARIO PER IMPIANTI OCULARI, MONOUSO;S;;2022-02-23 00:00:00;
Q021112;STRUMENTARIO PER ANNESSI OCULARI, MONOUSO;S;;2022-02-23 00:00:00;
Q021113;KIT DI STRUMENTARIO PER CHIRURGIA OFTALMICA, MONOUSO;S;;2022-02-23 00:00:00;
Q021199;STRUMENTARIO PER CHIRURGIA OFTALMICA, MONOUSO - ALTRO;S;;2022-02-23 00:00:00;
Q0290;DISPOSITIVI PER OFTALMOLOGIA - VARI;N;;2007-02-20 00:00:00;
Q029001;MASCHERINE MONOCULARI RIGIDE;S;;2007-02-20 00:00:00;
Q029002;ELETTRODI PER DIAGNOSTICA OFTALMOLOGICA, MONOUSO;S;;2022-02-23 00:00:00;
Q029003;DISPOSITIVI MECCANICI DI PROTEZIONE CORNEALE;S;;2022-02-23 00:00:00;
Q0299;DISPOSITIVI PER OFTALMOLOGIA - ALTRI (LENTI A CONTATTO VEDI Y210309);S;;2007-02-20 00:00:00;2022-02-22 00:00:00
Q0299;DISPOSITIVI PER OFTALMOLOGIA - ALTRI ;S;;2022-02-23 00:00:00;
Q03;DISPOSITIVI PER OTORINOLARINGOIATRIA;N;;2007-02-20 00:00:00;
Q0301;DISPOSITIVI NASOFARINGEI;N;;2007-02-20 00:00:00;
Q030101;DISPOSITIVI PER LA RIDUZIONE DEI TURBINATI;N;;2007-02-20 00:00:00;
Q03010101;DISPOSITIVI PER LA RIDUZIONE DEI TURBINATI A RADIOFREQUENZA;S;;2007-02-20 00:00:00;
Q03010199;DISPOSITIVI PER LA RIDUZIONE DEI TURBINATI - ALTRI;S;;2007-02-20 00:00:00;
Q030102;DISPOSITIVI PER RONCOPATIA E SINDROMI DELLE APNEE OSTRUTTIVE DEL SONNO;N;;2007-02-20 00:00:00;
Q03010201;DISPOSITIVI PER RONCOPATIA E SINDROMI DELLE APNEE OSTRUTTIVE DEL SONNO A RADIOFREQUENZA;S;;2007-02-20 00:00:00;
Q03010299;DISPOSITIVI PER RONCOPATIA E SINDROMI DELLE APNEE OSTRUTTIVE DEL SONNO - ALTRI;S;;2007-02-20 00:00:00;
Q030103;SOLUZIONI PER IRRIGAZIONE NASALE;S;;2008-06-30 00:00:00;
Q030199;DISPOSITIVI NASOFARINGEI - ALTRI;S;;2007-02-20 00:00:00;
Q0302;DISPOSITIVI PER EPISTASSI;N;;2007-02-20 00:00:00;
Q030201;CATETERI PER EPISTASSI;S;;2007-02-20 00:00:00;
Q030299;DISPOSITIVI PER EPISTASSI - ALTRI;S;;2007-02-20 00:00:00;
Q0303;STRUMENTARIO MONOUSO PER OTORINOLARINGOIATRIA;N;;2007-02-20 00:00:00;2022-02-22 00:00:00
Q0303;STRUMENTARIO PER CHIRURGIA OTORINOLARINGOIATRICA, MONOUSO;N;;2022-02-23 00:00:00;
Q030301;LAME MONOUSO PER OTORINOLARINGOIATRIA;S;;2007-02-20 00:00:00;2022-02-22 00:00:00
Q030301;LAME PER CHIRURGIA OTORINOLARINGOIATRICA, MONOUSO;S;;2022-02-23 00:00:00;
Q030302;FRESE E MANIPOLI MONOUSO PER OTORINOLARINGOIATRIA;S;;2007-02-20 00:00:00;2022-02-22 00:00:00
Q030302;FRESE E MANIPOLI PER CHIRURGIA OTORINOLARINGOIATRICA, MONOUSO;S;;2022-02-23 00:00:00;
Q030303;SPECULI NASALI, MONOUSO;S;;2022-02-23 00:00:00;
Q030304;PINZE PER CHIRURGIA OTORINOLARINGOIATRICA, MONOUSO;S;;2022-02-23 00:00:00;
Q030305;FORBICI PER CHIRURGIA OTORINOLARINGOIATRICA, MONOUSO;S;;2022-02-23 00:00:00;
Q030306;CURETTE PER CHIRURGIA OTORINOLARINGOIATRICA, MONOUSO;S;;2022-02-23 00:00:00;
Q030307;DISSETTORI PER CHIRURGIA OTORINOLARINGOIATRICA, MONOUSO;S;;2022-02-23 00:00:00;
Q030308;DILATATORI PER CHIRURGIA OTORINOLARINGOIATRICA, MONOUSO;S;;2022-02-23 00:00:00;
Q030309;ADENOTOMI, MONOUSO;S;;2022-02-23 00:00:00;
Q030310;UNCINI PER CHIRURGIA OTORINOLARINGOIATRICA, MONOUSO;S;;2022-02-23 00:00:00;
Q030311;RASPE E LIME PER CHIRURGIA OTORINOLARINGOIATRICA, MONOUSO;S;;2022-02-23 00:00:00;
Q030312;SPATOLE PER CHIRURGIA OTORINOLARINGOIATRICA, MONOUSO;S;;2022-02-23 00:00:00;
Q030313;SONDE PER CHIRURGIA OTORINOLARINGOIATRICA, MONOUSO;S;;2022-02-23 00:00:00;
Q030314;CUCCHIAI PER CHIRURGIA OTORINOLARINGOIATRICA, MONOUSO;S;;2022-02-23 00:00:00;
Q030315;MANIPOLATORI PER CHIRURGIA OTORINOLARINGOIATRICA, MONOUSO;S;;2022-02-23 00:00:00;
Q030316;KIT DI STRUMENTARIO PER CHIRURGIA OTORINOLARINGOIATRICA, MONOUSO - NON COMPRESI IN ALTRE CLASSI;S;;2022-02-23 00:00:00;
Q030399;STRUMENTARIO MONOUSO PER OTORINOLARINGOIATRIA - ALTRO;S;;2007-02-20 00:00:00;2022-02-22 00:00:00
Q030399;STRUMENTARIO PER CHIRURGIA OTORINOLARINGOIATRICA, MONOUSO - ALTRO;S;;2022-02-23 00:00:00;
Q0304;DISPOSITIVI PER OTOLOGIA;N;;2007-02-20 00:00:00;
Q030401;DISPOSITIVI PER DRENAGGIO E VENTILAZIONE DELL'ORECCHIO;N;;2007-02-20 00:00:00;
Q03040101;CATETERI E CANNULE PER DRENAGGIO E VENTILAZIONE OTOLOGICA;S;;2007-02-20 00:00:00;
Q03040102;SHUNT ENDOLINFATICI;S;;2007-02-20 00:00:00;
Q03040199;DISPOSITIVI PER DRENAGGIO E VENTILAZIONE DELL'ORECCHIO - ALTRI;S;;2007-02-20 00:00:00;
Q030402;DISPOSITIVI PER IRRIGAZIONE DELL'ORECCHIO;N;;2007-02-20 00:00:00;
Q03040201;CONTAGOCCE PER USO OTOLOGICO;S;;2007-02-20 00:00:00;
Q03040202;KIT PER IRRIGAZIONE DELL'ORECCHIO;S;;2007-02-20 00:00:00;2022-02-23 00:00:00
Q03040299;DISPOSITIVI PER IRRIGAZIONE DELL'ORECCHIO - ALTRI;S;;2007-02-20 00:00:00;
Q030499;DISPOSITIVI PER OTOLOGIA - ALTRI;S;;2007-02-20 00:00:00;
Q0399;DISPOSITIVI PER OTORINOLARINGOIATRIA - ALTRI;S;;2007-02-20 00:00:00;
R;DISPOSITIVI PER APPARATO RESPIRATORIO E ANESTESIA;N;;2007-02-20 00:00:00;
R01;DISPOSITIVI PER INTUBAZIONE;N;;2007-02-20 00:00:00;
R0101;TUBI NASO-OROFARINGEI;N;;2007-02-20 00:00:00;
R010101;TUBI NASOFARINGEI;S;;2007-02-20 00:00:00;
R010102;CANNULE OROFARINGEE DI GUEDEL;S;;2007-02-20 00:00:00;
R010199;TUBI NASO-OROFARINGEI - ALTRI;S;;2008-06-30 00:00:00;
R0102;MASCHERE E TUBI LARINGEI;N;;2007-02-20 00:00:00;
R010201;MASCHERE LARINGEE;N;;2007-02-20 00:00:00;
R01020101;MASCHERE LARINGEE MONOLUME;S;;2007-02-20 00:00:00;
R01020102;MASCHERE LARINGEE BILUME;S;;2007-02-20 00:00:00;
R01020199;MASCHERE LARINGEE - ALTRE;S;;2022-02-23 00:00:00;
R010202;TUBI LARINGEI;S;;2007-02-20 00:00:00;
R010203;KIT LARINGEI (sono compresi solo i Kit certificati CE come tali);S;;2007-02-20 00:00:00;
R010280;MASCHERE E TUBI LARINGEI - ACCESSORI;S;;2007-02-20 00:00:00;
R010299;MASCHERE E TUBI LARINGEI - ALTRI;S;;2008-06-30 00:00:00;
R0103;TUBI ENDOTRACHEALI;N;;2007-02-20 00:00:00;
R010301;TUBI TRACHEALI NON CUFFIATI;N;;2007-02-20 00:00:00;2022-02-22 00:00:00
R010301;TUBI ENDOTRACHEALI NON CUFFIATI;N;;2022-02-23 00:00:00;
R01030101;TUBI TRACHEALI NON CUFFIATI NON ARMATI;S;;2007-02-20 00:00:00;2022-02-22 00:00:00
R01030101;TUBI ENDOTRACHEALI NON CUFFIATI NON ARMATI;S;;2022-02-23 00:00:00;
R01030102;TUBI TRACHEALI NON CUFFIATI ARMATI;S;;2007-02-20 00:00:00;2022-02-22 00:00:00
R01030102;TUBI ENDOTRACHEALI NON CUFFIATI ARMATI;S;;2022-02-23 00:00:00;
R010302;TUBI TRACHEALI CUFFIATI;N;;2007-02-20 00:00:00;2022-02-22 00:00:00
R010302;TUBI ENDOTRACHEALI CUFFIATI;N;;2022-02-23 00:00:00;
R01030201;TUBI TRACHEALI CUFFIATI NON ARMATI;S;;2007-02-20 00:00:00;2022-02-22 00:00:00
R01030201;TUBI ENDOTRACHEALI CUFFIATI NON ARMATI;S;;2022-02-23 00:00:00;
R01030202;TUBI TRACHEALI CUFFIATI ARMATI;S;;2007-02-20 00:00:00;2022-02-22 00:00:00
R01030202;TUBI ENDOTRACHEALI CUFFIATI ARMATI;S;;2022-02-23 00:00:00;
R010380;TUBI ENDOTRACHEALI - ACCESSORI;S;;2007-02-20 00:00:00;2022-02-22 00:00:00
R010380;TUBI ENDOTRACHEALI - ACCESSORI;N;;2022-02-23 00:00:00;
R01038001;SISTEMI DI GONFIAGGIO PER CUFFIE DI TUBI ENDOTRACHEALI;S;;2022-02-23 00:00:00;
R01038099;TUBI ENDOTRACHEALI - ACCESSORI NON COMPRESI IN ALTRE CLASSI;S;;2022-02-23 00:00:00;
R010399;TUBI ENDOTRACHEALI - ALTRI;S;;2022-02-23 00:00:00;
R0104;TUBI ENDOBRONCHIALI;N;;2007-02-20 00:00:00;
R010401;TUBI ENDOBRONCHIALI DESTRI;N;;2007-02-20 00:00:00;
R01040101;TUBI ENDOBRONCHIALI DESTRI MONOLUME;S;;2007-02-20 00:00:00;
R01040102;TUBI ENDOBRONCHIALI DESTRI A DOPPIO LUME;S;;2007-02-20 00:00:00;
R01040103;TUBI ENDOBRONCHIALI DESTRI A DOPPIO LUME PER TRACHEOSTOMIZZATI;S;;2007-02-20 00:00:00;
R01040199;TUBI ENDOBRONCHIALI DESTRI - ALTRI;S;;2008-06-30 00:00:00;
R010402;TUBI ENDOBRONCHIALI SINISTRI;N;;2007-02-20 00:00:00;
R01040201;TUBI ENDOBRONCHIALI SINISTRI MONOLUME;S;;2007-02-20 00:00:00;
R01040202;TUBI ENDOBRONCHIALI SINISTRI A DOPPIO LUME;S;;2007-02-20 00:00:00;
R01040203;TUBI ENDOBRONCHIALI SINISTRI A DOPPIO LUME PER TRACHEOSTOMIZZATI;S;;2007-02-20 00:00:00;
R01040299;TUBI ENDOBRONCHIALI SINISTRI - ALTRI;S;;2008-06-30 00:00:00;
R010480;TUBI ENDOBRONCHIALI - ACCESSORI;S;;2007-02-20 00:00:00;
R010499;TUBI ENDOBRONCHIALI - ALTRI;S;;2022-02-23 00:00:00;
R0105;CANNULE PER TRACHEOSTOMIA E PER LARINGECTOMIA;N;;2007-02-20 00:00:00;
R010501;CANNULE TRACHEOLARINGOSTOMICHE NON CUFFIATE E KIT;N;;2007-02-20 00:00:00;
R01050101;CANNULE TRACHEOSTOMICHE NON CUFFIATE NON ARMATE;S;;2007-02-20 00:00:00;2022-02-22 00:00:00
R01050101;CANNULE TRACHEOSTOMICHE NON CUFFIATE NON ARMATE;N;;2022-02-23 00:00:00;2022-02-23 00:00:00
R01050101;CANNULE TRACHEOSTOMICHE NON CUFFIATE NON ARMATE E KIT;N;;2022-02-23 00:00:00;
R0105010101;CANNULE TRACHEOSTOMICHE NON CUFFIATE NON ARMATE CON FLANGIA FISSA E KIT;S;;2022-02-23 00:00:00;
R0105010102;CANNULE TRACHEOSTOMICHE NON CUFFIATE NON ARMATE CON FLANGIA REGOLABILE E KIT;S;;2022-02-23 00:00:00;
R01050102;CANNULE TRACHEOSTOMICHE NON CUFFIATE ARMATE;S;;2007-02-20 00:00:00;2022-02-22 00:00:00
R01050102;CANNULE TRACHEOSTOMICHE NON CUFFIATE ARMATE E KIT;N;;2022-02-23 00:00:00;
R01050102;CANNULE TRACHEOSTOMICHE NON CUFFIATE ARMATE;N;;2022-02-23 00:00:00;2022-02-23 00:00:00
R0105010201;CANNULE TRACHEOSTOMICHE NON CUFFIATE ARMATE CON FLANGIA FISSA E KIT;S;;2022-02-23 00:00:00;
R0105010202;CANNULE TRACHEOSTOMICHE NON CUFFIATE ARMATE CON FLANGIA REGOLABILE E KIT;S;;2022-02-23 00:00:00;
R010502;CANNULE TRACHEOLARINGOSTOMICHE CUFFIATE E KIT;N;;2007-02-20 00:00:00;
R01050201;CANNULE TRACHEOSTOMICHE CUFFIATE NON ARMATE;S;;2007-02-20 00:00:00;2022-02-22 00:00:00
R01050201;CANNULE TRACHEOSTOMICHE CUFFIATE NON ARMATE;N;;2022-02-23 00:00:00;2022-02-23 00:00:00
R01050201;CANNULE TRACHEOSTOMICHE CUFFIATE NON ARMATE E KIT;N;;2022-02-23 00:00:00;
R0105020101;CANNULE TRACHEOSTOMICHE CUFFIATE NON ARMATE CON FLANGIA FISSA E KIT;S;;2022-02-23 00:00:00;
R0105020102;CANNULE TRACHEOSTOMICHE CUFFIATE NON ARMATE CON FLANGIA REGOLABILE E KIT;S;;2022-02-23 00:00:00;
R01050202;CANNULE TRACHEOSTOMICHE CUFFIATE ARMATE;S;;2007-02-20 00:00:00;2022-02-22 00:00:00
R01050202;CANNULE TRACHEOSTOMICHE CUFFIATE ARMATE;N;;2022-02-23 00:00:00;2022-02-23 00:00:00
R01050202;CANNULE TRACHEOSTOMICHE CUFFIATE ARMATE E KIT;N;;2022-02-23 00:00:00;
R0105020201;CANNULE TRACHEOSTOMICHE CUFFIATE ARMATE CON FLANGIA FISSA E KIT;S;;2022-02-23 00:00:00;
R0105020202;CANNULE TRACHEOSTOMICHE CUFFIATE ARMATE CON FLANGIA REGOLABILE E KIT;S;;2022-02-23 00:00:00;
R010503;CONTROCANNULE;S;;2007-02-20 00:00:00;
R010580;CANNULE PER TRACHEOSTOMIA E PER LARINGECTOMIA - ACCESSORI;S;;2007-02-20 00:00:00;2022-02-22 00:00:00
R010580;CANNULE PER TRACHEOSTOMIA E PER LARINGECTOMIA - ACCESSORI;N;;2022-02-23 00:00:00;
R01058001;SUPPORTI PER CANNULE TRACHEOSTOMICHE;S;;2022-02-23 00:00:00;
R01058002;FILTRI PER TRACHEOSTOMIA;S;;2022-02-23 00:00:00;
R01058099;CANNULE PER TRACHEOSTOMIA E PER LARINGECTOMIA - ACCESSORI VARI;S;;2022-02-23 00:00:00;
R010599;CANNULE PER TRACHEOSTOMIA E PER LARINGECTOMIA - ALTRE;S;;2022-02-23 00:00:00;
R0106;KIT PER TRACHEOSTOMIA PERCUTANEA (sono compresi solo i Kit certificati CE come tali);N;;2007-02-20 00:00:00;
R010601;KIT PER TRACHEOSTOMIA CON METODICA CIAGLIA;S;;2007-02-20 00:00:00;
R010602;KIT PER TRACHEOSTOMIA CON METODICA FANTONI;S;;2007-02-20 00:00:00;
R010603;KIT PER TRACHEOSTOMIA CON METODICA GRIGGS;S;;2007-02-20 00:00:00;
R010604;KIT PER TRACHEOSTOMIA CON METODICA SELDINGER;S;;2007-02-20 00:00:00;
R010699;KIT PER TRACHEOSTOMIA PERCUTANEA - ALTRI;S;;2007-02-20 00:00:00;
R0180;DISPOSITIVI PER INTUBAZIONE - ACCESSORI NON COMPRESI IN ALTRE CLASSI;N;;2022-02-23 00:00:00;
R018001;MANDRINI PER DISPOSITIVI PER INTUBAZIONE;S;;2022-02-23 00:00:00;
R018002;SUPPORTI PER DISPOSITIVI PER INTUBAZIONE;S;;2022-02-23 00:00:00;
R018003;ASSORBITORI PER ANIDRIDE CARBONICA;S;;2022-02-23 00:00:00;
R018004;GUIDE PER DISPOSITIVI PER INTUBAZIONE;S;;2022-02-23 00:00:00;
R018099;DISPOSITIVI PER INTUBAZIONE - ACCESSORI NON COMPRESI IN ALTRE CLASSI ALTRI;S;;2022-02-23 00:00:00;
R0199;DISPOSITIVI PER INTUBAZIONE - ALTRI;S;;2007-02-20 00:00:00;
R02;CIRCUITI RESPIRATORI E CATETERI MOUNT;N;;2007-02-20 00:00:00;
R0201;CIRCUITI RESPIRATORI;N;;2007-02-20 00:00:00;2022-02-22 00:00:00
R0201;CIRCUITI RESPIRATORI E KIT;N;;2022-02-23 00:00:00;
R020101;CIRCUITI RESPIRATORI STANDARD;N;;2007-02-20 00:00:00;
R02010101;CIRCUITI SENZA RACCOGLI CONDENSA;S;;2007-02-20 00:00:00;2022-02-22 00:00:00
R02010101;CIRCUITI RESPIRATORI SENZA RACCOGLI CONDENSA;S;;2022-02-23 00:00:00;
R02010102;CIRCUITI CON RACCOGLI CONDENSA;S;;2007-02-20 00:00:00;2022-02-22 00:00:00
R02010102;CIRCUITI RESPIRATORI CON RACCOGLI CONDENSA;S;;2022-02-23 00:00:00;
R02010199;CIRCUITI RESPIRATORI STANDARD - ALTRI;S;;2008-06-30 00:00:00;
R020102;CIRCUITI RESPIRATORI COASSIALI;S;;2007-02-20 00:00:00;
R020103;CIRCUITI RESPIRATORI COIBENTATI;S;;2007-02-20 00:00:00;
R020104;CIRCUITI PER BiPAP;S;;2007-02-20 00:00:00;2008-06-29 00:00:00
R020104;CIRCUITI PER BiPAP E CPAP;S;;2008-06-30 00:00:00;2022-02-22 00:00:00
R020104;CIRCUITI PER BiPAP E CPAP;N;;2022-02-23 00:00:00;2022-02-23 00:00:00
R020104;CIRCUITI PER CPAP E NIV;N;;2022-02-23 00:00:00;
R02010401;CIRCUITI PER CPAP;S;;2022-02-23 00:00:00;
R02010402;CIRCUITI PER NIV;S;;2022-02-23 00:00:00;
R020105;CIRCUITI PER CPAP;S;;2007-02-20 00:00:00;2008-06-30 00:00:00
R020106;CIRCUITI PER I.P.P.B.;S;;2007-02-20 00:00:00;
R020107;CIRCUITI RESPIRATORI TERMOREGOLATI;S;;2007-02-20 00:00:00;
R020108;CIRCUITI E KIT PER MONITORAGGIO E CAMPIONAMENTO DI GAS RESPIRATORI;S;;2022-02-23 00:00:00;
R020109;CIRCUITI E KIT PER SPIROMETRIA ;S;;2022-02-23 00:00:00;
R020199;CIRCUITI RESPIRATORI - ALTRI;S;;2007-02-20 00:00:00;2022-02-22 00:00:00
R020199;CIRCUITI RESPIRATORI E KIT - ALTRI;S;;2022-02-23 00:00:00;
R0202;CATETERI MOUNT;N;;2007-02-20 00:00:00;
R020201;CATETERI MOUNT FISSI;S;;2007-02-20 00:00:00;
R020202;CATETERI MOUNT GIREVOLI;S;;2007-02-20 00:00:00;
R020299;CATETERI MOUNT- ALTRI;S;;2022-02-23 00:00:00;
R0203;RACCORDI PER ANESTESIA E RIANIMAZIONE;S;;2007-02-20 00:00:00;2022-02-22 00:00:00
R0203;RACCORDI PER ANESTESIA E RIANIMAZIONE;N;;2022-02-23 00:00:00;
R020301;TUBI DI CONNESSIONE PER CIRCUITI RESPIRATORI;S;;2022-02-23 00:00:00;
R020302;ADATTATORI E CONNETTORI PER CIRCUITI RESPIRATORI;S;;2022-02-23 00:00:00;
R020399;RACCORDI PER ANESTESIA E RIANIMAZIONE - ALTRI;S;;2022-02-23 00:00:00;
R0280;CIRCUITI RESPIRATORI E CATETERI MOUNT - ACCESSORI;S;;2007-02-20 00:00:00;2022-02-22 00:00:00
R0280;CIRCUITI RESPIRATORI E CATETERI MOUNT - ACCESSORI;N;;2022-02-23 00:00:00;
R028001;VALVOLE PER CIRCUITI RESPIRATORI;S;;2022-02-23 00:00:00;
R028002;SUPPORTI PER CIRCUITI RESPIRATORI;S;;2022-02-23 00:00:00;
R028003;TRAPPOLE PER ACQUA PER CIRCUITI RESPIRATORI;S;;2022-02-23 00:00:00;
R028099;CIRCUITI RESPIRATORI E CATETERI MOUNT - ACCESSORI NON COMPRESI IN ALTRE CLASSI;S;;2022-02-23 00:00:00;
R03;MASCHERE E PALLONI RESPIRATORI MONOUSO E PLURIUSO;N;;2007-02-20 00:00:00;2022-02-22 00:00:00
R03;MASCHERE E PALLONI RESPIRATORI MONOUSO E RIUTILIZZABILI;N;;2022-02-23 00:00:00;
R0301;MASCHERE RESPIRATORIE;N;;2007-02-20 00:00:00;
R030101;MASCHERE PER VENTILAZIONE ARTIFICIALE;N;;2007-02-20 00:00:00;
R03010101;MASCHERE PER ANESTESIA;S;;2007-02-20 00:00:00;
R03010102;MASCHERE PER BiPAP;S;;2007-02-20 00:00:00;2008-06-29 00:00:00
R03010102;MASCHERE PER BiPAP E CPAP;S;;2008-06-30 00:00:00;2022-02-22 00:00:00
R03010102;MASCHERE PER BiPAP E CPAP;N;;2022-02-23 00:00:00;2022-02-23 00:00:00
R03010102;MASCHERE PER CPAP E NIV;N;;2022-02-23 00:00:00;
R0301010201;MASCHERE PER CPAP;S;;2022-02-23 00:00:00;
R0301010202;MASCHERE PER NIV;S;;2022-02-23 00:00:00;
R03010103;MASCHERE PER CPAP;S;;2007-02-20 00:00:00;2008-06-30 00:00:00
R03010104;SCAFANDRI PER CPAP E NIV;S;;2007-02-20 00:00:00;2022-02-22 00:00:00
R03010104;CASCHI E KIT PER CPAP E NIV;N;;2022-02-23 00:00:00;
R03010104;SCAFANDRI PER CPAP E NIV;N;;2022-02-23 00:00:00;2022-02-23 00:00:00
R0301010401;CASCHI E KIT PER CPAP;S;;2022-02-23 00:00:00;
R0301010402;CASCHI E KIT PER NIV;S;;2022-02-23 00:00:00;
R03010105;MASCHERE PER VENTILAZIONE NON INVASIVA;S;;2007-02-20 00:00:00;2022-02-23 00:00:00
R03010180;MASCHERE PER VENTILAZIONE ARTIFICIALE - ACCESSORI;S;;2022-02-23 00:00:00;
R03010199;MASCHERE PER VENTILAZIONE ARTIFICIALE - ALTRE;S;;2007-02-20 00:00:00;
R030102;MASCHERE E CANNULE NASALI PER OSSIGENOTERAPIA;N;;2007-02-20 00:00:00;
R03010201;MASCHERE PER OSSIGENOTERAPIA;S;;2007-02-20 00:00:00;
R03010202;MASCHERE TIPO VENTURI;S;;2007-02-20 00:00:00;
R03010203;CANNULE NASALI PER OSSIGENOTERAPIA (OCCHIALINI);S;;2007-02-20 00:00:00;2022-02-22 00:00:00
R03010203;CANNULE NASALI PER OSSIGENOTERAPIA;N;;2022-02-23 00:00:00;
R03010203;CANNULE NASALI PER OSSIGENOTERAPIA (OCCHIALINI);N;;2022-02-23 00:00:00;2022-02-23 00:00:00
R0301020301;CANNULE NASALI STANDARD PER OSSIGENOTERAPIA (OCCHIALINI);S;;2022-02-23 00:00:00;
R0301020302;CANNULE NASALI PER TERAPIA AD ALTI FLUSSI (HFNC);S;;2022-02-23 00:00:00;
R03010204;TUBI DI CONNESSIONE PER OSSIGENOTERAPIA;S;;2007-02-20 00:00:00;
R03010205;EROGATORI DI O2 PER TRACHEOSTOMIA;S;;2022-02-23 00:00:00;
R03010206;MASCHERE CON RESERVOIR;S;;2022-02-23 00:00:00;
R03010207;KIT PER OSSIGENOTERAPIA;S;;2022-02-23 00:00:00;
R03010280;MASCHERE E CANNULE NASALI PER OSSIGENOTERAPIA - ACCESSORI;S;;2022-02-23 00:00:00;
R03010299;MASCHERE E CANNULE NASALI PER OSSIGENOTERAPIA - ALTRE;S;;2022-02-23 00:00:00;
R030103;MASCHERE E SISTEMI PER AEROSOLTERAPIA;N;;2007-02-20 00:00:00;
R03010301;MASCHERE PER AEROSOLTERAPIA;S;;2007-02-20 00:00:00;
R03010302;INALATORI PORTATILI PER AEROSOLTERAPIA;S;;2007-02-20 00:00:00;
R03010303;TUBI PER AEROSOLTERAPIA;S;;2007-02-20 00:00:00;
R03010304;KIT PER AEROSOLTERAPIA;S;;2022-02-23 00:00:00;
R03010380;SISTEMI PER AEROSOLTERAPIA - ACCESSORI;S;;2007-02-20 00:00:00;
R03010399;SISTEMI PER AEROSOLTERAPIA - ALTRI;S;;2007-02-20 00:00:00;
R030180;MASCHERE RESPIRATORIE - ACCESSORI ALTRI;S;;2007-02-20 00:00:00;2022-02-22 00:00:00
R030180;MASCHERE RESPIRATORIE - ACCESSORI NON COMPRESI IN ALTRE CLASSI;S;;2022-02-23 00:00:00;
R030199;MASCHERE RESPIRATORIE - ALTRE;S;;2007-02-20 00:00:00;
R0302;PALLONI RESPIRATORI;N;;2007-02-20 00:00:00;
R030201;PALLONI PER VENTILAZIONE ARTIFICIALE;N;;2007-02-20 00:00:00;
R03020101;PALLONI PER ANESTESIA;S;;2007-02-20 00:00:00;
R03020102;PALLONI PER CPAP;S;;2007-02-20 00:00:00;
R03020199;PALLONI PER VENTILAZIONE ARTIFICIALE - ALTRI;S;;2008-06-30 00:00:00;
R030202;PALLONI PER VENTILAZIONE MANUALE;N;;2007-02-20 00:00:00;
R03020201;UNITA' RESPIRATORIE MANUALI;S;;2007-02-20 00:00:00;
R03020202;PALLONI DI RICAMBIO PER AMBU;S;;2007-02-20 00:00:00;
R030280;PALLONI RESPIRATORI - ACCESSORI;S;;2022-02-23 00:00:00;
R030299;PALLONI RESPIRATORI - ALTRI;S;;2007-02-20 00:00:00;
R04;FILTRI RESPIRATORI;N;;2007-02-20 00:00:00;
R0401;FILTRI PER VENTILAZIONE ARTIFICIALE;N;;2007-02-20 00:00:00;
R040101;FILTRI RESPIRATORI ANTIBATTERICI E ANTIVIRALI;S;;2007-02-20 00:00:00;
R040102;FILTRI RESPIRATORI ANTIBATTERICI E ANTIVIRALI UMIDIFICATORI;S;;2007-02-20 00:00:00;
R040199;FILTRI PER VENTILAZIONE ARTIFICIALE - ALTRI;S;;2007-02-20 00:00:00;
R0402;FILTRI PER RESPIRAZIONE SPONTANEA;N;;2007-02-20 00:00:00;
R040201;UMIDIFICATORI PER TRACHEOSTOMIA;S;;2007-02-20 00:00:00;
R040299;FILTRI PER RESPIRAZIONE SPONTANEA - ALTRI;S;;2007-02-20 00:00:00;
R0490;FILTRI RESPIRATORI - VARI;N;;2007-02-20 00:00:00;
R049001;FILTRI PER ESAMI DI FUNZIONALITA' POLMONARE;S;;2007-02-20 00:00:00;
R0499;FILTRI RESPIRATORI - ALTRI;S;;2007-02-20 00:00:00;
R05;SISTEMI DI ASPIRAZIONE E DILATAZIONE PER L'APPARATO RESPIRATORIO;N;;2007-02-20 00:00:00;
R0501;SONDE E SISTEMI PER ASPIRAZIONE DELL'APPARATO RESPIRATORIO;N;;2007-02-20 00:00:00;
R050101;SONDE PER ASPIRAZIONE DELL'APPARATO RESPIRATORIO;N;;2007-02-20 00:00:00;
R05010101;SONDE PER ASPIRAZIONE DELL'APPARATO RESPIRATORIO SENZA FORO DI CONTROLLO;S;;2007-02-20 00:00:00;
R05010102;SONDE PER ASPIRAZIONE DELL'APPARATO RESPIRATORIO CON FORO DI CONTROLLO;S;;2007-02-20 00:00:00;
R050102;SISTEMI PER ASPIRAZIONE E LAVAGGIO RESPIRATORI A CIRCUITO CHIUSO (NON ENDOSCOPICI);S;;2007-02-20 00:00:00;
R050103;ASPIRATORI DI MUCOSITA';N;;2007-02-20 00:00:00;
R05010301;ASPIRATORI DI MUCOSITA' MONOCAMERA;S;;2007-02-20 00:00:00;
R05010302;ASPIRATORI DI MUCOSITA' A DOPPIA CAMERA;S;;2007-02-20 00:00:00;
R05010399;ASPIRATORI DI MUCOSITA' - ALTRI;S;;2022-02-23 00:00:00;
R0502;SISTEMI PER DILATAZIONE DELLE VIE RESPIRATORIE;N;;2007-02-20 00:00:00;
R050201;CATETERI PER DILATAZIONE BRONCHIALE;S;;2007-02-20 00:00:00;
R050280;SISTEMI PER DILATAZIONE DELLE VIE RESPIRATORIE - ACCESSORI;S;;2022-02-23 00:00:00;
R050299;SISTEMI PER DILATAZIONE DELLE VIE RESPIRATORIE - ALTRI;S;;2007-02-20 00:00:00;
R0580;SISTEMI DI ASPIRAZIONE E DILATAZIONE PER L'APPARATO RESPIRATORIO - ACCESSORI;S;;2007-02-20 00:00:00;2022-02-22 00:00:00
R0580;SISTEMI DI ASPIRAZIONE E DILATAZIONE PER L'APPARATO RESPIRATORIO - ACCESSORI NON COMPRESI IN ALTRE CLASSI;S;;2022-02-23 00:00:00;
R0599;SISTEMI DI ASPIRAZIONE E DILATAZIONE PER L'APPARATO RESPIRATORIO - ALTRI;S;;2007-02-20 00:00:00;
R06;SISTEMI DI NEBULIZZAZIONE ED UMIDIFICAZIONE (esclusi i DM compresi nella cat.Y0303);N;;2007-02-20 00:00:00;2022-02-22 00:00:00
R06;SISTEMI DI NEBULIZZAZIONE ED UMIDIFICAZIONE;N;;2022-02-23 00:00:00;
R0601;SISTEMI DI NEBULIZZAZIONE;N;;2007-02-20 00:00:00;
R060101;SISTEMI DI NEBULIZZAZIONE A FREDDO;S;;2007-02-20 00:00:00;
R060102;SISTEMI DI NEBULIZZAZIONE A CALDO;S;;2007-02-20 00:00:00;
R0602;SISTEMI DI UMIDIFICAZIONE;N;;2007-02-20 00:00:00;
R060201;SISTEMI DI UMIDIFICAZIONE PER VENTILAZIONE ATTIVA;S;;2007-02-20 00:00:00;
R060202;SISTEMI DI UMIDIFICAZIONE PER OSSIGENOTERAPIA;S;;2007-02-20 00:00:00;
R060203;LIQUIDI PER UMIDIFICAZIONE IN TERAPIA INALATORIA;S;;2022-02-23 00:00:00;
R060280;SISTEMI DI UMIDIFICAZIONE - ACCESSORI;S;;2022-02-23 00:00:00;
R060299;SISTEMI DI UMIDIFICAZIONE - ALTRI;S;;2022-02-23 00:00:00;
R0680;SISTEMI DI NEBULIZZAZIONE ED UMIDIFICAZIONE - ACCESSORI;S;;2007-02-20 00:00:00;2022-02-22 00:00:00
R0680;SISTEMI DI NEBULIZZAZIONE ED UMIDIFICAZIONE - ACCESSORI NON COMPRESI IN ALTRE CLASSI;S;;2022-02-23 00:00:00;
R0699;SISTEMI DI NEBULIZZAZIONE ED UMIDIFICAZIONE - ALTRI;S;;2007-02-20 00:00:00;
R07;DISPOSITIVI PER ENDOSCOPIA BRONCOPOLMONARE;N;;2007-02-20 00:00:00;2022-02-22 00:00:00
R07;DISPOSITIVI PER ENDOSCOPIA BRONCOPOLMONARE, MONOUSO;N;;2022-02-23 00:00:00;
R0701;SONDE PER ENDOSCOPIA BRONCOPOLMONARE;N;;2007-02-20 00:00:00;2022-02-22 00:00:00
R0701;SONDE PER ENDOSCOPIA BRONCOPOLMONARE, MONOUSO;N;;2022-02-23 00:00:00;
R070101;SONDE PER BRONCOSCOPIA;S;;2007-02-20 00:00:00;2022-02-22 00:00:00
R070101;SONDE PER BRONCOSCOPIA, MONOUSO;S;;2022-02-23 00:00:00;
R070102;SONDE PER EMOSTASI DELL'APPARATO RESPIRATORIO;S;;2007-02-20 00:00:00;2022-02-22 00:00:00
R070102;SONDE PER EMOSTASI ENDOSCOPICA DELL'APPARATO RESPIRATORIO, MONOUSO;S;;2022-02-23 00:00:00;
R070103;SONDE PER ASPIRAZIONE E LAVAGGIO BRONCHIALE;S;;2007-02-20 00:00:00;2022-02-22 00:00:00
R070103;SONDE PER ASPIRAZIONE E LAVAGGIO BRONCHIALE, MONOUSO;S;;2022-02-23 00:00:00;
R070180;SONDE PER ENDOSCOPIA BRONCOPOLMONARE - ACCESSORI;S;;2007-02-20 00:00:00;2022-02-22 00:00:00
R070180;SONDE PER ENDOSCOPIA BRONCOPOLMONARE, MONOUSO - ACCESSORI;S;;2022-02-23 00:00:00;
R070199;SONDE PER ENDOSCOPIA BRONCOPOLMONARE - ALTRE;S;;2007-02-20 00:00:00;2022-02-22 00:00:00
R070199;SONDE PER ENDOSCOPIA BRONCOPOLMONARE, MONOUSO - ALTRE;S;;2022-02-23 00:00:00;
R0702;STRUMENTARIO PER ENDOSCOPIA BRONCOPOLMONARE;N;;2007-02-20 00:00:00;2022-02-22 00:00:00
R0702;STRUMENTARIO PER CHIRURGIA BRONCOSCOPICA, MONOUSO;N;;2022-02-23 00:00:00;
R070201;PINZE PER ENDOSCOPIA BRONCOPOLMONARE;N;;2007-02-20 00:00:00;2022-02-22 00:00:00
R070201;PINZE PER CHIRURGIA BRONCOSCOPICA, MONOUSO;N;;2022-02-23 00:00:00;
R07020101;PINZE BIOPTICHE PER ENDOSCOPIA BRONCOPOLMONARE;N;;2007-02-20 00:00:00;2022-02-22 00:00:00
R07020101;PINZE BIOPTICHE PER CHIRURGIA BRONCOSCOPICA, MONOUSO;N;;2022-02-23 00:00:00;
R0702010101;PINZE BIOPTICHE A FREDDO PER ENDOSCOPIA BRONCOPOLMONARE;S;;2007-02-20 00:00:00;2022-02-22 00:00:00
R0702010101;PINZE BIOPTICHE A FREDDO PER CHIRURGIA BRONCOSCOPICA, MONOUSO;S;;2022-02-23 00:00:00;
R0702010102;PINZE BIOPTICHE A CALDO PER ENDOSCOPIA BRONCOPOLMONARE;S;;2007-02-20 00:00:00;2022-02-22 00:00:00
R0702010102;PINZE BIOPTICHE A CALDO PER CHIRURGIA BRONCOSCOPICA, MONOUSO;S;;2022-02-23 00:00:00;
R07020102;PINZE DA ESTRAZIONE PER ENDOSCOPIA BRONCOPOLMONARE;S;;2007-02-20 00:00:00;2022-02-22 00:00:00
R07020102;PINZE DA ESTRAZIONE PER CHIRURGIA BRONCOSCOPICA, MONOUSO;S;;2022-02-23 00:00:00;
R07020199;PINZE PER ENDOSCOPIA BRONCOPOLMONARE - ALTRE;S;;2007-02-20 00:00:00;2022-02-22 00:00:00
R07020199;PINZE PER CHIRURGIA BRONCOSCOPICA, MONOUSO - ALTRE;S;;2022-02-23 00:00:00;
R070203;SPAZZOLINI PER ENDOSCOPIA BRONCOPOLMONARE;N;;2007-02-20 00:00:00;2022-02-22 00:00:00
R070203;SPAZZOLINI PER ENDOSCOPIA BRONCOPOLMONARE, MONOUSO;N;;2022-02-23 00:00:00;
R07020301;SPAZZOLINI PER CITOLOGIA BRONCOPOLMONARE;S;;2007-02-20 00:00:00;2022-02-22 00:00:00
R07020301;SPAZZOLINI PER CITOLOGIA BRONCOPOLMONARE, MONOUSO;S;;2022-02-23 00:00:00;
R07020302;SPAZZOLINI PER PULIZIA DI OTTICHE BRONCOSCOPICHE;S;;2007-02-20 00:00:00;2022-02-23 00:00:00
R070204;DISSETTORI PER CHIRURGIA BRONCOSCOPICA, MONOUSO;S;;2022-02-23 00:00:00;
R070205;FORBICI PER CHIRURGIA BRONCOSCOPICA, MONOUSO;S;;2022-02-23 00:00:00;
R070206;CURETTE PER CHIRURGIA BRONCOSCOPICA, MONOUSO;S;;2022-02-23 00:00:00;
R070207;CANNULE PER CHIRURGIA BRONCOSCOPICA, MONOUSO;S;;2022-02-23 00:00:00;
R070208;KIT PER CHIRURGIA BRONCOSCOPICA, MONOUSO;S;;2022-02-23 00:00:00;
R070280;STRUMENTARIO PER CHIRURGIA BRONCOSCOPICA, MONOUSO - ACCESSORI;S;;2022-02-23 00:00:00;
R070299;STRUMENTARIO PER ENDOSCOPIA BRONCOPOLMONARE - ALTRO;S;;2007-02-20 00:00:00;2022-02-22 00:00:00
R070299;STRUMENTARIO PER CHIRURGIA BRONCOSCOPICA, MONOUSO - ALTRO;S;;2022-02-23 00:00:00;
R0799;DISPOSITIVI PER ENDOSCOPIA BRONCOPOLMONARE - ALTRI;S;;2007-02-20 00:00:00;2022-02-22 00:00:00
R0799;DISPOSITIVI PER ENDOSCOPIA BRONCOPOLMONARE, MONOUSO - ALTRI;S;;2022-02-23 00:00:00;
R90;DISPOSITIVI PER APPARATO RESPIRATORIO E ANESTESIA - VARI;N;;2007-02-20 00:00:00;
R9001;BOCCAGLI PER APPARATO RESPIRATORIO;S;;2007-02-20 00:00:00;
R9002;LAME MONOUSO PER LARINGOSCOPIO;S;;2007-02-20 00:00:00;
R9003;STRUMENTARIO PER CHIRURGIA DELL'APPARATO RESPIRATORIO, MONOUSO;N;;2022-02-23 00:00:00;
R900301;PINZE PER CHIRURGIA DELL'APPARATO RESPIRATORIO, MONOUSO;S;;2022-02-23 00:00:00;
R900302;DILATATORI PER CHIRURGIA DELL'APPARATO RESPIRATORIO, MONOUSO;S;;2022-02-23 00:00:00;
R900399;STRUMENTARIO PER CHIRURGIA DELL'APPARATO RESPIRATORIO, MONOUSO - ALTRO;S;;2022-02-23 00:00:00;
R9004;DISPOSITIVI PER TALCAGGIO PLEURICO;S;;2022-02-23 00:00:00;
R9005;VALVOLE ENDOBRONCHIALI E SISTEMI DI RILASCIO;S;;2022-02-23 00:00:00;
R9006;VALVOLE FONATORIE ;N;;2022-02-23 00:00:00;
R900601;VALVOLE FONATORIE PER CANNULA TRACHEOSTOMICA;S;;2022-02-23 00:00:00;
R900602;VALVOLE FONATORIE PER TRACHEOSTOMIA ;S;;2022-02-23 00:00:00;
R900680;VALVOLE FONATORIE Â¿ ACCESSORI;S;;2022-02-23 00:00:00;
R9007;DISPOSITIVI PER ESAMI DI FUNZIONALITA' POLMONARE, MONOUSO - NON COMPRESI IN ALTRE CLASSI;S;;2022-02-23 00:00:00;
R9008;SOSTANZE ATTIVE SULL'APPARATO RESPIRATORIO;S;;2022-02-23 00:00:00;
R9009;AUSILI PER LA TERAPIA RESPIRATORIA;N;;2022-02-23 00:00:00;
R900901;INALATORI ;S;;2022-02-23 00:00:00;
R900902;INCENTIVATORI DEL FLUSSO INSPIRATORIO ED ESPIRATORIO/ALLENATORI DEI MUSCOLI RESPIRATORI ;S;;2022-02-23 00:00:00;
R9080;DISPOSITIVI PER APPARATO RESPIRATORIO E ANESTESIA - ACCESSORI NON COMPRESI IN ALTRE CLASSI;S;;2022-02-23 00:00:00;
R9099;DISPOSITIVI PER APPARATO RESPIRATORIO E ANESTESIA - ALTRI;S;;2007-02-20 00:00:00;
S;PRODOTTI PER STERILIZZAZIONE;N;;2007-02-20 00:00:00;2022-02-22 00:00:00
S;"""DISPOSITIVI PER STERILIZZAZIONE (ESCLUSI DM CAT. D - Z)  """;N;;2022-02-23 00:00:00;
S01;MATERIALI PER IL CONFEZIONAMENTO IN STERILIZZAZIONE;N;;2007-02-20 00:00:00;2022-02-22 00:00:00
S01;"""DISPOSITIVI PER CONFEZIONAMENTO E STERILIZZAZIONE (ESCLUSI DM CAT. D - Z)""";N;;2022-02-23 00:00:00;
S0101;BUSTE PER STERILIZZAZIONE;N;;2007-02-20 00:00:00;
S010101;BUSTE IN ACCOPPIATO CARTA/FILM PLASTICO PER STERILIZZAZIONE;N;;2007-02-20 00:00:00;
S01010101;BUSTE PIATTE IN ACCOPPIATO CARTA/FILM PLASTICO PER STERILIZZAZIONE;S;;2007-02-20 00:00:00;
S01010102;BUSTE CON SOFFIETTO IN ACCOPPIATO CARTA/FILM PLASTICO PER STERILIZZAZIONE;S;;2007-02-20 00:00:00;
S010102;BUSTE IN ACCOPPIATO TYVEK/FILM PLASTICO PER STERILIZZAZIONE;N;;2007-02-20 00:00:00;
S01010201;BUSTE PIATTE IN ACCOPPIATO TYVEK/FILM PLASTICO PER STERILIZZAZIONE;S;;2007-02-20 00:00:00;
S010103;BUSTE IN POLIETILENE PER STERILIZZAZIONE;N;;2007-02-20 00:00:00;
S01010301;BUSTE PIATTE IN POLIETILENE PER STERILIZZAZIONE;S;;2007-02-20 00:00:00;
S010199;BUSTE PER STERILIZZAZIONE - ALTRE;S;;2007-02-20 00:00:00;
S0102;ROTOLI PER STERILIZZAZIONE;N;;2007-02-20 00:00:00;
S010201;ROTOLI IN ACCOPPIATO CARTA/FILM PLASTICO PER STERILIZZAZIONE;N;;2007-02-20 00:00:00;
S01020101;ROTOLI PIATTI IN ACCOPPIATO CARTA/FILM PLASTICO PER STERILIZZAZIONE;S;;2007-02-20 00:00:00;
S01020102;ROTOLI CON SOFFIETTO IN ACCOPPIATO CARTA/FILM PLASTICO PER STERILIZZAZIONE;S;;2007-02-20 00:00:00;
S010202;ROTOLI IN ACCOPPIATO TYVEK/FILM PLASTICO PER STERILIZZAZIONE;N;;2007-02-20 00:00:00;
S01020201;ROTOLI PIATTI IN ACCOPPIATO TYVEK/FILM PLASTICO PER STERILIZZAZIONE;S;;2007-02-20 00:00:00;
S010203;ROTOLI IN POLIETILENE PER STERILIZZAZIONE;N;;2007-02-20 00:00:00;
S01020301;ROTOLI PIATTI IN POLIETILENE PER STERILIZZAZIONE;S;;2007-02-20 00:00:00;
S010299;ROTOLI PER STERILIZZAZIONE - ALTRI;S;;2007-02-20 00:00:00;
S0103;DISPOSITIVI PER CONFEZIONAMENTO PACCHI DA STERILIZZARE;N;;2007-02-20 00:00:00;2022-02-22 00:00:00
S0103;MATERIALI PER CONFEZIONAMENTO PACCHI DA STERILIZZARE;N;;2022-02-23 00:00:00;
S010301;CARTA CRESPATA MEDICALE PER STERILIZZAZIONE;S;;2007-02-20 00:00:00;
S010302;TESSUTO NON TESSUTO PER STERILIZZAZIONE;S;;2007-02-20 00:00:00;
S010303;NASTRO ADESIVO PER CHIUSURA PACCHI DA STERILIZZARE;S;;2007-02-20 00:00:00;2008-06-30 00:00:00
S010399;DISPOSITIVI PER CONFEZIONAMENTO PACCHI DA STERILIZZARE - ALTRI;S;;2007-02-20 00:00:00;2022-02-22 00:00:00
S010399;MATERIALI PER CONFEZIONAMENTO PACCHI DA STERILIZZARE - ALTRI;S;;2022-02-23 00:00:00;
S0104;CONTENITORI PER STERILIZZAZIONE;N;;2022-02-23 00:00:00;
S010401;VASSOI, CESTELLI, VASCHETTE PER STERILIZZAZIONE E LORO COMPONENTI;S;;2022-02-23 00:00:00;
S010402;FILTRI PER CONTENITORI PER STERILIZZAZIONE;S;;2022-02-23 00:00:00;
S010499;CONTENITORI PER STERILIZZAZIONE - ALTRI;S;;2022-02-23 00:00:00;
S0199;MATERIALI PER IL CONFEZIONAMENTO IN STERILIZZAZIONE - ALTRI;S;;2007-02-20 00:00:00;2022-02-22 00:00:00
S0199;"""DISPOSITIVI PER CONFEZIONAMENTO E STERILIZZAZIONE (ESCLUSI DM CAT. D - Z) - ALTRI""";S;;2022-02-23 00:00:00;
S90;PRODOTTI PER STERILIZZAZIONE - VARI;N;;2007-02-20 00:00:00;2022-02-22 00:00:00
S90;"""DISPOSITIVI PER STERILIZZAZIONE (ESCLUSI DM CAT. D - Z) - VARI""";N;;2022-02-23 00:00:00;
S9001;PRODOTTI PER STERILIZZAZIONE A GAS PLASMA;N;;2007-02-20 00:00:00;2022-02-22 00:00:00
S9001;DISPOSITIVI PER STERILIZZAZIONE A GAS PLASMA (ESCLUSI DM CAT. D - Z)   ;N;;2022-02-23 00:00:00;
S900101;CASSETTE DI PEROSSIDO DI IDROGENO;S;;2007-02-20 00:00:00;
S900102;DIFFUSORI DI PEROSSIDO DI IDROGENO;S;;2007-02-20 00:00:00;
S900103;ADATTATORI PER DIFFUSORI;S;;2007-02-20 00:00:00;
S900199;PRODOTTI PER STERILIZZAZIONE A GAS PLASMA - ALTRI;S;;2007-02-20 00:00:00;2022-02-22 00:00:00
S900199;DISPOSITIVI PER STERILIZZAZIONE A GAS PLASMA (ESCLUSI DM CAT. D - Z) - ALTRI;S;;2022-02-23 00:00:00;
S9002;PRODOTTI PER STERILIZZAZIONE CON ACIDO PERACETICO;S;;2007-02-20 00:00:00;2022-02-22 00:00:00
S9002;"""DISPOSITIVI PER STERILIZZAZIONE CON ACIDO PERACETICO (ESCLUSI DM CAT. D - Z)   """;S;;2022-02-23 00:00:00;
S9003;PRODOTTI PER STERILIZZAZIONE CON OSSIDO DI ETILENE;S;;2007-02-20 00:00:00;2022-02-22 00:00:00
S9003;DISPOSITIVI PER STERILIZZAZIONE CON OSSIDO DI ETILENE (ESCLUSI DM CAT. D - Z)   ;S;;2022-02-23 00:00:00;
S9004;INDICATORI DI CONTROLLO (NON BIOLOGICO) PER STERILIZZAZIONE;S;;2007-02-20 00:00:00;2008-06-30 00:00:00
S9080;PRODOTTI PER STERILIZZAZIONE - ACCESSORI;S;;2007-02-20 00:00:00;2022-02-22 00:00:00
S9080;DISPOSITIVI PER STERILIZZAZIONE (ESCLUSI DM CAT. D - Z) Â¿ ACCESSORI ;S;;2022-02-23 00:00:00;
S9099;PRODOTTI PER STERILIZZAZIONE - ALTRI;S;;2007-02-20 00:00:00;2022-02-22 00:00:00
S9099;DISPOSITIVI PER STERILIZZAZIONE (ESCLUSI DM CAT. D - Z) - ALTRI;S;;2022-02-23 00:00:00;
T;DISPOSITIVI DI PROTEZIONE E AUSILI PER INCONTINENZA (D. Lgs. 46/97);N;;2007-02-20 00:00:00;2022-02-22 00:00:00
T;DISPOSITIVI DI PROTEZIONE DEL PAZIENTE E AUSILI PER INCONTINENZA (ESCLUSI I DISPOSITIVI DI PROTEZIONE INDIVIDUALE DPI) ;N;;2022-02-23 00:00:00;
T01;GUANTI (ESCLUSI I DISPOSITIVI DI PROTEZIONE INDIVIDUALE DPI - D.Lgs. 475/92);N;;2007-02-20 00:00:00;2022-02-22 00:00:00
T01;GUANTI (ESCLUSI I DISPOSITIVI DI PROTEZIONE INDIVIDUALE DPI);N;;2022-02-23 00:00:00;
T0101;GUANTI CHIRURGICI;N;;2007-02-20 00:00:00;
T010101;GUANTI CHIRURGICI IN LATTICE;N;;2007-02-20 00:00:00;
T01010101;GUANTI CHIRURGICI IN LATTICE CON POLVERE LUBRIFICANTE;S;;2007-02-20 00:00:00;
T01010102;GUANTI CHIRURGICI IN LATTICE DEPOLVERATI;S;;2007-02-20 00:00:00;
T010102;GUANTI CHIRURGICI SINTETICI;S;;2007-02-20 00:00:00;2018-06-25 00:00:00
T010102;GUANTI CHIRURGICI SINTETICI;N;;2018-06-26 00:00:00;
T01010201;GUANTI CHIRURGICI IN POLICLOROPRENE;S;;2018-06-26 00:00:00;
T01010202;GUANTI CHIRURGICI IN NITRILE;S;;2018-06-26 00:00:00;
T01010203;GUANTI CHIRURGICI IN POLIISOPRENE;S;;2018-06-26 00:00:00;
T01010299;GUANTI CHIRURGICI SINTETICI - ALTRI;S;;2018-06-26 00:00:00;
T010199;GUANTI CHIRURGICI - ALTRI;S;;2007-02-20 00:00:00;
T0102;GUANTI NON CHIRURGICI;N;;2007-02-20 00:00:00;
T010201;GUANTI NON CHIRURGICI IN LATTICE;S;;2007-02-20 00:00:00;
T010202;GUANTI NON CHIRURGICI SINTETICI;N;;2007-02-20 00:00:00;
T01020201;GUANTI NON CHIRURGICI IN VINILE;S;;2007-02-20 00:00:00;
T01020202;GUANTI NON CHIRURGICI IN POLIETILENE;S;;2007-02-20 00:00:00;
T01020203;GUANTI NON CHIRURGICI IN NEOPRENE;S;;2007-02-20 00:00:00;2018-06-25 00:00:00
T01020203;GUANTI NON CHIRURGICI IN POLICLOROPRENE;S;;2018-06-26 00:00:00;
T01020204;GUANTI NON CHIRURGICI IN NITRILE;S;;2016-11-15 00:00:00;
T01020299;GUANTI NON CHIRURGICI SINTETICI - ALTRI;S;;2007-02-20 00:00:00;
T010299;GUANTI NON CHIRURGICI - ALTRI;S;;2007-02-20 00:00:00;
T0199;GUANTI - ALTRI;S;;2007-02-20 00:00:00;
T02;TELI, SET E CAMICI;N;;2007-02-20 00:00:00;2008-06-29 00:00:00
T02;TELI ED INDUMENTI DI PROTEZIONE;N;;2008-06-30 00:00:00;2022-02-22 00:00:00
T02;"""TELI ED INDUMENTI DI PROTEZIONE (ESCLUSI I DISPOSITIVI DI PROTEZIONE INDIVIDUALE DPI) """;N;;2022-02-23 00:00:00;
T0201;TELI CHIRURGICI;N;;2007-02-20 00:00:00;
T020101;TELI DA INCISIONE;N;;2007-02-20 00:00:00;
T02010101;TELI DA INCISIONE SENZA ANTIBATTERICO;S;;2007-02-20 00:00:00;
T02010102;TELI DA INCISIONE CON ANTIBATTERICO;S;;2007-02-20 00:00:00;
T020102;TELI PER CHIRURGIA SPECIALISTICA;S;;2007-02-20 00:00:00;
T020103;TELI TERMICI;S;;2007-02-20 00:00:00;2022-02-22 00:00:00
T020103;TELI TERMICI CHIRURGICI;S;;2022-02-23 00:00:00;
T020199;TELI CHIRURGICI - ALTRI;S;;2007-02-20 00:00:00;
T0202;KIT CHIRURGICI (sono compresi solo i Kit certificati CE come tali);S;;2007-02-20 00:00:00;2022-02-22 00:00:00
T0202;KIT PROCEDURALI CHIRURGICI MARCATI CE COME TALI (esclusi i kit di strumentario chirurgico);S;;2022-02-23 00:00:00;
T0203;KIT PER MEDICAZIONE ED ASSISTENZA (sono compresi solo i Kit certificati CE come tali);S;;2007-02-20 00:00:00;2022-02-22 00:00:00
T0203;KIT PER MEDICAZIONE ED ASSISTENZA MARCATI CE COME TALI ;S;;2022-02-23 00:00:00;
T0204;CAMICI CHIRURGICI (ESCLUSI I DISPOSITIVI DI PROTEZIONE INDIVIDUALE DPI - D.Lgs. 475/92);N;;2007-02-20 00:00:00;2022-02-22 00:00:00
T0204;CAMICI CHIRURGICI (ESCLUSI I DISPOSITIVI DI PROTEZIONE INDIVIDUALE DPI);N;;2022-02-23 00:00:00;
T020401;CAMICI CHIRURGICI STANDARD;S;;2007-02-20 00:00:00;
T020402;CAMICI CHIRURGICI RINFORZATI;S;;2007-02-20 00:00:00;
T020499;CAMICI CHIRURGICI - ALTRI;S;;2008-06-30 00:00:00;
T0205;CAMICI NON CHIRURGICI (ESCLUSI I DISPOSITIVI DI PROTEZIONE INDIVIDUALE DPI - D.Lgs. 475/92);S;;2008-06-30 00:00:00;2022-02-22 00:00:00
T0205;CAMICI NON CHIRURGICI (ESCLUSI I DISPOSITIVI DI PROTEZIONE INDIVIDUALE DPI);S;;2022-02-23 00:00:00;
T0206;MASCHERINE CHIRURGICHE (ESCLUSI I DISPOSITIVI DI PROTEZIONE INDIVIDUALE DPI - D.Lgs. 475/92);N;;2008-06-30 00:00:00;2022-02-22 00:00:00
T0206;MASCHERE FACCIALI AD USO MEDICO (ESCLUSI I DISPOSITIVI DI PROTEZIONE INDIVIDUALE - DPI) ;N;;2022-02-23 00:00:00;
T020601;MASCHERINE CHIRURGICHE STANDARD;S;;2008-06-30 00:00:00;2022-02-23 00:00:00
T020602;MASCHERINE CHIRURGICHE CON SISTEMI ANTIAPPANNAMENTO;S;;2008-06-30 00:00:00;2022-02-23 00:00:00
T020603;MASCHERE FACCIALI AD USO MEDICO TIPO I (NON PER OPERATORI SANITARI);S;;2022-02-23 00:00:00;
T020604;MASCHERE FACCIALI AD USO MEDICO  TIPO II e IIR;S;;2022-02-23 00:00:00;
T020699;MASCHERINE CHIRURGICHE - ALTRE;S;;2008-06-30 00:00:00;2022-02-22 00:00:00
T020699;MASCHERE FACCIALI AD USO MEDICO (ESCLUSI I DISPOSITIVI DI PROTEZIONE INDIVIDUALE - DPI)  - ALTRE;S;;2022-02-23 00:00:00;
T0207;CUFFIE E COPRICAPO (ESCLUSI I DISPOSITIVI DI PROTEZIONE INDIVIDUALE DPI - D.Lgs. 475/92);S;;2008-06-30 00:00:00;2022-02-22 00:00:00
T0207;CUFFIE E COPRICAPO (ESCLUSI I DISPOSITIVI DI PROTEZIONE INDIVIDUALE DPI);S;;2022-02-23 00:00:00;
T0208;COPRISCARPE (ESCLUSI I DISPOSITIVI DI PROTEZIONE INDIVIDUALE DPI - D.Lgs. 475/92);S;;2008-06-30 00:00:00;2022-02-22 00:00:00
T0208;COPRISCARPE (ESCLUSI I DISPOSITIVI DI PROTEZIONE INDIVIDUALE DPI);S;;2022-02-23 00:00:00;
T0209;GREMBIULI CHIRURGICI (ESCLUSI I DISPOSITIVI DI PROTEZIONE INDIVIDUALE DPI);S;;2022-02-23 00:00:00;
T0210;TELI NON CHIRURGICI;S;;2022-02-23 00:00:00;
T0299;TELI ED INDUMENTI DI PROTEZIONE - ALTRI;S;;2008-06-30 00:00:00;
T03;PROTEZIONI;N;;2007-02-20 00:00:00;2022-02-22 00:00:00
T03;PROTEZIONI (ESCLUSI I DISPOSITIVI DI PROTEZIONE INDIVIDUALE DPI) ;N;;2022-02-23 00:00:00;
T0301;COPRISTRUMENTI E APPARECCHI;N;;2007-02-20 00:00:00;
T030101;CUFFIE COPRISTRUMENTI E APPARECCHI;S;;2007-02-20 00:00:00;
T030102;GUAINE COPRISTRUMENTI E APPARECCHI;S;;2007-02-20 00:00:00;
T030103;INSERTI ATRAUMATICI PER STRUMENTARIO;S;;2007-02-20 00:00:00;
T030104;TELI NON CHIRURGICI;S;;2007-02-20 00:00:00;2022-02-23 00:00:00
T030199;COPRISTRUMENTI E APPARECCHI - ALTRI;S;;2007-02-20 00:00:00;
T0302;PROTEZIONI PER CHIRURGIA ROBOTICA;N;;2007-02-20 00:00:00;
T030201;RIVESTIMENTI PER BRACCI MECCANICI;S;;2007-02-20 00:00:00;
T030202;RIVESTIMENTI PER TELECAMERE;S;;2007-02-20 00:00:00;
T030203;RIVESTIMENTI PER OTTICHE;S;;2007-02-20 00:00:00;
T030299;PROTEZIONI PER CHIRURGIA ROBOTICA - ALTRE;S;;2007-02-20 00:00:00;
T0303;COPERTURE DI RISCALDAMENTO;N;;2007-02-20 00:00:00;2022-02-22 00:00:00
T0303;COPERTURE DI RISCALDAMENTO NON CHIRURGICHE;N;;2022-02-23 00:00:00;
T030301;COPERTE A FLUSSO D'ARIA;S;;2007-02-20 00:00:00;
T030399;COPERTURE DI RISCALDAMENTO - ALTRE;S;;2007-02-20 00:00:00;
T0304;PROTEZIONI PER RADIOTERAPIA;N;;2007-02-20 00:00:00;
T030401;MASCHERE PER RADIOTERAPIA;S;;2007-02-20 00:00:00;
T030402;GUAINE PER RADIOTERAPIA;S;;2007-02-20 00:00:00;
T030403;SCHERMI PROTETTIVI PER RADIOTERAPIA;S;;2022-02-23 00:00:00;
T030404;TELI PROTETTIVI PER RADIOTERAPIA;S;;2022-02-23 00:00:00;
T030405;PROTEZIONI OCULARI PER RADIOTERAPIA;S;;2022-02-23 00:00:00;
T030406;MANI DI PIOMBO;S;;2022-02-23 00:00:00;
T030499;PROTEZIONI PER RADIOTERAPIA - ALTRE;S;;2007-02-20 00:00:00;
T0305;PROTEZIONI PER LOCALI ADIBITI A PRESTAZIONI SANITARIE;N;;2007-02-20 00:00:00;
T030501;COPERTURE IGIENICHE PER SALE OPERATORIE E SALE VISITA;S;;2007-02-20 00:00:00;
T030502;COPERTURE IGIENICHE PER LETTI E BARELLE;S;;2007-02-20 00:00:00;
T030599;PROTEZIONI PER LOCALI ADIBITI A PRESTAZIONI SANITARIE - ALTRE;S;;2008-06-30 00:00:00;
T0306;PROTEZIONI PER PAZIENTI IN CORSO DI PROCEDURE CLINICHE;S;;2007-02-20 00:00:00;
T0399;PROTEZIONI - ALTRE;S;;2007-02-20 00:00:00;2022-02-22 00:00:00
T0399;PROTEZIONI (ESCLUSI I DISPOSITIVI DI PROTEZIONE INDIVIDUALE DPI) - ALTRE;S;;2022-02-23 00:00:00;
T04;AUSILI PER INCONTINENZA;N;;2007-02-20 00:00:00;
T0401;AUSILI ASSORBENTI L'URINA;N;;2007-02-20 00:00:00;
T040101;PANNOLONI (N.T.COD.En ISO 0930);N;;2007-02-20 00:00:00;2022-02-22 00:00:00
T040101;PANNOLONI PER INCONTINENZA (N.T.COD.En ISO 0930);N;;2022-02-23 00:00:00;
T04010101;PANNOLONI RETTANGOLARI;S;;2007-02-20 00:00:00;2022-02-22 00:00:00
T04010101;PANNOLONI PER INCONTINENZA RETTANGOLARI;S;;2022-02-23 00:00:00;
T04010102;PANNOLONI SAGOMATI;S;;2007-02-20 00:00:00;2022-02-22 00:00:00
T04010102;PANNOLONI PER INCONTINENZA SAGOMATI;S;;2022-02-23 00:00:00;
T04010103;PANNOLONI A MUTANDINA;S;;2007-02-20 00:00:00;2022-02-22 00:00:00
T04010103;PANNOLONI PER INCONTINENZA CON SISTEMA DI FISSAGGIO INTEGRATO;S;;2022-02-23 00:00:00;
T04010104;MUTANDE A RETE;S;;2007-02-20 00:00:00;
T04010199;PANNOLONI - ALTRI;S;;2008-06-30 00:00:00;2022-02-22 00:00:00
T04010199;PANNOLONI PER INCONTINENZA - ALTRI;S;;2022-02-23 00:00:00;
T040102;TRAVERSE ASSORBENTI (N.T.COD. En ISO 1812);N;;2007-02-20 00:00:00;2022-02-22 00:00:00
T040102;TRAVERSE ASSORBENTI (N.T. COD. EN ISO 0930);N;;2022-02-23 00:00:00;
T04010201;TRAVERSE NON RIMBOCCABILI;S;;2007-02-20 00:00:00;
T04010202;TRAVERSE RIMBOCCABILI;S;;2007-02-20 00:00:00;
T04010203;TRAVERSE ASSORBENTI CON ANTIMICROBICO;S;;2022-02-23 00:00:00;
T04010299;TRAVERSE ASSORBENTI - ALTRE;S;;2008-06-30 00:00:00;
T0499;AUSILI PER INCONTINENZA - ALTRI;S;;2007-02-20 00:00:00;
T99;DISPOSITIVI DI PROTEZIONE E AUSILI PER INCONTINENZA (ESCLUSI I DISPOSITIVI DI PROTEZIONE INDIVIDUALE DPI)  Â¿ ALTRI;S;;2022-02-23 00:00:00;
U;DISPOSITIVI PER APPARATO UROGENITALE;N;;2007-02-20 00:00:00;
U01;SONDE URETRALI, PROSTATICHE E VESCICALI (SONO INCLUSI N.T.COD. ISO 0924);N;;2007-02-20 00:00:00;
U0101;SONDE URINARIE SENZA PALLONCINO;N;;2007-02-20 00:00:00;2022-02-22 00:00:00
U0101;SONDE URETRALI PROSTATICHE E VESCICALI  SENZA PALLONCINO;N;;2022-02-23 00:00:00;
U010101;SONDE CONICO-OLIVARI (CALIBRAZIONE DELL'URETRA);S;;2007-02-20 00:00:00;2022-02-22 00:00:00
U010101;SONDE URETRALI PROSTATICHE E VESCICALI CONICO-OLIVARI (CALIBRAZIONE DELL'URETRA);S;;2022-02-23 00:00:00;
U010102;SONDE COUVELAIRE;S;;2007-02-20 00:00:00;2022-02-22 00:00:00
U010102;SONDE URETRALI PROSTATICHE E VESCICALI COUVELAIRE;S;;2022-02-23 00:00:00;
U010103;SONDE MALECOT;S;;2007-02-20 00:00:00;2022-02-22 00:00:00
U010103;SONDE URETRALI PROSTATICHE E VESCICALI MALECOT;S;;2022-02-23 00:00:00;
U010104;SONDE MERCIER;S;;2007-02-20 00:00:00;2022-02-22 00:00:00
U010104;SONDE URETRALI PROSTATICHE E VESCICALI MERCIER;S;;2022-02-23 00:00:00;
U010105;SONDE NELATON;N;;2007-02-20 00:00:00;2022-02-22 00:00:00
U010105;SONDE URETRALI PROSTATICHE E VESCICALI NELATON;N;;2022-02-23 00:00:00;
U01010501;SONDE NELATON AUTOLUBRIFICANTI;S;;2007-02-20 00:00:00;
U01010502;SONDE NELATON NON AUTOLUBRIFICANTI;S;;2007-02-20 00:00:00;
U010106;SONDE TIEMANN;N;;2007-02-20 00:00:00;2022-02-22 00:00:00
U010106;SONDE URETRALI PROSTATICHE E VESCICALI TIEMANN;N;;2022-02-23 00:00:00;
U01010601;SONDE TIEMANN AUTOLUBRIFICANTI;S;;2007-02-20 00:00:00;
U01010602;SONDE TIEMANN NON AUTOLUBRIFICANTI;S;;2007-02-20 00:00:00;
U010107;SONDE URETRALI PROSTATICHE E VESCICALI PEZZER;S;;2022-02-23 00:00:00;
U010199;SONDE URINARIE SENZA PALLONCINO - ALTRE;S;;2007-02-20 00:00:00;2022-02-22 00:00:00
U010199;SONDE URETRALI PROSTATICHE E VESCICALI SENZA PALLONCINO - ALTRE;S;;2022-02-23 00:00:00;
U0102;SONDE URINARIE CON PALLONCINO;N;;2007-02-20 00:00:00;2022-02-22 00:00:00
U0102;SONDE URETRALI PROSTATICHE E VESCICALI CON PALLONCINO;N;;2022-02-23 00:00:00;
U010201;SONDE NELATON CON PALLONCINO;S;;2007-02-20 00:00:00;2022-02-22 00:00:00
U010201;SONDE URETRALI PROSTATICHE E VESCICALI NELATON CON PALLONCINO;S;;2022-02-23 00:00:00;
U010202;SONDE COUVELAIRE CON PALLONCINO;S;;2007-02-20 00:00:00;2022-02-22 00:00:00
U010202;SONDE URETRALI PROSTATICHE E VESCICALI COUVELAIRE CON PALLONCINO;S;;2022-02-23 00:00:00;
U010203;SONDE DELINOTTE;S;;2007-02-20 00:00:00;2022-02-22 00:00:00
U010203;SONDE URETRALI PROSTATICHE E VESCICALI DELINOTTE;S;;2022-02-23 00:00:00;
U010204;SONDE DUFOUR;S;;2007-02-20 00:00:00;2022-02-22 00:00:00
U010204;SONDE URETRALI PROSTATICHE E VESCICALI DUFOUR;S;;2022-02-23 00:00:00;
U010205;SONDE MERCIER CON PALLONCINO;S;;2007-02-20 00:00:00;2022-02-22 00:00:00
U010205;SONDE URETRALI PROSTATICHE E VESCICALI MERCIER CON PALLONCINO;S;;2022-02-23 00:00:00;
U010206;SONDE TIEMANN CON PALLONCINO;S;;2007-02-20 00:00:00;2022-02-22 00:00:00
U010206;SONDE URETRALI PROSTATICHE E VESCICALI TIEMANN CON PALLONCINO;S;;2022-02-23 00:00:00;
U010299;SONDE URINARIE CON PALLONCINO - ALTRE;S;;2007-02-20 00:00:00;2022-02-22 00:00:00
U010299;SONDE URETRALI PROSTATICHE E VESCICALI CON PALLONCINO - ALTRE;S;;2022-02-23 00:00:00;
U0103;SONDE URETRALI PROSTATICHE E VESCICALI CON SENSORE DI TEMPERATURA;S;;2022-02-23 00:00:00;
U0180;SONDE URETRALI, PROSTATICHE E VESCICALI - ACCESSORI;S;;2007-02-20 00:00:00;
U0199;SONDE URETRALI, PROSTATICHE E VESCICALI - ALTRE;S;;2007-02-20 00:00:00;
U02;SONDE E STENT URETERALI;N;;2007-02-20 00:00:00;
U0201;SONDE URETERALI SENZA PALLONCINO;N;;2007-02-20 00:00:00;
U020101;SONDE URETERALI CON PUNTA CILINDRICA;S;;2007-02-20 00:00:00;
U020102;SONDE URETERALI CON PUNTA APERTA A BECCO DI FLAUTO;S;;2007-02-20 00:00:00;
U020103;SONDE URETERALI CON PUNTA CHEVASSU;S;;2007-02-20 00:00:00;
U020104;SONDE URETERALI CON PUNTA OLIVARE;S;;2007-02-20 00:00:00;
U020199;SONDE URETERALI SENZA PALLONCINO - ALTRE;S;;2007-02-20 00:00:00;
U0202;SONDE URETERALI CON PALLONCINO;N;;2007-02-20 00:00:00;
U020201;SONDE URETERALI PER OCCLUSIONE;S;;2007-02-20 00:00:00;
U020202;SONDE URETERALI A BECCO DI FLAUTO CON PALLONCINO;S;;2007-02-20 00:00:00;
U020299;SONDE URETERALI CON PALLONCINO - ALTRE;S;;2007-02-20 00:00:00;
U0203;STENT URETERALI;N;;2007-02-20 00:00:00;
U020301;STENT URETERALI A LOOP SINGOLO;S;;2007-02-20 00:00:00;
U020302;STENT URETERALI A DOPPIO LOOP;S;;2007-02-20 00:00:00;
U020399;STENT URETERALI - ALTRI;S;;2007-02-20 00:00:00;
U0204;SONDE URETERALI TRANSILLUMINANTI;S;;2022-02-23 00:00:00;
U0280;SONDE E STENT URETERALI - ACCESSORI;S;;2007-02-20 00:00:00;
U0299;SONDE URETERALI - ALTRE;S;;2007-02-20 00:00:00;
U03;DISPOSITIVI PER DILATAZIONE URETRALE, URETERALE E NEFROSTOMICA;N;;2007-02-20 00:00:00;
U0301;DISPOSITIVI PER DILATAZIONE RIGIDA DELLE VIE URINARIE;N;;2007-02-20 00:00:00;
U030101;DILATATORI SEQUENZIALI PER NEFROSTOMIA PERCUTANEA;N;;2007-02-20 00:00:00;
U03010101;CANNULE TIPO AMPLATZ PER DILATAZIONE URINARIA;S;;2007-02-20 00:00:00;
U03010199;DILATATORI SEQUENZIALI PER NEFROSTOMIA PERCUTANEA - ALTRI;S;;2007-02-20 00:00:00;
U030102;DILATATORI URETRALI ED URETERALI;N;;2007-02-20 00:00:00;
U03010201;DILATATORI URETRALI;S;;2007-02-20 00:00:00;
U03010202;DILATATORI URETERALI;S;;2007-02-20 00:00:00;
U0302;DISPOSITIVI PER DILATAZIONE PNEUMATICA DELLE VIE URINARIE;N;;2007-02-20 00:00:00;
U030201;DILATATORI A PALLONCINO URETRALI;S;;2007-02-20 00:00:00;
U030202;DILATATORI A PALLONCINO URETERALI;S;;2007-02-20 00:00:00;
U0380;DISPOSITIVI PER DILATAZIONE DELLE VIE URINARIE - ACCESSORI;S;;2007-02-20 00:00:00;
U0399;DISPOSITIVI PER DILATAZIONE DELLE VIE URINARIE - ALTRI;S;;2007-02-20 00:00:00;
U04;DISPOSITIVI PER DRENAGGIO PERCUTANEO E CATETERI PER NEFROSTOMIA;N;;2007-02-20 00:00:00;
U0401;DISPOSITIVI PER DRENAGGIO SOVRAPUBICO;N;;2007-02-20 00:00:00;
U040101;KIT CON CATETERI DI DRENAGGIO CON TECNICA A PUNTURA DIRETTA (sono compresi solo i Kit certificati CE come tali);S;;2007-02-20 00:00:00;
U040102;KIT CON CATETERI DI DRENAGGIO CON INTRODUTTORE (sono compresi solo i Kit certificati CE come tali);S;;2007-02-20 00:00:00;
U040199;DISPOSITIVI PER DRENAGGIO SOVRAPUBICO - ALTRI ;S;;2007-02-20 00:00:00;
U0402;DISPOSITIVI PER NEFROSTOMIA PERCUTANEA;N;;2007-02-20 00:00:00;
U040201;KIT PER NEFROSTOMIA CON TECNICA A PUNTURA DIRETTA (sono compresi solo i Kit certificati CE come tali);S;;2007-02-20 00:00:00;
U040202;KIT PER NEFROSTOMIA CON TECNICA DI SELDINGER (sono compresi solo i Kit certificati CE come tali);S;;2007-02-20 00:00:00;
U040203;CATETERI PER NEFROSTOMIA;S;;2007-02-20 00:00:00;
U040299;DISPOSITIVI PER NEFROSTOMIA PERCUTANEA - ALTRI;S;;2007-02-20 00:00:00;
U0403;DISPOSITIVI PER DERIVAZIONE URETERALE E URETEROCUTANEOSTOMIA;N;;2007-02-20 00:00:00;
U040301;SONDE PER DERIVAZIONE URETERALE TIPO BRACCI;S;;2007-02-20 00:00:00;
U040302;SONDE PER URETEROCUTANEOSTOMIA;S;;2007-02-20 00:00:00;
U040399;DISPOSITIVI PER DERIVAZIONE URETERALE E URETEROCUTANEOSTOMIA - ALTRI;S;;2008-06-30 00:00:00;
U0480;DISPOSITIVI PER DRENAGGIO URINARIO PERCUTANEO - ACCESSORI;S;;2007-02-20 00:00:00;
U0499;DISPOSITIVI PER DRENAGGIO URINARIO PERCUTANEO - ALTRI;S;;2007-02-20 00:00:00;
U05;DISPOSITIVI PER URODINAMICA;N;;2007-02-20 00:00:00;
U0501;SONDE PER CISTO- ED URETROMANOMETRIA;N;;2007-02-20 00:00:00;
U050101;SONDE PER CISTOMANOMETRIA SENZA PALLONCINO;N;;2007-02-20 00:00:00;
U05010101;SONDE PER CISTOMANOMETRIA SENZA PALLONCINO A DUE VIE;S;;2007-02-20 00:00:00;
U05010102;SONDE PER CISTOMANOMETRIA SENZA PALLONCINO A TRE VIE;S;;2007-02-20 00:00:00;
U050199;SONDE PER CISTO- ED URETROMANOMETRIA - ALTRE;S;;2007-02-20 00:00:00;
U0502;SONDE PER STUDIO PRESSIONE-FLUSSO URINARIO;N;;2007-02-20 00:00:00;
U050201;SONDE PER STUDIO PRESSIONE-FLUSSO URINARIO PER RIEMPIMENTO;S;;2007-02-20 00:00:00;
U050202;SONDE PER STUDIO PRESSIONE-FLUSSO PER LA MISURAZIONE DELLA PRESSIONE VESCICALE;S;;2007-02-20 00:00:00;
U050299;SONDE PER STUDIO PRESSIONE-FLUSSO URINARIO - ALTRE;S;;2008-06-30 00:00:00;
U0503;SONDE PER PROFILO PRESSORIO URETRALE;N;;2007-02-20 00:00:00;
U050301;SONDE PER PROFILO PRESSORIO URETRALE SENZA PALLONCINO;N;;2007-02-20 00:00:00;
U05030101;SONDE PER PROFILO PRESSORIO URETRALE SENZA PALLONCINO A UNA VIA;S;;2007-02-20 00:00:00;
U05030102;SONDE PER PROFILO PRESSORIO URETRALE SENZA PALLONCINO A DUE VIE;S;;2007-02-20 00:00:00;
U050399;SONDE PER PROFILO PRESSORIO URETRALE - ALTRE;S;;2007-02-20 00:00:00;
U0504;SONDE PER IL RILEVAMENTO DELLA PRESSIONE ADDOMINALE;N;;2007-02-20 00:00:00;
U050401;SONDE PER IL RILEVAMENTO DELLA PRESSIONE ADDOMINALE SENZA PALLONCINO;S;;2007-02-20 00:00:00;
U050402;SONDE PER IL RILEVAMENTO DELLA PRESSIONE ADDOMINALE CON PALLONCINO;S;;2007-02-20 00:00:00;
U0505;SONDE PER CAVERNOSOMETRIA E CAVERNOSOGRAFIA;S;;2007-02-20 00:00:00;
U0580;DISPOSITIVI PER URODINAMICA - ACCESSORI;S;;2007-02-20 00:00:00;
U0599;DISPOSITIVI PER URODINAMICA - ALTRI;S;;2007-02-20 00:00:00;
U06;GUIDE UROLOGICHE;N;;2007-02-20 00:00:00;
U0601;GUIDE UROLOGICHE IDROFILICHE;S;;2007-02-20 00:00:00;
U0602;GUIDE UROLOGICHE NON IDROFILICHE;S;;2007-02-20 00:00:00;
U0699;GUIDE UROLOGICHE - ALTRE;S;;2007-02-20 00:00:00;
U07;DISPOSITIVI PER IL TRATTAMENTO DELL'INCONTINENZA;N;;2007-02-20 00:00:00;
U0701;SISTEMI INTERNI PER IL TRATTAMENTO DELL'INCONTINENZA;N;;2007-02-20 00:00:00;
U070101;SISTEMI DI SOSPENSIONE A NASTRO PER IL TRATTAMENTO DELL'INCONTINENZA;S;;2007-02-20 00:00:00;
U070199;SISTEMI INTERNI PER IL TRATTAMENTO DELL'INCONTINENZA - ALTRI;S;;2007-02-20 00:00:00;
U0702;DISPOSITIVI ESTERNI PER IL TRATTAMENTO DELL'INCONTINENZA;N;;2007-02-20 00:00:00;
U070201;CATETERI ESTERNI A GUAINA PER INCONTINENZA URINARIA (N.T.COD. ISO 0924);S;;2007-02-20 00:00:00;
U070299;DISPOSITIVI ESTERNI PER IL TRATTAMENTO DELL'INCONTINENZA - ALTRI;S;;2007-02-20 00:00:00;
U0703;DISPOSITIVI PER RIABILITAZIONE DEL PAVIMENTO PELVICO;N;;2007-02-20 00:00:00;
U070301;DISPOSITIVI MONOUSO PER RIABILITAZIONE BIOFEEDBACK DEL PAVIMENTO PELVICO;S;;2007-02-20 00:00:00;
U070302;DISPOSITIVI MONOUSO PER RIABILITAZIONE CON ELETTROSTIMOLAZIONE FUNZIONALE DEL PAVIMENTO PELVICO;S;;2007-02-20 00:00:00;
U070399;DISPOSITIVI PER RIABILITAZIONE DEL PAVIMENTO PELVICO - ALTRI;S;;2008-06-30 00:00:00;
U0780;DISPOSITIVI PER IL TRATTAMENTO DELL'INCONTINENZA - ACCESSORI;S;;2007-02-20 00:00:00;
U0799;DISPOSITIVI PER IL TRATTAMENTO DELL'INCONTINENZA - ALTRI;S;;2007-02-20 00:00:00;
U08;DISPOSITIVI PER GINECOLOGIA;N;;2007-02-20 00:00:00;
U0801;CATETERI GINECOLOGICI;N;;2007-02-20 00:00:00;
U080101;CATETERI PER ABLAZIONE ENDOMETRIALE;S;;2007-02-20 00:00:00;
U080102;CATETERI PER ISTEROSALPINGOGRAFIA;S;;2007-02-20 00:00:00;
U080103;CATETERI PER ISTEROSCOPIA;S;;2007-02-20 00:00:00;
U080104;CATETERI PER IVG;S;;2007-02-20 00:00:00;2022-02-23 00:00:00
U080199;CATETERI GINECOLOGICI - ALTRI;S;;2007-02-20 00:00:00;
U0802;DISPOSITIVI PER PROCREAZIONE ASSISTITA;N;;2007-02-20 00:00:00;
U080201;CATETERI PER PROCREAZIONE ASSISTITA;S;;2007-02-20 00:00:00;2022-02-22 00:00:00
U080201;CATETERI PER PROCREAZIONE ASSISTITA;N;;2022-02-23 00:00:00;
U08020101;CATETERI PER INSEMINAZIONE;S;;2022-02-23 00:00:00;
U08020102;CATETERI PER TRASFERIMENTO DI EMBRIONI;S;;2022-02-23 00:00:00;
U08020180;CATETERI PER PROCREAZIONE ASSISTITA Â¿ ACCESSORI;S;;2022-02-23 00:00:00;
U08020199;CATETERI PER PROCREAZIONE ASSISTITA Â¿ ALTRI;S;;2022-02-23 00:00:00;
U080202;AGHI E KIT PER PICK-UP OVOCITI PER PROCREAZIONE ASSISTITA;N;;2022-02-23 00:00:00;
U08020201;AGHI E KIT/SISTEMI PER PICK-UP OVOCITI MONOLUME;S;;2022-02-23 00:00:00;
U08020202;AGHI E KIT/SISTEMI PER PICK-UP OVOCITI DOPPIOLUME;S;;2022-02-23 00:00:00;
U080203;DISPOSITIVI PER MICROMANIPOLAZIONE DI MATERIALE BIOLOGICO PER PROCREAZIONE ASSISTITA;N;;2022-02-23 00:00:00;
U08020301;PIPETTE PER PROCREAZIONE ASSISTITA;N;;2022-02-23 00:00:00;
U0802030101;PIPETTE BIOPSY PER PROCREAZIONE ASSISTITA;S;;2022-02-23 00:00:00;
U0802030102;PIPETTE DENUDING;S;;2022-02-23 00:00:00;
U0802030103;PIPETTE HANDLING;S;;2022-02-23 00:00:00;
U0802030104;PIPETTE HATCHING/DRILLING;S;;2022-02-23 00:00:00;
U0802030105;PIPETTE HOLDING;S;;2022-02-23 00:00:00;
U0802030106;PIPETTE ICSI;S;;2022-02-23 00:00:00;
U0802030107;PIPETTE PASTEUR PER PROCREAZIONE ASSISTITA;S;;2022-02-23 00:00:00;
U0802030108;PIPETTE PZD;S;;2022-02-23 00:00:00;
U0802030199;PIPETTE PER PROCREAZIONE ASSISTITA - ALTRE;S;;2022-02-23 00:00:00;
U08020302;SISTEMI PER MICROMANIPOLAZIONE DI MATERIALE BIOLOGICO PER PROCREAZIONE ASSISTITA;N;;2022-02-23 00:00:00;
U0802030201;PUNTALI PER PROCREAZIONE ASSISTITA;S;;2022-02-23 00:00:00;
U0802030202;MANIPOLI PER PUNTALI PER PROCREAZIONE ASSISTITA;S;;2022-02-23 00:00:00;
U08020380;DISPOSITIVI PER MICROMANIPOLAZIONE DI MATERIALE BIOLOGICO PER PROCREAZIONE ASSISTITA - ACCESSORI;S;;2022-02-23 00:00:00;
U08020399;DISPOSITIVI PER MICROMANIPOLAZIONE DI MATERIALE BIOLOGICO PER PROCREAZIONE ASSISTITA - ALTRI;S;;2022-02-23 00:00:00;
U080204;CONTENITORI/KIT PER LA CRIOCONSERVAZIONE PER PROCREAZIONE ASSISTITA;N;;2022-02-23 00:00:00;
U08020401;CONTENITORI/PAILLETTE/VIALS PER CRIOCONSERVAZIONE PER PROCREAZIONE ASSISTITA;S;;2022-02-23 00:00:00;
U080205;SUBSTRATI PER CONSERVAZIONE/MANIPOLAZIONE DI MATERIALE BIOLOGICO PER PROCREAZIONE ASSISTITA;N;;2022-02-23 00:00:00;
U08020501;TERRENI/SOLUZIONI PER CONGELAMENTO/SCONGELAMENTO PER PROCREAZIONE ASSISTITA;S;;2022-02-23 00:00:00;
U08020502;TERRENI/SOLUZIONI PER PREPARAZIONE/MANIPOLAZIONE PER PROCREAZIONE ASSISTITA;S;;2022-02-23 00:00:00;
U08020503;TERRENI/MEZZI PER COLTURA PER PROCREAZIONE ASSISTITA;S;;2022-02-23 00:00:00;
U08020599;SUBSTRATI PER CONSERVAZIONE/MANIPOLAZIONE DI MATERIALE BIOLOGICO PER PROCREAZIONE ASSISTITA Â¿ ALTRI;S;;2022-02-23 00:00:00;
U080206;PIASTRE DI COLTURA PER PROCREAZIONE ASSISTITA;S;;2022-02-23 00:00:00;
U080207;CONTENITORI PER PREPARAZIONE DI MATERIALE BIOLOGICO PER PROCREAZIONE ASSISTITA;S;;2022-02-23 00:00:00;
U080299;DISPOSITIVI PER PROCREAZIONE ASSISTITA - ALTRI;S;;2007-02-20 00:00:00;
U0803;DISPOSITIVI VAGINALI IN SOLUZIONE/CREMA/OVULI/COMPRESSE;S;;2022-02-23 00:00:00;
U0890;DISPOSITIVI PER GINECOLOGIA - VARI;N;;2007-02-20 00:00:00;
U089001;AMNIOSCOPI RIGIDI;S;;2007-02-20 00:00:00;2022-02-23 00:00:00
U089002;DISPOSITIVI PER CITOLOGIA GINECOLOGICA;S;;2007-02-20 00:00:00;
U089003;ISTEROMETRI;S;;2007-02-20 00:00:00;2022-02-22 00:00:00
U089003;ISTEROMETRI MONOUSO;S;;2022-02-23 00:00:00;
U089004;PERFORATORI DI MEMBRANA AMNIOTICA;S;;2007-02-20 00:00:00;2022-02-23 00:00:00
U089005;PESSARI;S;;2007-02-20 00:00:00;
U089006;SPECULUM;S;;2007-02-20 00:00:00;2022-02-22 00:00:00
U089006;SPECULUM VAGINALI MONOUSO;S;;2022-02-23 00:00:00;
U089007;SPIRALI E DIAFRAMMI;S;;2007-02-20 00:00:00;2022-02-23 00:00:00
U089008;ALTRI DISPOSITIVI PER CONTRACCEZIONE FEMMINILE;S;;2007-02-20 00:00:00;2022-02-23 00:00:00
U089009;APPLICATORI VAGINALI MONOUSO;S;;2022-02-23 00:00:00;
U089010;CURETTE UTERINE MONOUSO;S;;2022-02-23 00:00:00;
U0899;DISPOSITIVI PER GINECOLOGIA - ALTRI;S;;2007-02-20 00:00:00;
U09;DISPOSITIVI PER ENDOSCOPIA UROGENITALE;N;;2007-02-20 00:00:00;
U0901;DISPOSITIVI PER RECUPERO DI CALCOLI URINARI;N;;2007-02-20 00:00:00;
U090101;CESTELLI PER RECUPERO DI CALCOLI URINARI;S;;2007-02-20 00:00:00;
U090102;CATETERI A PALLONCINO DA OCCLUSIONE URINARIA PER RECUPERO DI CALCOLI;S;;2007-02-20 00:00:00;
U090199;DISPOSITIVI PER RECUPERO DI CALCOLI URINARI - ALTRI;S;;2007-02-20 00:00:00;
U0902;STRUMENTI DI RESEZIONE ENDOSCOPICA UROGENITALE;N;;2007-02-20 00:00:00;
U090201;AGHI E KIT PER TERMOABLAZIONE UROGENITALE;S;;2007-02-20 00:00:00;
U090202;ANSE DA PROSTATECTOMIA;S;;2007-02-20 00:00:00;
U090203;ANSE PER GINECOLOGIA;S;;2007-02-20 00:00:00;
U090204;EVACUATORI VESCICALI;S;;2007-02-20 00:00:00;
U090299;STRUMENTI DI RESEZIONE ENDOSCOPICA UROGENITALE - ALTRI;S;;2007-02-20 00:00:00;
U0903;STRUMENTARIO PER ENDOSCOPIA UROGENITALE;N;;2007-02-20 00:00:00;2022-02-22 00:00:00
U0903;STRUMENTARIO MONOUSO PER ENDOSCOPIA UROGENITALE;N;;2022-02-23 00:00:00;
U090301;PINZE PER ENDOSCOPIA UROGENITALE;N;;2007-02-20 00:00:00;2022-02-22 00:00:00
U090301;PINZE MONOUSO PER ENDOSCOPIA UROGENITALE;N;;2022-02-23 00:00:00;
U09030101;PINZE BIOPTICHE PER ENDOSCOPIA UROGENITALE;N;;2007-02-20 00:00:00;2022-02-22 00:00:00
U09030101;PINZE BIOPTICHE MONOUSO PER ENDOSCOPIA UROGENITALE;N;;2022-02-23 00:00:00;
U0903010101;PINZE BIOPTICHE A FREDDO PER ENDOSCOPIA UROGENITALE;S;;2007-02-20 00:00:00;2022-02-22 00:00:00
U0903010101;PINZE BIOPTICHE A FREDDO MONOUSO PER ENDOSCOPIA UROGENITALE;S;;2022-02-23 00:00:00;
U0903010102;PINZE BIOPTICHE A CALDO PER ENDOSCOPIA UROGENITALE;S;;2007-02-20 00:00:00;2022-02-22 00:00:00
U0903010102;PINZE BIOPTICHE A CALDO MONOUSO PER ENDOSCOPIA UROGENITALE;S;;2022-02-23 00:00:00;
U09030102;PINZE DA ESTRAZIONE PER ENDOSCOPIA UROGENITALE;S;;2007-02-20 00:00:00;2022-02-22 00:00:00
U09030102;PINZE DA ESTRAZIONE MONOUSO PER ENDOSCOPIA UROGENITALE;S;;2022-02-23 00:00:00;
U09030199;PINZE PER ENDOSCOPIA UROGENITALE - ALTRE;S;;2007-02-20 00:00:00;2022-02-22 00:00:00
U09030199;PINZE MONOUSO PER ENDOSCOPIA UROGENITALE - ALTRE;S;;2022-02-23 00:00:00;
U090303;SPAZZOLINI PER ENDOSCOPIA UROGENITALE;N;;2007-02-20 00:00:00;
U09030301;SPAZZOLINI PER CITOLOGIA UROGENITALE;S;;2007-02-20 00:00:00;
U09030302;SPAZZOLINI PER PULIZIA DI OTTICHE NEFRO-CISTOSCOPICHE;S;;2007-02-20 00:00:00;2022-02-23 00:00:00
U090399;STRUMENTARIO PER ENDOSCOPIA UROGENITALE - ALTRO;S;;2007-02-20 00:00:00;2022-02-22 00:00:00
U090399;STRUMENTARIO MONOUSO PER ENDOSCOPIA UROGENITALE - ALTRO;S;;2022-02-23 00:00:00;
U0999;DISPOSITIVI PER ENDOSCOPIA UROGENITALE - ALTRI;S;;2007-02-20 00:00:00;
U10;DISPOSITIVI PER OSTETRICIA;N;;2007-02-20 00:00:00;
U1001;CATETERI PER OSTETRICIA;S;;2007-02-20 00:00:00;2022-02-22 00:00:00
U1001;CATETERI PER OSTETRICIA;N;;2022-02-23 00:00:00;
U100101;CATETERI PER IVG;S;;2022-02-23 00:00:00;
U100102;CATETERI INTRAUTERINI POST PARTO;S;;2022-02-23 00:00:00;
U100199;CATETERI PER OSTETRICIA - ALTRI;S;;2022-02-23 00:00:00;
U1002;DISPOSITIVI PER LO STUDIO FETALE;S;;2007-02-20 00:00:00;2022-02-22 00:00:00
U1002;DISPOSITIVI PER LO STUDIO FETALE;N;;2022-02-23 00:00:00;
U100201;ELETTRODI PER SCALPO FETALE;S;;2022-02-23 00:00:00;
U100299;DISPOSITIVI PER LO STUDIO FETALE - ALTRI;S;;2022-02-23 00:00:00;
U1003;DISPOSITIVI PER PUERPERIO;S;;2007-02-20 00:00:00;
U1004;ESTRATTORI OSTETRICI MANUALI MONOUSO;S;;2022-02-23 00:00:00;
U1005;PERFORATORI DI MEMBRANA AMNIOTICA ;S;;2022-02-23 00:00:00;
U1006;AMNIOSCOPI  RIGIDI MONOUSO ;S;;2022-02-23 00:00:00;
U1007;DISPOSITIVI PER CERCHIAGGIO UTERINO ;S;;2022-02-23 00:00:00;
U1080;DISPOSITIVI PER OSTETRICIA - ACCESSORI;S;;2007-02-20 00:00:00;
U1090;DISPOSITIVI PER OSTETRICIA - VARI;N;;2007-02-20 00:00:00;2022-02-23 00:00:00
U109001;DISPOSITIVI PER CERCHIAGGIO UTERINO;S;;2007-02-20 00:00:00;2022-02-23 00:00:00
U109099;DISPOSITIVI PER OSTETRICIA - ALTRI;S;;2007-02-20 00:00:00;2022-02-23 00:00:00
U1099;DISPOSITIVI PER OSTETRICIA - ALTRI;S;;2022-02-23 00:00:00;
U11;DISPOSITIVI PER CONTRACCEZIONE;N;;2022-02-23 00:00:00;
U1101;DISPOSITIVI PER CONTRACCEZIONE MASCHILE;N;;2022-02-23 00:00:00;
U110101;PROFILATTICI MASCHILI;S;;2022-02-23 00:00:00;
U110102;DISPOSITIVI PER LEGATURA DEI VASI DEFERENTI;S;;2022-02-23 00:00:00;
U110199;DISPOSITIVI PER CONTRACCEZIONE MASCHILE - ALTRI;S;;2022-02-23 00:00:00;
U1102;DISPOSITIVI PER CONTRACCEZIONE FEMMINILE;N;;2022-02-23 00:00:00;
U110201;SPIRALI INTRAUTERINE;S;;2022-02-23 00:00:00;
U110202;DIAFRAMMI VAGINALI;S;;2022-02-23 00:00:00;
U110203;PROFILATTICI FEMMINILI;S;;2022-02-23 00:00:00;
U110299;DISPOSITIVI PER CONTRACCEZIONE FEMMINILE - ALTRI;S;;2022-02-23 00:00:00;
U12;STRUMENTARIO MONOUSO PER APPARATO UROGENITALE (NON ENDOSCOPICO) ;N;;2022-02-23 00:00:00;
U1201;PINZE MONOUSO NON ENDOSCOPICHE PER APPARATO UROGENITALE ;S;;2022-02-23 00:00:00;
U1202;FORBICI MONOUSO NON ENDOSCOPICHE PER APPARATO UROGENITALE;S;;2022-02-23 00:00:00;
U1299;STRUMENTARIO MONOUSO PER APPARATO UROGENITALE (NON ENDOSCOPICO) Â¿ ALTRO ;S;;2022-02-23 00:00:00;
U13;SOLUZIONI E KIT PER LAVAGGIO E INSTILLAZIONE VESCICALE;N;;2022-02-23 00:00:00;
U1301;SOLUZIONI PER LAVAGGIO E INSTILLAZIONE VESCICALE;S;;2022-02-23 00:00:00;
U1302;KIT PER LAVAGGIO E INSTILLAZIONE VESCICALE;S;;2022-02-23 00:00:00;
U90;DISPOSITIVI PER APPARATO UROGENITALE - VARI;N;;2007-02-20 00:00:00;2022-02-23 00:00:00
U9001;PROFILATTICI;S;;2007-02-20 00:00:00;2022-02-23 00:00:00
U9002;STRUMENTARIO MONOUSO PER APPARATO UROGENITALE (NON ENDOSCOPICO);N;;2007-02-20 00:00:00;2022-02-23 00:00:00
U900201;PINZE MONOUSO NON ENDOSCOPICHE PER APPARATO UROGENITALE;S;;2007-02-20 00:00:00;2022-02-23 00:00:00
U900299;STRUMENTARIO MONOUSO PER APPARATO UROGENITALE (NON ENDOSCOPICO) - ALTRO;S;;2007-02-20 00:00:00;2022-02-23 00:00:00
U9099;DISPOSITIVI PER APPARATO UROGENITALE - ALTRI;S;;2007-02-20 00:00:00;2022-02-23 00:00:00
U99;DISPOSITIVI PER APPARATO UROGENITALE - ALTRI;S;;2022-02-23 00:00:00;
V;DISPOSITIVI VARI;N;;2007-02-20 00:00:00;
V01;DISPOSITIVI TAGLIENTI MONOUSO;N;;2007-02-20 00:00:00;2022-02-22 00:00:00
V01;DISPOSITIVI TAGLIENTI, MONOUSO;N;;2022-02-23 00:00:00;
V0101;BISTURI MONOUSO;S;;2007-02-20 00:00:00;2022-02-22 00:00:00
V0101;BISTURI MONOUSO;N;;2022-02-23 00:00:00;2022-02-23 00:00:00
V0101;BISTURI, MONOUSO;N;;2022-02-23 00:00:00;
V010101;BISTURI CON SISTEMA DI SICUREZZA, MONOUSO;S;;2022-02-23 00:00:00;
V010102;BISTURI SENZA SISTEMA DI SICUREZZA, MONOUSO;S;;2022-02-23 00:00:00;
V0102;COLTELLINI LEVAPUNTI;S;;2007-02-20 00:00:00;2022-02-22 00:00:00
V0102;COLTELLINI LEVAPUNTI, MONOUSO;S;;2022-02-23 00:00:00;
V0103;LAME MONOUSO;S;;2007-02-20 00:00:00;2022-02-22 00:00:00
V0103;LAME MONOUSO;N;;2022-02-23 00:00:00;2022-02-23 00:00:00
V0103;LAME, MONOUSO - NON COMPRESE IN ALTRE CLASSI;N;;2022-02-23 00:00:00;
V010301;LAME CON SISTEMA DI SICUREZZA, MONOUSO - NON COMPRESE IN ALTRE CLASSI;S;;2022-02-23 00:00:00;
V010302;LAME SENZA SISTEMA DI SICUREZZA, MONOUSO - NON COMPRESE IN ALTRE CLASSI;S;;2022-02-23 00:00:00;
V0104;LANCETTE PUNGIDITO MONOUSO;S;;2007-02-20 00:00:00;2022-02-22 00:00:00
V0104;LANCETTE PUNGIDITO MONOUSO;N;;2022-02-23 00:00:00;2022-02-23 00:00:00
V0104;LANCETTE PUNGIDITO, MONOUSO;N;;2022-02-23 00:00:00;
V010401;LANCETTE PUNGIDITO CON SISTEMA DI SICUREZZA, MONOUSO;S;;2022-02-23 00:00:00;
V010402;LANCETTE PUNGIDITO SENZA SISTEMA DI SICUREZZA, MONOUSO;S;;2022-02-23 00:00:00;
V0199;DISPOSITIVI TAGLIENTI MONOUSO - ALTRI;S;;2007-02-20 00:00:00;2022-02-22 00:00:00
V0199;DISPOSITIVI TAGLIENTI, MONOUSO - ALTRI;S;;2022-02-23 00:00:00;
V02;DISPOSITIVI PER NEONATOLOGIA E PEDIATRIA;N;;2007-02-20 00:00:00;
V0201;MASCHERINE PER FOTOTERAPIA;S;;2007-02-20 00:00:00;
V0202;MORSETTI E CLIPPER OMBELICALI;S;;2007-02-20 00:00:00;2022-02-22 00:00:00
V0202;MORSETTI E CLIPPER OMBELICALI, MONOUSO;S;;2022-02-23 00:00:00;
V0203;DISPOSITIVI PER LA NUTRIZIONE DEL NEONATO;N;;2022-02-23 00:00:00;
V020301;TIRALATTE MANUALI E KIT;S;;2022-02-23 00:00:00;
V020302;BIBERON E KIT;S;;2022-02-23 00:00:00;
V020303;TETTARELLE;S;;2022-02-23 00:00:00;
V020380;DISPOSITIVI PER LA NUTRIZIONE DEL NEONATO - ACCESSORI;S;;2022-02-23 00:00:00;
V020399;DISPOSITIVI PER LA NUTRIZIONE DEL NEONATO - ALTRI;S;;2022-02-23 00:00:00;
V0280;DISPOSITIVI PER NEONATOLOGIA E PEDIATRIA - ACCESSORI;N;;2007-02-20 00:00:00;2022-02-22 00:00:00
V0280;DISPOSITIVI PER NEONATOLOGIA E PEDIATRIA - ACCESSORI NON COMPRESI IN ALTRE CLASSI ;N;;2022-02-23 00:00:00;
V028001;ACCESSORI PER LA NUTRIZIONE DEL NEONATO;S;;2007-02-20 00:00:00;2018-06-25 00:00:00
V028001;DISPOSITIVI PER LA NUTRIZIONE DEL NEONATO;N;;2018-06-26 00:00:00;2022-02-23 00:00:00
V028001;ACCESSORI PER LA NUTRIZIONE DEL NEONATO;N;;2018-06-26 00:00:00;2018-06-26 00:00:00
V02800101;TIRALATTE;S;;2018-06-26 00:00:00;2022-02-23 00:00:00
V02800102;BIBERON;S;;2018-06-26 00:00:00;2022-02-23 00:00:00
V02800103;TETTARELLE;S;;2018-06-26 00:00:00;2022-02-23 00:00:00
V02800104;KIT BIBERON E TETTARELLE;S;;2018-06-26 00:00:00;2022-02-23 00:00:00
V02800105;KIT PER TIRALATTE;S;;2018-06-26 00:00:00;2022-02-23 00:00:00
V02800199;DISPOSITIVI PER LA NUTRIZIONE DEL NEONATO - ALTRI;S;;2018-06-26 00:00:00;2022-02-23 00:00:00
V028002;KIT PER LA CURA DEL NEONATO;S;;2007-02-20 00:00:00;
V028099;DISPOSITIVI PER NEONATOLOGIA E PEDIATRIA - ACCESSORI ALTRI;S;;2007-02-20 00:00:00;2022-02-22 00:00:00
V028099;DISPOSITIVI PER NEONATOLOGIA E PEDIATRIA - ACCESSORI NON COMPRESI IN ALTRE CLASSI ALTRI;S;;2022-02-23 00:00:00;
V0299;DISPOSITIVI PER NEONATOLOGIA E PEDIATRIA - ALTRI;S;;2007-02-20 00:00:00;
V03;DISPOSITIVI CON FUNZIONI DI MISURA;N;;2007-02-20 00:00:00;
V0301;SISTEMI PER LA MISURAZIONE DELLA TEMPERATURA;N;;2007-02-20 00:00:00;2022-02-22 00:00:00
V0301;DISPOSITIVI PER MISURAZIONE DELLA TEMPERATURA CORPOREA;N;;2022-02-23 00:00:00;
V030101;TERMOMETRI;N;;2007-02-20 00:00:00;
V03010101;TERMOMETRI A MERCURIO;S;;2007-02-20 00:00:00;2022-02-23 00:00:00
V03010102;TERMOMETRI ELETTRONICI E COPRICAPPUCCI;S;;2007-02-20 00:00:00;2022-02-22 00:00:00
V03010102;TERMOMETRI ELETTRONICI E COPRICAPPUCCI;N;;2022-02-23 00:00:00;2022-02-23 00:00:00
V03010102;TERMOMETRI DIGITALI;N;;2022-02-23 00:00:00;
V0301010201;TERMOMETRI DIGITALI  A CONTATTO;S;;2022-02-23 00:00:00;
V0301010202;TERMOMETRI DIGITALI A DISTANZA;S;;2022-02-23 00:00:00;
V0301010299;TERMOMETRI DIGITALI Â¿ ALTRI;S;;2022-02-23 00:00:00;
V03010103;TERMOMETRI SONORI (N.T.COD. ISO 0948);S;;2007-02-20 00:00:00;2022-02-23 00:00:00
V03010104;TERMOMETRI  AD ESPANSIONE DI LIQUIDO;S;;2022-02-23 00:00:00;
V03010199;TERMOMETRI - ALTRI;S;;2008-06-30 00:00:00;
V030102;SONDE PER IL MONITORAGGIO DELLA TEMPERATURA;N;;2007-02-20 00:00:00;2022-02-22 00:00:00
V030102;SONDE PER MONITORAGGIO DELLA TEMPERATURA CORPOREA;N;;2022-02-23 00:00:00;
V03010201;SONDE CUTANEE PER IL MONITORAGGIO DELLA TEMPERATURA;S;;2007-02-20 00:00:00;
V03010299;SONDE PER IL MONITORAGGIO DELLA TEMPERATURA - ALTRE;S;;2007-02-20 00:00:00;2022-02-22 00:00:00
V03010299;SONDE PER MONITORAGGIO DELLA TEMPERATURA CORPOREA - ALTRE;S;;2022-02-23 00:00:00;
V030180;DISPOSITIVI PER MISURAZIONE DELLA TEMPERATURA CORPOREA Â¿ ACCESSORI;S;;2022-02-23 00:00:00;
V030199;DISPOSITIVI PER MISURAZIONE DELLA TEMPERATURA CORPOREA Â¿ ALTRI;S;;2022-02-23 00:00:00;
V0302;SISTEMI PER MISURAZIONE DI PARAMETRI CLINICI DIMENSIONALI;N;;2007-02-20 00:00:00;2022-02-22 00:00:00
V0302;DISPOSITIVI PER MISURAZIONE DI PARAMETRI CLINICI DIMENSIONALI;N;;2022-02-23 00:00:00;
V030201;CALIBRI;S;;2007-02-20 00:00:00;
V030202;GONIOMETRI;S;;2007-02-20 00:00:00;
V030203;SISTEMI PER MISURAZIONI IN OFTALMOLOGIA;S;;2007-02-20 00:00:00;2022-02-22 00:00:00
V030203;DISPOSITIVI PER MISURAZIONI IN OFTALMOLOGIA NON PRESENTI IN ALTRE CLASSI;S;;2022-02-23 00:00:00;
V030204;SISTEMI PER MISURAZIONI DI IMPIANTI;S;;2007-02-20 00:00:00;2022-02-22 00:00:00
V030204;DISPOSITIVI PER MISURAZIONI DI IMPIANTI NON PRESENTI IN ALTRE CLASSI;S;;2022-02-23 00:00:00;
V030205;SISTEMI PER MISURAZIONI IN OSTETRICIA E GINECOLOGIA;S;;2007-02-20 00:00:00;2022-02-22 00:00:00
V030205;DISPOSITIVI PER MISURAZIONI IN OSTETRICIA E GINECOLOGIA NON PRESENTI IN ALTRE CLASSI;S;;2022-02-23 00:00:00;
V030206;SISTEMI PER MISURAZIONI IN UROLOGIA;S;;2007-02-20 00:00:00;2022-02-22 00:00:00
V030206;DISPOSITIVI PER MISURAZIONI IN UROLOGIA NON PRESENTI IN ALTRE CLASSI;S;;2022-02-23 00:00:00;
V030207;SISTEMI PER MISURAZIONI DELLA SENSIBILITA';S;;2007-02-20 00:00:00;2022-02-22 00:00:00
V030207;DISPOSITIVI PER MISURAZIONI DELLA SENSIBILITA' NON PRESENTI IN ALTRE CLASSI;S;;2022-02-23 00:00:00;
V030208;SISTEMI PER MISURAZIONI IN ORL;S;;2007-02-20 00:00:00;2022-02-22 00:00:00
V030208;DISPOSITIVI PER MISURAZIONI IN ORL NON PRESENTI IN ALTRE CLASSI;S;;2022-02-23 00:00:00;
V030209;ALTIMETRI CLINICI;S;;2022-02-23 00:00:00;
V030210;BILANCE PESAPERSONE (ESCLUSE QUELLE PER NEONATOLOGIA);S;;2022-02-23 00:00:00;
V030211;STAZIONI PER MISURAZIONI MULTIDIMENSIONALI;N;;2022-02-23 00:00:00;
V03021101;ALTIMETRI CLINICI CON BILANCIA PESAPERSONE;S;;2022-02-23 00:00:00;
V03021199;STAZIONI PER MISURAZIONI MULTIDIMENSIONALI - ALTRE;S;;2022-02-23 00:00:00;
V030299;SISTEMI PER MISURAZIONE DI PARAMETRI CLINICI DIMENSIONALI - ALTRI;S;;2007-02-20 00:00:00;2022-02-22 00:00:00
V030299;DISPOSITIVI PER MISURAZIONE DI PARAMETRI CLINICI DIMENSIONALI - ALTRI;S;;2022-02-23 00:00:00;
V0380;DISPOSITIVI CON FUNZIONI DI MISURA - ACCESSORI;S;;2022-02-23 00:00:00;
V0399;DISPOSITIVI CON FUNZIONI DI MISURA - ALTRI;S;;2007-02-20 00:00:00;
V04;CONTENITORI PER USO CLINICO (NON IVD);N;;2007-02-20 00:00:00;2022-02-22 00:00:00
V04;CONTENITORI PER USO CLINICO (NON IVD) MARCATI COME DISPOSITIVI MEDICI;N;;2022-02-23 00:00:00;
V0401;BOTTICINI PER USO CLINICO;S;;2007-02-20 00:00:00;2022-02-22 00:00:00
V0401;BOTTICINI PER USO CLINICO MARCATI COME DISPOSITIVI MEDICI;S;;2022-02-23 00:00:00;
V0402;VASSOI E BACINELLE PER USO CLINICO;S;;2007-02-20 00:00:00;2022-02-22 00:00:00
V0402;VASSOI E BACINELLE PER USO CLINICO MARCATI COME DISPOSITIVI MEDICI;S;;2022-02-23 00:00:00;
V0480;CONTENITORI PER USO CLINICO NON IVD - ACCESSORI;S;;2007-02-20 00:00:00;2022-02-22 00:00:00
V0480;CONTENITORI PER USO CLINICO (NON IVD) MARCATI COME DISPOSITIVI MEDICI - ACCESSORI;S;;2022-02-23 00:00:00;
V0499;CONTENITORI PER USO CLINICO NON IVD - ALTRI;S;;2007-02-20 00:00:00;2022-02-22 00:00:00
V0499;CONTENITORI PER USO CLINICO (NON IVD) MARCATI COME DISPOSITIVI MEDICI - ALTRI;S;;2022-02-23 00:00:00;
V05;KIT PER PROCEDURE CLINICHE NON ALTRIMENTI CLASSIFICATI;N;;2007-02-20 00:00:00;2022-02-22 00:00:00
V05;KIT PER PROCEDURE CLINICHE NON COMPRESI IN ALTRE CLASSI;N;;2022-02-23 00:00:00;
V0501;KIT PER GESTIONE DI EMERGENZE CLINICHE;S;;2007-02-20 00:00:00;
V0502;KIT PER SOMMINISTRAZIONI CLINICHE (non compresi nella classe A0304);S;;2007-02-20 00:00:00;2022-02-22 00:00:00
V0502;KIT PER SOMMINISTRAZIONI CLINICHE NON COMPRESI IN ALTRE CLASSI;S;;2022-02-23 00:00:00;
V0599;KIT PER PROCEDURE CLINICHE - ALTRI;S;;2007-02-20 00:00:00;2022-02-22 00:00:00
V0599;KIT PER PROCEDURE CLINICHE NON COMPRESI IN ALTRE CLASSI - ALTRI;S;;2022-02-23 00:00:00;
V06;DISPOSITIVI PER SIMULAZIONE DI PROCEDURE CLINICHE;S;;2007-02-20 00:00:00;2022-02-22 00:00:00
V06;DISPOSITIVI PER SIMULAZIONE DI PROCEDURE CLINICHE;N;;2022-02-23 00:00:00;
V0601;DISPOSITIVI PER SIMULAZIONE DI PROCEDURE ORTOPEDICHE E TRAUMATOLOGICHE;N;;2022-02-23 00:00:00;
V060101;DISPOSITIVI DI PROVA PER PROTESI ORTOPEDICHE;N;;2022-02-23 00:00:00;
V06010101;DISPOSITIVI DI PROVA PER PROTESI D'ANCA;S;;2022-02-23 00:00:00;
V06010102;DISPOSITIVI DI PROVA PER PROTESI DI GINOCCHIO;S;;2022-02-23 00:00:00;
V06010103;DISPOSITIVI DI PROVA PER PROTESI DI SPALLA;S;;2022-02-23 00:00:00;
V06010199;DISPOSITIVI DI PROVA PER PROTESI ORTOPEDICHE - ALTRI;S;;2022-02-23 00:00:00;
V060102;DISPOSITIVI DI PROVA PER CHIRURGIA SPINALE;S;;2022-02-23 00:00:00;
V0602;DISPOSITIVI PER SIMULAZIONE DI PROCEDURE VASCOLARI;S;;2022-02-23 00:00:00;
V0603;DISPOSITIVI PER SIMULAZIONE DI PROCEDURE ODONTOIATRICHE;S;;2022-02-23 00:00:00;
V0604;DISPOSITIVI PER SIMULAZIONE DI PROCEDURE CHIRURGICHE GENERALI;S;;2022-02-23 00:00:00;
V0605;DISPOSITIVI PER SIMULAZIONE DI PROCEDURE OFTALMOLOGICHE;S;;2022-02-23 00:00:00;
V0606;DISPOSITIVI DI PROVA PER CHIRURGIA MAMMARIA;S;;2022-02-23 00:00:00;
V0607;DISPOSITIVI DI PROVA PER IMPIANTI DI OSTEOSINTESI;S;;2022-02-23 00:00:00;
V0680;DISPOSITIVI PER SIMULAZIONE DI PROCEDURE CLINICHE - ACCESSORI;S;;2022-02-23 00:00:00;
V0699;DISPOSITIVI PER SIMULAZIONE DI PROCEDURE CLINICHE - ALTRI;S;;2022-02-23 00:00:00;
V07;PRODOTTI PER PULIZIA DI DISPOSITIVI MEDICI NON COMPRESI IN ALTRE CLASSI;S;;2007-02-20 00:00:00;2022-02-22 00:00:00
V07;PRODOTTI PER PULIZIA DI DISPOSITIVI MEDICI NON COMPRESI IN ALTRE CLASSI;N;;2022-02-23 00:00:00;
V0701;SPAZZOLINI PER LA PULIZIA;N;;2022-02-23 00:00:00;
V070101;SPAZZOLINI PER LA PULIZIA DI ENDOSCOPI - AD USO GENERICO;S;;2022-02-23 00:00:00;
V070102;SPAZZOLINI PER LA PULIZIA DI ENDOSCOPI PER ENDOSCOPIA DIGESTIVA;S;;2022-02-23 00:00:00;
V070103;SPAZZOLINI PER LA PULIZIA DI OTTICHE NEFRO-CISTOSCOPICHE;S;;2022-02-23 00:00:00;
V070104;SPAZZOLINI PER PULIZIA DI OTTICHE BRONCOSCOPICHE;S;;2022-02-23 00:00:00;
V070105;SPAZZOLINI PER LA PULIZIA DI STRUMENTARIO;S;;2022-02-23 00:00:00;
V0702;SCOVOLINI PER LA PULIZIA DI STRUMENTARIO E DISPOSITIVI CANNULATI;S;;2022-02-23 00:00:00;
V0703;SPUGNE PER LA PULIZIA DI ELETTRODI;S;;2022-02-23 00:00:00;
V0704;STILETTI PER LA PULIZIA DI STRUMENTARIO E DISPOSITIVI CANNULATI;S;;2022-02-23 00:00:00;
V0799;PRODOTTI PER PULIZIA DI DISPOSITIVI MEDICI NON COMPRESI IN ALTRE CLASSI - ALTRI;S;;2022-02-23 00:00:00;
V08;ATTREZZATURE DI SUPPORTO ALL'ATTIVITA' SANITARIA;N;;2007-02-20 00:00:00;2022-02-22 00:00:00
V08;ATTREZZATURE E AUSILI A SUPPORTO DELL'ATTIVITA' SANITARIA;N;;2022-02-23 00:00:00;
V0801;LETTI PER PAZIENTI (NON ORTOPEDICI);S;;2007-02-20 00:00:00;2022-02-23 00:00:00
V0802;POLTRONE E SEDIE PER PAZIENTI;S;;2007-02-20 00:00:00;2022-02-22 00:00:00
V0802;POLTRONE MEDICALI;N;;2022-02-23 00:00:00;
V0802;POLTRONE E SEDIE PER PAZIENTI;N;;2022-02-23 00:00:00;2022-02-23 00:00:00
V080201;POLTRONE MEDICALI ELETTRICHE ;N;;2022-02-23 00:00:00;
V08020101;POLTRONE MEDICALI ELETTRICHE AD USO GENERICO;S;;2022-02-23 00:00:00;
V08020102;POLTRONE MEDICALI ELETTRICHE CON SISTEMA DI PESATURA;S;;2022-02-23 00:00:00;
V08020199;POLTRONE MEDICALI ELETTRICHE Â¿ ALTRE;S;;2022-02-23 00:00:00;
V080202;POLTRONE MEDICALI MANUALI ;S;;2022-02-23 00:00:00;
V080280;POLTRONE MEDICALI Â¿ ACCESSORI;S;;2022-02-23 00:00:00;
V080299;POLTRONE MEDICALI Â¿ ALTRE;S;;2022-02-23 00:00:00;
V0803;CUSCINI PER PAZIENTI (non antidecubito);S;;2007-02-20 00:00:00;2022-02-22 00:00:00
V0803;CUSCINI MEDICALI;N;;2022-02-23 00:00:00;
V0803;CUSCINI PER PAZIENTI (non antidecubito);N;;2022-02-23 00:00:00;2022-02-23 00:00:00
V080301;CUSCINI MEDICALI ANTIDECUBITO ;N;;2022-02-23 00:00:00;
V08030101;CUSCINI MEDICALI ANTIDECUBITO ATTIVI  (N.T. EN ISO 043303);S;;2022-02-23 00:00:00;
V08030102;CUSCINI MEDICALI ANTIDECUBITO NON ATTIVI  (N.T. EN ISO 043303);S;;2022-02-23 00:00:00;
V080302;CUSCINI MEDICALI  PER POSIZIONAMENTO DEL PAZIENTE;S;;2022-02-23 00:00:00;
V080399;CUSCINI MEDICALI Â¿ ALTRI;S;;2022-02-23 00:00:00;
V0804;IMMOBILIZZATORI PER PAZIENTI (durante procedure diagnostiche o terapeutiche);S;;2007-02-20 00:00:00;
V0805;ATTREZZATURE PER TRASFERIMENTO DI PAZIENTI;N;;2022-02-23 00:00:00;
V080501;BARELLE PER TRASFERIMENTO DI PAZIENTI;N;;2022-02-23 00:00:00;
V08050101;BARELLE AD USO GENERICO;S;;2022-02-23 00:00:00;
V08050102;BARELLE AUTOCARICANTI;S;;2022-02-23 00:00:00;
V08050103;BARELLE DI EMERGENZA E TRAUMATOLOGICHE;S;;2022-02-23 00:00:00;
V08050104;BARELLE DA BIOCONTENIMENTO;S;;2022-02-23 00:00:00;
V08050199;BARELLE PER TRASFERIMENTO DI PAZIENTI Â¿ ALTRE;S;;2022-02-23 00:00:00;
V080502;SEDIE PER TRASFERIMENTO DI PAZIENTE;S;;2022-02-23 00:00:00;
V080503;SOLLEVATORI PER TRASFERIMENTO DI PAZIENTE;N;;2022-02-23 00:00:00;
V08050301;SOLLEVATORI MOBILI;N;;2022-02-23 00:00:00;
V0805030101;SOLLEVATORI MOBILI MANUALI;S;;2022-02-23 00:00:00;
V0805030102;SOLLEVATORI MOBILI ELETTRICI;S;;2022-02-23 00:00:00;
V08050302;SOLLEVATORI FISSI ELETTRICI;S;;2022-02-23 00:00:00;
V08050303;SOLLEVATORI DA VASCA ;S;;2022-02-23 00:00:00;
V08050380;SOLLEVATORI PER TRASFERIMENTO DI PAZIENTE - ACCESSORI;N;;2022-02-23 00:00:00;
V0805038001;SUPPORTI RIGIDI PER SOLLEVATORI (BARELLE) ;S;;2022-02-23 00:00:00;
V0805038002;SUPPORTI NON RIGIDI PER SOLLEVATORI (IMBRAGATURE) ;S;;2022-02-23 00:00:00;
V08050399;SOLLEVATORI PER TRASFERIMENTO DI PAZIENTE Â¿ ALTRI;S;;2022-02-23 00:00:00;
V080504;ASSI E TAVOLE DI TRASFERIMENTO DI PAZIENTE ;S;;2022-02-23 00:00:00;
V0806;LETTI MEDICALI;N;;2022-02-23 00:00:00;
V080601;LETTI MEDICALI ELETTRICI ;N;;2022-02-23 00:00:00;
V08060101;LETTI MEDICALI ELETTRICI PER DEGENZA OSPEDALIERA/DOMICILIARE ;S;;2022-02-23 00:00:00;
V08060102;LETTI MEDICALI ELETTRICI PER TERAPIA INTENSIVA O RIANIMAZIONE ;S;;2022-02-23 00:00:00;
V08060103;LETTI MEDICALI ELETTRICI PER TERAPIA SEMINTENSIVA O UTIC;S;;2022-02-23 00:00:00;
V08060104;LETTI MEDICALI ELETTRICI PER PAZIENTI USTIONATI ;S;;2022-02-23 00:00:00;
V08060105;LETTI MEDICALI ELETTRICI CON SISTEMA DI PESATURA;S;;2022-02-23 00:00:00;
V08060106;LETTI MEDICALI ELETTRICI BARIATRICI;S;;2022-02-23 00:00:00;
V08060107;LETTI MEDICALI ELETTRICI  PEDIATRICI;N;;2022-02-23 00:00:00;
V0806010701;LETTI MEDICALI ELETTRICI PEDIATRICI PER DEGENZA OSPEDALIERA/DOMICILIARE;S;;2022-02-23 00:00:00;
V0806010702;LETTI MEDICALI ELETTRICI PEDIATRICI PER TERAPIA INTENSIVA;S;;2022-02-23 00:00:00;
V08060199;LETTI MEDICALI ELETTRICI - ALTRI;S;;2022-02-23 00:00:00;
V080602;LETTI MEDICALI MANUALI ;S;;2022-02-23 00:00:00;
V080603;LETTINI MEDICALI PER TRATTAMENTO, DIAGNOSI E MONITORAGGIO;S;;2022-02-23 00:00:00;
V080680;LETTI MEDICALI Â¿ ACCESSORI;N;;2022-02-23 00:00:00;
V08068001;SPONDE PER LETTI ;S;;2022-02-23 00:00:00;
V08068002;SUPPORTI PER LETTO ;S;;2022-02-23 00:00:00;
V08068099;LETTI MEDICALI Â¿ ACCESSORI ALTRI;S;;2022-02-23 00:00:00;
V080699;LETTI MEDICALI Â¿ ALTRI;S;;2022-02-23 00:00:00;
V0807;MATERASSI MEDICALI ANTIDECUBITO;N;;2022-02-23 00:00:00;
V080701;MATERASSI MEDICALI ANTIDECUBITO ATTIVI;S;;2022-02-23 00:00:00;
V080702;MATERASSI MEDICALI ANTIDECUBITO NON ATTIVI;S;;2022-02-23 00:00:00;
V0808;TRAVERSE MEDICALI;S;;2022-02-23 00:00:00;
V0809;CULLE CLINICHE MANUALI PER NEONATI;S;;2022-02-23 00:00:00;
V0810;POSIZIONATORI PER NEONATI;S;;2022-02-23 00:00:00;
V0811;AUSILI DI PROTEZIONE ANTIDECUBITO PER TALLONE, GOMITO E GINOCCHIO;S;;2022-02-23 00:00:00;
V0812;AUSILI PER LA RACCOLTA DI FECI E URINE (PADELLE E PAPPAGALLI);S;;2022-02-23 00:00:00;
V0880;ATTREZZATURE DI SUPPORTO ALL'ATTIVITA' SANITARIA - ACCESSORI;S;;2007-02-20 00:00:00;
V0899;ATTREZZATURE DI SUPPORTO ALL'ATTIVITA' SANITARIA - ALTRE;S;;2007-02-20 00:00:00;
V09;FLUIDI/GAS PER APPLICAZIONI CLINICO/TERAPEUTICHE;N;;2018-06-26 00:00:00;
V0901;ANIDRIDE CARBONICA ;S;;2018-06-26 00:00:00;2022-02-22 00:00:00
V0901;ANIDRIDE CARBONICA PER APPLICAZIONI CLINICO/TERAPEUTICHE;S;;2022-02-23 00:00:00;
V0902;AZOTO LIQUIDO ;S;;2018-06-26 00:00:00;2022-02-22 00:00:00
V0902;AZOTO LIQUIDO PER APPLICAZIONI CLINICO/TERAPEUTICHE;S;;2022-02-23 00:00:00;
V0903;MISCELE DI GAS;S;;2018-06-26 00:00:00;2022-02-22 00:00:00
V0903;MISCELE DI GAS PER APPLICAZIONI CLINICO/TERAPEUTICHE;S;;2022-02-23 00:00:00;
V0904;AZOTO PROTOSSIDO;S;;2018-06-26 00:00:00;2022-02-22 00:00:00
V0904;AZOTO PROTOSSIDO PER APPLICAZIONI CLINICO/TERAPEUTICHE;S;;2022-02-23 00:00:00;
V0905;ARGON PER APPLICAZIONI CLINICO/TERAPEUTICHE;S;;2022-02-23 00:00:00;
V0999;FLUIDI/GAS PER APPLICAZIONI CLINICO/TERAPEUTICHE - ALTRI ;S;;2018-06-26 00:00:00;
V80;ACCESSORI PER USO CLINICO NON ALTRIMENTI CLASSIFICATI;S;;2007-02-20 00:00:00;2022-02-22 00:00:00
V80;ACCESSORI PER USO CLINICO NON COMPRESI IN ALTRE CLASSI;S;;2022-02-23 00:00:00;
V90;DISPOSITIVI NON COMPRESI NELLE CLASSI PRECEDENTI - VARI;N;;2007-02-20 00:00:00;2022-02-22 00:00:00
V90;DISPOSITIVI VARI NON COMPRESI IN ALTRE CLASSI;N;;2022-02-23 00:00:00;
V9001;ABBASSALINGUA;S;;2007-02-20 00:00:00;2008-06-29 00:00:00
V9001;ABBASSALINGUA MONOUSO;S;;2008-06-30 00:00:00;
V9002;ENTEROCLISMI;S;;2007-02-20 00:00:00;
V9003;LACCI EMOSTATICI;S;;2007-02-20 00:00:00;
V9004;MATITE DERMOGRAFICHE;S;;2007-02-20 00:00:00;2022-02-22 00:00:00
V9004;MATITE DERMOGRAFICHE E PENNE PER MARCATURA CUTANEA;S;;2022-02-23 00:00:00;
V9005;SCHIZZETTI IN GOMMA;S;;2007-02-20 00:00:00;
V9007;LUBRIFICANTI STERILI PER APPARECCHIATURE;S;;2007-02-20 00:00:00;
V9009;PENNE PUNGIDITO;S;;2007-02-20 00:00:00;2011-08-30 00:00:00
V9010;DISPOSITIVI AD AZIONE MECCANICA PER ELIMINAZIONE DI PARASSITI;N;;2008-06-30 00:00:00;
V901001;DISPOSITVI AD AZIONE MECCANICA PER ELIMINAZIONE DI PIDOCCHI;S;;2008-06-30 00:00:00;2022-02-22 00:00:00
V901001;DISPOSITIVI AD AZIONE MECCANICA PER ELIMINAZIONE DI PIDOCCHI;S;;2022-02-23 00:00:00;
V901099;DISPOSITVI AD AZIONE MECCANICA PER ELIMINAZIONE DI PARASSITI - ALTRI;S;;2008-06-30 00:00:00;2022-02-22 00:00:00
V901099;DISPOSITIVI AD AZIONE MECCANICA PER ELIMINAZIONE DI PARASSITI - ALTRI;S;;2022-02-23 00:00:00;
V9011;TRASDUTTORI POLIFUNZIONALI;S;;2008-06-30 00:00:00;
V9012;STRUMENTARIO CHIRURGICO MONOUSO NON SPECIALISTICO;S;;2011-08-30 00:00:00;2022-02-22 00:00:00
V9012;STRUMENTARIO CHIRURGICO NON SPECIALISTICO E KIT, MONOUSO;S;;2022-02-23 00:00:00;
V9013;TAMPONI PER PRELIEVO DI CAMPIONI;N;;2011-08-30 00:00:00;2022-02-23 00:00:00
V901301;TAMPONI NEUTRI PER PRELIEVO DI CAMPIONI;S;;2011-08-30 00:00:00;2022-02-23 00:00:00
V901302;TAMPONI CON TERRENO DI TRASPORTO PER PRELIEVO DI CAMPIONI;S;;2011-08-30 00:00:00;2022-02-23 00:00:00
V9014;SPATOLE PER PRELIEVO DI CAMPIONI;S;;2011-08-30 00:00:00;2022-02-23 00:00:00
V9015;SOSTANZE CONDUTTIVE CUTANEE PER ELETTRODI E SONDE;S;;2022-02-23 00:00:00;
V9016;STRUMENTARIO CHIRURGICO SPECIALISTICO E KIT, MONOUSO - NON COMPRESI IN ALTRE CLASSI;N;;2022-02-23 00:00:00;
V901601;STRUMENTARIO PER CHIRURGIA PLASTICA E KIT AD USO GENERICO PER SCOPI NON ESTETICI, MONOUSO;S;;2022-02-23 00:00:00;
V901602;STRUMENTARIO PER DERMOCHIRURGIA E KIT, MONOUSO;S;;2022-02-23 00:00:00;
V901603;STRUMENTARIO PER TRATTAMENTI SUPERFICIALI E KIT, MONOUSO;S;;2022-02-23 00:00:00;
V901699;STRUMENTARIO CHIRURGICO SPECIALISTICO E KIT, MONOUSO - NON COMPRESI IN ALTRE CLASSI - ALTRI;S;;2022-02-23 00:00:00;
V9017;PREPARATI PER SOMMINISTRAZIONE ORALE NON COMPRESI IN ALTRE CLASSI;S;;2022-02-23 00:00:00;
V9018;DISPOSITIVI MANUALI PER TRICOTOMIA;S;;2022-02-23 00:00:00;
V9099;DISPOSITIVI NON COMPRESI NELLE CLASSI PRECEDENTI - ALTRI;S;;2007-02-20 00:00:00;2022-02-22 00:00:00
V9099;DISPOSITIVI VARI NON COMPRESI IN ALTRE CLASSI - ALTRI;S;;2022-02-23 00:00:00;
V92;DISPOSITIVI MEDICI SOFTWARE - NON COMPRESI IN ALTRE CLASSI;S;;2022-02-23 00:00:00;
W;DISPOSITIVI MEDICO-DIAGNOSTICI IN VITRO (D. Lgs. 332/2000);N;;2007-02-20 00:00:00;
W01;REAGENTI DIAGNOSTICI;N;;2007-02-20 00:00:00;
W0101;CHIMICA CLINICA;N;;2007-02-20 00:00:00;
W010101;ENZIMI;N;;2007-02-20 00:00:00;
W01010101;5'-NUCLEOTIDASI;S;;2007-02-20 00:00:00;
W01010102;FOSFATASI ACIDA;S;;2007-02-20 00:00:00;
W01010103;ALANINA AMINOTRANSFERASI;S;;2007-02-20 00:00:00;
W01010104;ALDOLASI;S;;2007-02-20 00:00:00;
W01010105;FOSFATASI ALCALINA - TOTALE;S;;2007-02-20 00:00:00;
W01010106;FOSFATASI ALCALINA ISOENZIMI;S;;2007-02-20 00:00:00;
W01010107;AMILASI - TOTALE;S;;2007-02-20 00:00:00;
W01010108;ISOENZIMI AMILASI;S;;2007-02-20 00:00:00;
W01010109;ANGIOTENSINA ENZIMA CONVERTITORE (ACE);S;;2007-02-20 00:00:00;
W01010110;ASPARTATO AMINOTRANSFERASI;S;;2007-02-20 00:00:00;
W01010111;COLINESTERASI;S;;2007-02-20 00:00:00;
W01010112;CHIMOTRIPSINA;S;;2007-02-20 00:00:00;
W01010113;CREATINCHINASI - TOTALE;S;;2007-02-20 00:00:00;
W01010114;"CREATINCHINASI ISOENZIMA MB ""ATTIVITA'""";S;;2007-02-20 00:00:00;
W01010115;CREATINCHINASI ISOENZIMI;S;;2007-02-20 00:00:00;
W01010116;GAMMA GLUTAMILTRANSFERASI;S;;2007-02-20 00:00:00;
W01010117;GLUTAMMATO DEIDROGENASI;S;;2007-02-20 00:00:00;
W01010118;IDROSSIBUTIRRATO DEIDROGENASI;S;;2007-02-20 00:00:00;2011-08-29 00:00:00
W01010118;IDROSSIBUTIRATO DEIDROGENASI;S;;2011-08-30 00:00:00;2016-11-14 00:00:00
W01010118;IDROSSIBUTIRRATO DEIDROGENASI;S;;2016-11-15 00:00:00;
W01010119;LATTATO DEIDROGENASI L ( LDH - L --> P );S;;2007-02-20 00:00:00;
W01010120;LATTATO DEIDROGENASI P ( LDH - P --> L );S;;2007-02-20 00:00:00;
W01010121;LATTATO DEIDROGENASI ISOENZIMI;S;;2007-02-20 00:00:00;
W01010122;LEUCINA AMINO PEPTIDASI;S;;2007-02-20 00:00:00;
W01010123;LIPASI;S;;2007-02-20 00:00:00;
W01010124;LISOZIMA;S;;2007-02-20 00:00:00;
W01010125;MALATO DEIDROGENASI;S;;2007-02-20 00:00:00;
W01010126;N-ACETYL-Ã,D-GLUCOSAMINIDASI;S;;2007-02-20 00:00:00;
W01010127;PEPSINA;S;;2007-02-20 00:00:00;
W01010128;FOSFOESOMERASI;S;;2007-02-20 00:00:00;
W01010129;SORBITOLO DEIDROGENASI;S;;2007-02-20 00:00:00;
W01010130;TRIPSINA;S;;2007-02-20 00:00:00;
W01010131;ESOCHINASI ADP;S;;2022-02-23 00:00:00;
W01010199;ENZIMI - ALTRI;S;;2007-02-20 00:00:00;
W010102;SUBSTRATI;N;;2007-02-20 00:00:00;
W01010201;ALBUMINA;S;;2007-02-20 00:00:00;
W01010202;ACIDI BILIARI;S;;2007-02-20 00:00:00;
W01010203;BILIRUBINA;S;;2007-02-20 00:00:00;
W01010204;UREA/AZOTO UREICO;S;;2007-02-20 00:00:00;
W01010205;COLESTEROLO;S;;2007-02-20 00:00:00;
W01010206;RAME;S;;2007-02-20 00:00:00;
W01010207;CREATININA;S;;2007-02-20 00:00:00;
W01010208;D-XILOSIO;S;;2007-02-20 00:00:00;
W01010209;ACIDO DELTA-AMINOLEVULINICO;S;;2007-02-20 00:00:00;
W01010210;FRUTTOSAMINA;S;;2007-02-20 00:00:00;
W01010211;FRUTTOSIO;S;;2007-02-20 00:00:00;
W01010212;GALATTOSIO;S;;2007-02-20 00:00:00;
W01010213;GLUCOSIO;S;;2007-02-20 00:00:00;
W01010214;EMOGLOBINA GLICOSILATA/GLICATA;S;;2007-02-20 00:00:00;
W01010215;COLESTEROLO HDL (LIPOPROTEINE AD ALTA DENSITA');S;;2007-02-20 00:00:00;
W01010216;FERRO;S;;2007-02-20 00:00:00;
W01010217;CAPACITÃ LEGANTE DEL FERRO - TOTALE;S;;2007-02-20 00:00:00;
W01010218;LATTATO;S;;2007-02-20 00:00:00;
W01010219;LECITINA;S;;2007-02-20 00:00:00;
W01010220;LIPOPROTEINE, DETERMINAZIONE CHIMICA;S;;2007-02-20 00:00:00;
W01010221;COLESTEROLO LDL (LIPOPROTEINE A BASSA DENSITA');S;;2007-02-20 00:00:00;2022-02-22 00:00:00
W01010221;COLESTEROLO LDL (LIPOPROTEINE A BASSA DENSITA' INCLUSE SD-LDL);S;;2022-02-23 00:00:00;
W01010222;ACIDI GRASSI NON ESTERIFICATI;S;;2007-02-20 00:00:00;
W01010223;OSSALATI;S;;2007-02-20 00:00:00;
W01010224;FOSFOLIPIDI;S;;2007-02-20 00:00:00;
W01010225;PORFOBILINOGENO;S;;2007-02-20 00:00:00;
W01010226;PIRUVATO;S;;2007-02-20 00:00:00;
W01010227;TIMOLO;S;;2007-02-20 00:00:00;
W01010228;LIPIDI TOTALI;S;;2007-02-20 00:00:00;
W01010229;PORFIRINA TOTALE;S;;2007-02-20 00:00:00;
W01010230;PROTEINE TOTALI;S;;2007-02-20 00:00:00;
W01010231;TRIGLICERIDI;S;;2007-02-20 00:00:00;
W01010232;ACIDO URICO;S;;2007-02-20 00:00:00;
W01010233;ZINCO;S;;2007-02-20 00:00:00;
W01010234;ELETTROFORESI LIPOPROTEICA;S;;2007-02-20 00:00:00;
W01010235;ELETTROFORESI PROTEICA;S;;2007-02-20 00:00:00;
W01010236;FENILCHETONURIA;S;;2007-02-20 00:00:00;
W01010299;SUBSTRATI - ALTRI;S;;2007-02-20 00:00:00;
W010103;ELETTROLITI (ESCLUSI ELETTRODI);N;;2007-02-20 00:00:00;
W01010301;AMMONIO;S;;2007-02-20 00:00:00;
W01010302;BICARBONATO;S;;2007-02-20 00:00:00;
W01010303;CALCIO;S;;2007-02-20 00:00:00;
W01010304;CLORURO;S;;2007-02-20 00:00:00;
W01010305;LITIO;S;;2007-02-20 00:00:00;
W01010306;MAGNESIO;S;;2007-02-20 00:00:00;
W01010307;FOSFATO INORGANICO / FOSFORO;S;;2007-02-20 00:00:00;
W01010308;POTASSIO;S;;2007-02-20 00:00:00;
W01010309;SODIO;S;;2007-02-20 00:00:00;
W01010399;ELETTROLITI (REAGENTI) - ALTRI;S;;2007-02-20 00:00:00;
W010104;PARAMETRI MULTIPLI - CHIMICA CLINICA;N;;2007-02-20 00:00:00;
W01010401;SOLI ENZIMI MULTIPLI - REAGENTI DI CHIMICA CLINICA;S;;2007-02-20 00:00:00;
W01010402;SOLI SUBSTRATI MULTIPLI - REAGENTI DI CHIMICA CLINICA;S;;2007-02-20 00:00:00;
W01010403;SOLI ELETTROLITI MULTIPLI - REAGENTI DI CHIMICA CLINICA;S;;2007-02-20 00:00:00;
W01010404;PARAMETRI MULTIPLI (MISTI) - REAGENTI DI CHIMICA CLINICA;S;;2007-02-20 00:00:00;
W01010499;REAGENTI MULTIPLI DI CHIMICA CLINICA - ALTRI;S;;2007-02-20 00:00:00;
W010105;CONTROLLI/STANDARDS/CALIBRATORI CHIMICA CLINICA;N;;2007-02-20 00:00:00;
W01010501;SIERI DI CONTROLLO MULTICOMPONENTI (CHIMICA CLINICA);N;;2007-02-20 00:00:00;2022-02-22 00:00:00
W01010501;CONTROLLI MULTICOMPONENTI  (CHIMICA CLINICA);N;;2022-02-23 00:00:00;
W0101050101;SIERI MULTICOMPONENTI A VALORE NOTO (CC);S;;2007-02-20 00:00:00;2022-02-22 00:00:00
W0101050101;CONTROLLI MULTICOMPONENTI A VALORE NOTO (CC);S;;2022-02-23 00:00:00;
W0101050102;SIERI MULTICOMPONENTI A VALORE IGNOTO (CC);S;;2007-02-20 00:00:00;2022-02-22 00:00:00
W0101050102;CONTROLLI MULTICOMPONENTI A VALORE IGNOTO (CC);S;;2022-02-23 00:00:00;
W0101050199;SIERI MULTICOMPONENTI (CC) - ALTRI;S;;2007-02-20 00:00:00;2022-02-22 00:00:00
W0101050199;CONTROLLI MULTICOMPONENTI (CC)- ALTRI ;S;;2022-02-23 00:00:00;
W01010502;SIERI DI CONTROLLO SPECIFICI (CHIMICA CLINICA);N;;2007-02-20 00:00:00;2011-08-29 00:00:00
W01010502;SIERI DI CONTROLLO SPECIFICI  (CLIMICA CLINICA);N;;2011-08-30 00:00:00;2016-11-14 00:00:00
W01010502;SIERI DI CONTROLLO SPECIFICI (CHIMICA CLINICA);N;;2016-11-15 00:00:00;2022-02-22 00:00:00
W01010502;CONTROLLI SPECIFICI (CHIMICA CLINICA);N;;2022-02-23 00:00:00;
W0101050201;SIERI DI CONTROLLO PER ENZIMI;S;;2007-02-20 00:00:00;2022-02-22 00:00:00
W0101050201;CONTROLLI PER ENZIMI;S;;2022-02-23 00:00:00;
W0101050202;SIERI DI CONTROLLO PER LIPIDI;S;;2007-02-20 00:00:00;2022-02-22 00:00:00
W0101050202;CONTROLLI PER LIPIDI;S;;2022-02-23 00:00:00;
W0101050203;SIERI DI CONTROLLO PER BILIRUBINA;S;;2007-02-20 00:00:00;2022-02-22 00:00:00
W0101050203;CONTROLLI PER BILIRUBINA;S;;2022-02-23 00:00:00;
W0101050204;CONTROLLI PER ELETTROLITI;S;;2007-02-20 00:00:00;
W0101050205;CONTROLLI PER TEST DIABETE;S;;2007-02-20 00:00:00;2022-02-22 00:00:00
W0101050205;CONTROLLI PER DIABETE;S;;2022-02-23 00:00:00;
W0101050206;SIERI DI CONTROLLO PER SUBSTRATI;S;;2011-08-30 00:00:00;2022-02-23 00:00:00
W0101050207;CONTROLLI PER URINE;S;;2022-02-23 00:00:00;
W0101050208;CONTROLLI PER FLUIDO CEREBROSPINALE (CSF);S;;2022-02-23 00:00:00;
W0101050299;SIERI DI CONTROLLO SPECIFICI (CC) - ALTRI;S;;2007-02-20 00:00:00;2011-08-29 00:00:00
W0101050299;SIERI DI CONTROLLO SPECIFICI  (CC) - ALTRI;S;;2011-08-30 00:00:00;2022-02-22 00:00:00
W0101050299;CONTROLLI SPECIFICI (CC) - ALTRI;S;;2022-02-23 00:00:00;
W01010503;CALIBRATORI E STANDARDS (CHIMICA CLINICA);N;;2007-02-20 00:00:00;2011-08-29 00:00:00
W01010503;CALIBRATORI E STANDARDS  (CHIMICA CLINICA);N;;2011-08-30 00:00:00;
W0101050301;CALIBRATORI MULTICOMPONENTI (CC);S;;2007-02-20 00:00:00;2011-08-29 00:00:00
W0101050301;CALIBRATORI MULTICOMPONENTI  (CC);S;;2011-08-30 00:00:00;
W0101050302;CALIBRATORI MONOCOMPONENTI (CC);S;;2007-02-20 00:00:00;2011-08-29 00:00:00
W0101050302;CALIBRATORI MONOCOMPONENTI  (CC);S;;2011-08-30 00:00:00;
W0101050303;STANDARDS ACQUOSI (CC);S;;2007-02-20 00:00:00;2011-08-29 00:00:00
W0101050303;STANDARDS ACQUOSI  (CC);S;;2011-08-30 00:00:00;
W0101050399;CALIBRATORI E STANDARDS (CHIMICA CLINICA) - ALTRI;S;;2007-02-20 00:00:00;
W01010590;CONTROLLI CHIMICA CLINICA - VARI;N;;2007-02-20 00:00:00;2022-02-23 00:00:00
W0101059001;CONTROLLI EMOGAS;S;;2007-02-20 00:00:00;2022-02-23 00:00:00
W0101059002;CONTROLLI URINE;S;;2007-02-20 00:00:00;2022-02-23 00:00:00
W0101059003;CONTROLLI FLUIDO CEREBROSPINALE (CSF);S;;2007-02-20 00:00:00;2022-02-23 00:00:00
W0101059099;CONTROLLI CHIMICA CLINICA - ALTRI;S;;2007-02-20 00:00:00;2022-02-23 00:00:00
W010106;TEST RAPIDI - CHIMICA CLINICA;N;;2007-02-20 00:00:00;2011-08-29 00:00:00
W010106;"CHIMICA CLINICA - TEST RAPIDI E ""POINT OF CARE"" (POC)";N;;2011-08-30 00:00:00;2016-11-14 00:00:00
W010106;"CHIMICA CLINICA - TEST RAPIDI E ""POINT OF CARE"" ";N;;2016-11-15 00:00:00;
W01010601;STRISCE PER ANALISI DEL SANGUE (CC);N;;2007-02-20 00:00:00;2016-11-14 00:00:00
W01010601;"STRISCE PER ANALISI DEL SANGUE (CC)  - TEST RAPIDI E ""POINT OF CARE""";N;;2016-11-15 00:00:00;
W0101060101;STRISCE PER ANALISI DEL GLUCOSIO;S;;2007-02-20 00:00:00;
W0101060102;STRISCE PER ANALISI DEL COLESTEROLO;S;;2007-02-20 00:00:00;
W0101060103;STRISCE PER ANALISI DEL COLESTEROLO HDL;S;;2007-02-20 00:00:00;
W0101060104;STRISCE PER ANALISI DEL LATTATO;S;;2007-02-20 00:00:00;
W0101060105;STRISCE PER ANALISI DEI TRIGLICERIDI;S;;2007-02-20 00:00:00;
W0101060106;STRISCE PER ANALISI DELL'UREA;S;;2007-02-20 00:00:00;
W0101060107;STRISCE PER ANALISI DELL'HBA1C;S;;2007-02-20 00:00:00;2016-11-14 00:00:00
W0101060107;STRISCE PER ANALISI DELL' EMOGLOBINA GLICOSILATA/GLICATA;S;;2016-11-15 00:00:00;2022-02-22 00:00:00
W0101060107;STRISCE PER ANALISI DELL' EMOGLOBINA GLICOSILATA/GLICATA (HBA1C );S;;2022-02-23 00:00:00;
W0101060108;CALIBRATORI E CONTROLLI (STRISCE ANALISI SANGUE);S;;2007-02-20 00:00:00;2016-11-14 00:00:00
W0101060108;CALIBRATORI E CONTROLLI (STRISCE ANALISI SANGUE);N;;2016-11-15 00:00:00;2022-02-22 00:00:00
W0101060108;CONTROLLI/STANDARDS/CALIBRATORI (STRISCE ANALISI SANGUE);N;;2022-02-23 00:00:00;
W010106010801;CONTROLLI PER STRISCE PER ANALISI DEL SANGUE;S;;2016-11-15 00:00:00;
W010106010802;CALIBRATORI E STANDARD PER STRISCE PER ANALISI DEL SANGUE;S;;2016-11-15 00:00:00;
W0101060109;STRISCE PER L'ANALISI MULTIPARAMETRICA DEL SANGUE;S;;2011-08-30 00:00:00;
W0101060110;STRISCE PER ANALISI DEI CHETONI (STRISCE PER L'ANALISI DEL BETA-IDROSSIBUTIRRATO);S;;2016-11-15 00:00:00;
W0101060111;STRISCE PER ANALISI LDL;S;;2016-11-15 00:00:00;
W0101060112;STRISCE PER ANALISI CREATININA;S;;2022-02-23 00:00:00;
W0101060199;STRISCE PER ANALISI DEL SANGUE - ALTRE;S;;2007-02-20 00:00:00;2022-02-22 00:00:00
W0101060199;"STRISCE PER ANALISI DEL SANGUE (CC) - TEST RAPIDI E ""POINT OF CARE"" - ALTRE";S;;2022-02-23 00:00:00;
W01010602;ANALISI URINE;N;;2007-02-20 00:00:00;2016-11-14 00:00:00
W01010602;"ANALISI URINE - TEST RAPIDI E ""POINT OF CARE""";N;;2016-11-15 00:00:00;
W0101060201;STRISCE ANALISI SINGOLA (COMPRESSE INCLUSE);S;;2007-02-20 00:00:00;
W0101060202;STRISCE ANALISI MULTICOMPONENTI;S;;2007-02-20 00:00:00;2011-08-30 00:00:00
W0101060203;KIT ANALISI DEL SEDIMENTO URINARIO;S;;2007-02-20 00:00:00;2016-11-14 00:00:00
W0101060203;KIT ANALISI DEL SEDIMENTO URINARIO;N;;2016-11-15 00:00:00;
W010106020301;KIT ANALISI DEL SEDIMENTO URINARIO (MANUALE);S;;2016-11-15 00:00:00;
W010106020302;KIT ANALISI DEL SEDIMENTO URINARIO (AUTOMATICO);S;;2016-11-15 00:00:00;
W0101060204;STRISCE ANALISI MULTICOMPONENTI (MANUALE);S;;2011-08-30 00:00:00;
W0101060205;STRISCE ANALISI MULTICOMPONENTI (AUTOMATIZZATA));S;;2011-08-30 00:00:00;2016-11-14 00:00:00
W0101060205;STRISCE ANALISI MULTICOMPONENTI (AUTOMATIZZATA);S;;2016-11-15 00:00:00;
W0101060206;CALIBRATORI E CONTROLLI (STRISCE ANALISI URINE);S;;2011-08-30 00:00:00;2016-11-14 00:00:00
W0101060206;CALIBRATORI E CONTROLLI (STRISCE ANALISI URINE);N;;2016-11-15 00:00:00;2022-02-22 00:00:00
W0101060206;CONTROLLI/STANDARDS/CALIBRATORI (STRISCE ANALISI URINE);N;;2022-02-23 00:00:00;
W010106020601;CONTROLLI PER STRISCE ANALISI URINE;S;;2016-11-15 00:00:00;
W010106020602;CALIBRATORI E STANDARD PER STRISCE ANALISI URINE;S;;2016-11-15 00:00:00;
W0101060299;ANALISI URINE - ALTRE;S;;2007-02-20 00:00:00;
W01010603;ANALISI DELLE FECI;N;;2007-02-20 00:00:00;2016-11-14 00:00:00
W01010603;"ANALISI DELLE FECI - TEST RAPIDI E ""POINT OF CARE""";N;;2016-11-15 00:00:00;
W0101060301;SANGUE OCCULTO NELLE FECI;S;;2007-02-20 00:00:00;2022-02-22 00:00:00
W0101060301;SANGUE OCCULTO NELLE FECI (TEST AL GUAIACO);S;;2022-02-23 00:00:00;
W0101060302;ALBUMINA NELLE FECI (MECONIO);S;;2007-02-20 00:00:00;
W0101060303;ELASTASI  PANCREATICA;S;;2022-02-23 00:00:00;
W0101060399;ANALISI DELLE FECI - ALTRE;S;;2007-02-20 00:00:00;2022-02-22 00:00:00
W0101060399;"ANALISI DELLE FECI - TEST RAPIDI E ""POINT OF CARE"" - ALTRE";S;;2022-02-23 00:00:00;
W01010604;TEST MULTIPARAMETRICI POC;N;;2011-08-30 00:00:00;
W0101060401;ENZIMI E/O SUBSTARTI E/O ELETTROLITI MULTIPLI;S;;2011-08-30 00:00:00;2016-11-14 00:00:00
W0101060401;ENZIMI E/O SUBSTRATI E/O ELETTROLITI MULTIPLI;S;;2016-11-15 00:00:00;
W0101060402;CALIBRATORI E CONTROLLI PER TEST MULTIPARAMETRICI POC;S;;2011-08-30 00:00:00;2016-11-14 00:00:00
W0101060402;"CALIBRATORI E CONTROLLI PER TEST MULTIPARAMETRICI ""POINT OF CARE""";S;;2016-11-15 00:00:00;2016-11-15 00:00:00
W0101060402;"CALIBRATORI E CONTROLLI PER TEST MULTIPARAMETRICI ""POINT OF CARE""";N;;2016-11-15 00:00:00;2022-02-22 00:00:00
W0101060402;"CONTROLLI/STANDARDS/CALIBRATORI PER TEST MULTIPARAMETRICI ""POINT OF CARE""";N;;2022-02-23 00:00:00;
W010106040201;"CONTROLLI PER TEST MULTIPARAMETRICI ""POINT OF CARE""";S;;2016-11-15 00:00:00;
W010106040202;"CALIBRATORI E STANDARD PER TEST MULTIPARAMETRICI ""POINT OF CARE""";S;;2016-11-15 00:00:00;
W0101060499;SOLUZIONI E TAMPONI PER TEST MULTIPARAMETRICI POC - ALTRI;S;;2011-08-30 00:00:00;2016-11-14 00:00:00
W0101060499;"TEST MULTIPARAMETRICI ""POINT OF CARE"" - ALTRI";S;;2016-11-15 00:00:00;
W01010606;"ELETTRODI PER EMOGASANALISI - ""POINT OF CARE""";N;;2016-11-15 00:00:00;2022-02-22 00:00:00
W01010606;"ELETTRODI O CASSETTE PER EMOGASANALISI INCLUSI ELETTROLITI E METABOLITI - ""POINT OF CARE""";N;;2022-02-23 00:00:00;
W0101060601;ELETTRODI PER CO2;S;;2016-11-15 00:00:00;
W0101060602;ELETTRODI PER PH;S;;2016-11-15 00:00:00;
W0101060603;ELETTRODI PER OSSIGENO;S;;2016-11-15 00:00:00;
W0101060604;ELETTRODI PER PH/PO2/PCO2;S;;2016-11-15 00:00:00;
W0101060605;ELETTRODI PER EMOGASANALISI E/O ELETTRODI IONOSELETTIVI E/O METABOLITI;S;;2016-11-15 00:00:00;
W0101060606;SOLUZIONI E TAMPONI PER EMOGASANALISI;S;;2016-11-15 00:00:00;2022-02-22 00:00:00
W0101060606;SOLUZIONI E TAMPONI PER EMOGASANALISI - ELETTRODI O CASSETTE;S;;2022-02-23 00:00:00;
W0101060607;CONTROLLI PER EMOGASANALISI;S;;2016-11-15 00:00:00;2022-02-22 00:00:00
W0101060607;CONTROLLI PER EMOGASANALISI-ELETTRODI O CASSETTE;S;;2022-02-23 00:00:00;
W0101060608;CALIBRATORI E STANDARD PER EMOGASANALISI;S;;2016-11-15 00:00:00;2022-02-22 00:00:00
W0101060608;CALIBRATORI E STANDARD PER EMOGASANALISI - ELETTRODI O CASSETTE;S;;2022-02-23 00:00:00;
W0101060609;CASSETTE AD USO SINGOLO PER EMOGASANALISI INCLUSI ELETTROLITI E METABOLITI;S;;2022-02-23 00:00:00;
W0101060610;CASSETTE MULTI USO PER EMOGASANALISI INCLUSI ELETTROLITI E METABOLITI;S;;2022-02-23 00:00:00;
W0101060699;"ELETTRODI PER EMOGASANALISI - ""POINT OF CARE"" - ALTRI";S;;2016-11-15 00:00:00;2022-02-22 00:00:00
W0101060699;"ELETTRODI  O CASSETTE PER EMOGASANALISI - ""POINT OF CARE"" - ALTRI";S;;2022-02-23 00:00:00;
W01010699;TEST RAPIDI CHIMICA CLINICA - ALTRI;S;;2007-02-20 00:00:00;2016-11-14 00:00:00
W01010699;"CHIMICA CLINICA - TEST RAPIDI E ""POINT OF CARE"" - ALTRI";S;;2016-11-15 00:00:00;
W010107;ELETTRODI E BIOSENSORI;N;;2016-11-15 00:00:00;
W01010701;ELETTRODI PER ELETTROLITI;N;;2016-11-15 00:00:00;
W0101070101;ELETTRODI PER AMMONIO;S;;2016-11-15 00:00:00;
W0101070102;ELETTRODI PER CALCIO;S;;2016-11-15 00:00:00;
W0101070103;ELETTRODI PER CLORO;S;;2016-11-15 00:00:00;
W0101070104;ELETTRODI PER LITIO;S;;2016-11-15 00:00:00;
W0101070105;ELETTRODI PER MAGNESIO;S;;2016-11-15 00:00:00;
W0101070106;ELETTRODI PER POTASSIO;S;;2016-11-15 00:00:00;
W0101070107;ELETTRODI PER SODIO;S;;2016-11-15 00:00:00;
W0101070108;ELETTRODI PER CO2 (BICARBONATI) - CHIMICA CLINICA;S;;2016-11-15 00:00:00;
W0101070199;ELETTRODI PER ELETTROLITI - ALTRI;S;;2016-11-15 00:00:00;
W01010702;ELETTRODI PER SUBSTRATI E BIOSENSORI;N;;2016-11-15 00:00:00;
W0101070201;ELETTRODI PER CREATININA;S;;2016-11-15 00:00:00;
W0101070202;ELETTRODI PER GLUCOSIO;S;;2016-11-15 00:00:00;
W0101070203;ELETTRODI PER EMOGLOBINA GLICATA;S;;2016-11-15 00:00:00;
W0101070204;ELETTRODI PER LATTATO;S;;2016-11-15 00:00:00;
W0101070205;ELETTRODI PER UREA;S;;2016-11-15 00:00:00;
W0101070206;ELETTRODI PER BILIRUBINA;S;;2016-11-15 00:00:00;
W0101070299;ELETTRODI PER SUBSTRATI E BIOSENSORI - ALTRI;S;;2016-11-15 00:00:00;
W01010703;MATERIALE E SOLUZIONI TAMPONE DI RIFERIMENTO (ELETTROLITI);N;;2016-11-15 00:00:00;
W0101070301;ELETTRODI DI RIFERIMENTO;S;;2016-11-15 00:00:00;
W0101070302;SOLUZIONI E TAMPONI PER ELETTRODI - ELETTROLITI;S;;2016-11-15 00:00:00;
W0101070303;SOLUZIONI E TAMPONI PER ELETTRODI - SUBSTRATI;S;;2016-11-15 00:00:00;
W0101070304;SOLUZIONI E TAMPONI COMUNI (ELETTROLITI);S;;2016-11-15 00:00:00;
W0101070399;SOLUZIONI E TAMPONI (ELETTROLITI) - ALTRI;S;;2016-11-15 00:00:00;
W010108;PARAMETRI MULTIPLI - ELETTRODI E BIOSENSORI ;N;;2016-11-15 00:00:00;
W01010801;ENZIMI MULTIPLI - ELETTRODI E BIOSENSORI ;S;;2016-11-15 00:00:00;
W01010802;SUBSTRATI MULTIPLI - ELETTRODI E BIOSENSORI ;S;;2016-11-15 00:00:00;
W01010803;ELETTROLITI MULTIPLI - ELETTRODI E BIOSENSORI ;S;;2016-11-15 00:00:00;
W01010804;GAS EMATICI MULTIPLI - ELETTRODI E BIOSENSORI ;S;;2016-11-15 00:00:00;
W01010805;PARAMETRI MULTIPLI (MISTI) - ELETTRODI E BIOSENSORI ;S;;2016-11-15 00:00:00;
W01010899;PARAMETRI MULTIPLI - ELETTRODI E BIOSENSORI - ALTRI;S;;2016-11-15 00:00:00;
W010109;PARAMETRI MULTIPLI -TEST DELLE URINE-REAGENTI DI LABORATORIO;N;;2022-02-23 00:00:00;
W01010901;STRISCE/CASSETTE PER TEST DELLE URINE MULTICOMPONENTI- AUTOMATIZZATI;S;;2022-02-23 00:00:00;
W01010902;KIT PER TEST DEL SEDIMENTO URINARIO AUTOMATIZZATI;S;;2022-02-23 00:00:00;
W01010999;PARAMETRI MULTIPLI -TEST DELLE URINE-ALTRI;S;;2022-02-23 00:00:00;
W010190;CHIMICA CLINICA - VARIE;N;;2016-11-15 00:00:00;
W01019001;TAMPONI (NON CLASSIFICABILI), REAGENTI ADDIZIONALI, ECC (CC);S;;2016-11-15 00:00:00;
W01019002;MEZZI PER ELETTROFORESI (NON CLASSIFICABILI);S;;2016-11-15 00:00:00;
W01019099;REAGENTI PER CHIMICA CLINICA - ALTRI;S;;2016-11-15 00:00:00;
W010199;CHIMICA CLINICA - ALTRI;S;;2007-02-20 00:00:00;2016-11-15 00:00:00
W0102;IMMUNOCHIMICA (IMMUNOLOGIA);N;;2007-02-20 00:00:00;
W010201;PROTEINE SPECIFICHE;N;;2007-02-20 00:00:00;
W01020101;IMMUNOGLOBULINE (SENZA IGE);N;;2007-02-20 00:00:00;2016-11-14 00:00:00
W01020101;IMMUNOGLOBULINE (ECCETTO IGE);N;;2016-11-15 00:00:00;
W0102010101;IMMUNOGLOBULINE A (IGA);S;;2007-02-20 00:00:00;
W0102010102;REAGENTI PER LE SOTTOCLASSI DELLE IGA;S;;2007-02-20 00:00:00;
W0102010103;IMMUNOGLOBULINE D (IGD);S;;2007-02-20 00:00:00;
W0102010104;REAGENTI PER LE SOTTOCLASSI DELLE IGD;S;;2007-02-20 00:00:00;
W0102010105;IMMUNOGLOBULINE G (IGG);S;;2007-02-20 00:00:00;
W0102010106;REAGENTI PER LE SOTTOCLASSI DELLE IGG;S;;2007-02-20 00:00:00;
W0102010107;IMMUNOGLOBULINE M (IGM);S;;2007-02-20 00:00:00;
W0102010108;REAGENTI PER LE SOTTOCLASSI DELLE IGM;S;;2007-02-20 00:00:00;
W0102010109;CATENE KAPPA E LAMBDA;S;;2007-02-20 00:00:00;
W0102010110;KIT IMMUNOELETTROFORESI;S;;2007-02-20 00:00:00;
W0102010111;KIT IMMUNOFISSAZIONE;S;;2007-02-20 00:00:00;
W0102010112;ANTISIERI POLIVALENTI ANTI IG UMANE;S;;2007-02-20 00:00:00;
W0102010113;ANTICORPI UMANI ANTI-TOPO;S;;2007-02-20 00:00:00;
W0102010114;TAMPONI (NON CLASSIFICABILI), REAGENTI ADDIZIONALI, ECC PER IG;S;;2016-11-15 00:00:00;
W0102010199;IMMUNOGLOBULINE (SENZA IGE) - ALTRE;S;;2007-02-20 00:00:00;2016-11-14 00:00:00
W0102010199;IMMUNOGLOBULINE (ECCETTO IGE) - ALTRE;S;;2016-11-15 00:00:00;
W01020102;COMPONENTI DEL COMPLEMENTO;N;;2007-02-20 00:00:00;
W0102010201;COMPONENTE DEL COMPLEMENTO C1Q;S;;2007-02-20 00:00:00;2011-08-29 00:00:00
W0102010201;COMPONENTI DEL COMPLEMENTO C1Q;S;;2011-08-30 00:00:00;2016-11-14 00:00:00
W0102010201;COMPONENTE DEL COMPLEMENTO C1Q;S;;2016-11-15 00:00:00;
W0102010202;COMPONENTE DEL COMPLEMENTO C1 INATTIVATORE;S;;2007-02-20 00:00:00;2011-08-29 00:00:00
W0102010202;COMPONENTI DEL COMPLEMENTO C1 INATTIVATORE;S;;2011-08-30 00:00:00;2016-11-14 00:00:00
W0102010202;COMPONENTE DEL COMPLEMENTO C1 INIBITORE;S;;2016-11-15 00:00:00;
W0102010203;COMPONENTE DEL COMPLEMENTO C3/C3C;S;;2007-02-20 00:00:00;2011-08-29 00:00:00
W0102010203;COMPONENTI DEL COMPLEMENTO C3/C3C;S;;2011-08-30 00:00:00;2016-11-14 00:00:00
W0102010203;COMPONENTE DEL COMPLEMENTO C3/C3C;S;;2016-11-15 00:00:00;
W0102010204;COMPONENTE DEL COMPLEMENTO PER BB;S;;2007-02-20 00:00:00;2011-08-29 00:00:00
W0102010204;COMPONENTI DEL COMPLEMENTO PER BB;S;;2011-08-30 00:00:00;2016-11-14 00:00:00
W0102010204;COMPONENTE DEL COMPLEMENTO PER BB;S;;2016-11-15 00:00:00;
W0102010205;COMPONENTE DEL COMPLEMENTO C4;S;;2007-02-20 00:00:00;
W0102010206;COMPONENTE DEL COMPLEMENTO C5A;S;;2007-02-20 00:00:00;
W0102010207;COMPONENTE DEL COMPLEMENTO C59;S;;2007-02-20 00:00:00;2011-08-29 00:00:00
W0102010207;COMPONENTE DEL COMPLEMENTO C5-9;S;;2011-08-30 00:00:00;2016-11-14 00:00:00
W0102010207;COMPONENTE DEL COMPLEMENTO C59;S;;2016-11-15 00:00:00;
W0102010208;ATTIVITÃ TOTALE DEL COMPLEMENTO ( CH50 );S;;2007-02-20 00:00:00;
W0102010299;COMPONENTI DEL COMPLEMENTO - ALTRI;S;;2007-02-20 00:00:00;
W01020103;PROTEINE DI TRASPORTO;N;;2007-02-20 00:00:00;
W0102010301;CERULOPLASMINA;S;;2007-02-20 00:00:00;
W0102010302;APTOGLOBINA;S;;2007-02-20 00:00:00;
W0102010303;EMOPESSINA;S;;2007-02-20 00:00:00;
W0102010304;LATTOFERRINA;S;;2007-02-20 00:00:00;
W0102010305;PRE-ALBUMINA / TRANSTIRETINA;S;;2007-02-20 00:00:00;
W0102010306;PROTEINA LEGANTE IL RETINOLO;S;;2007-02-20 00:00:00;
W0102010307;TRANSFERRINA;S;;2007-02-20 00:00:00;
W0102010308;TRANSCOBALAMINA (S);S;;2007-02-20 00:00:00;
W0102010309;ALBUMINA (IC) INCLUSA ALBUMINA URINARIA;S;;2016-11-15 00:00:00;
W0102010399;PROTEINE DI TRASPORTO - ALTRE;S;;2007-02-20 00:00:00;
W01020104;LIPOPROTEINE;N;;2007-02-20 00:00:00;
W0102010401;APOLIPOPROTEINA A I;S;;2007-02-20 00:00:00;
W0102010402;APOLIPOPROTEINA A II;S;;2007-02-20 00:00:00;
W0102010403;APOLIPOPROTEINA B;S;;2007-02-20 00:00:00;
W0102010404;APOLIPOPROTEINA E SOTTOTIPO ATEROSCLEROSI;S;;2007-02-20 00:00:00;2022-02-22 00:00:00
W0102010404; SOTTOTIPI DELL' APOLIPOPROTEINA E;S;;2022-02-23 00:00:00;
W0102010405;LIPOPROTEINA ( A );S;;2007-02-20 00:00:00;
W0102010499;LIPOPROTEINE - ALTRE;S;;2007-02-20 00:00:00;
W01020190;PROTEINE SPECIFICHE - VARIE;N;;2007-02-20 00:00:00;
W0102019001;ALFA 1-GLICOPROTEINA ACIDA ( OROSOMUCOIDE);S;;2007-02-20 00:00:00;
W0102019002;ALFA 1-ANTITRIPSINA ( INIBITORE DELLA PROTEASI );S;;2007-02-20 00:00:00;
W0102019003;ALFA 2-MACROGLOBULINA;S;;2007-02-20 00:00:00;
W0102019004;ALFA 1-MICROGLOBULINA;S;;2007-02-20 00:00:00;
W0102019005;FIBRONECTINA;S;;2007-02-20 00:00:00;
W0102019006;ALFA 1-ANTITRIPSINA - (ELASTASI);S;;2007-02-20 00:00:00;
W0102019007;TRIPSINA NEONATALE;S;;2007-02-20 00:00:00;2016-11-14 00:00:00
W0102019007;TRIPSINA IMMUNOREATTIVA;S;;2016-11-15 00:00:00;
W0102019008;CISTATINA C;S;;2011-08-30 00:00:00;
W0102019009;CALPROTECTINA;S;;2016-11-15 00:00:00;
W0102019010;ADENOSINA DEAMINASI;S;;2022-02-23 00:00:00;
W0102019011;ADRENOMEDULLINA;S;;2022-02-23 00:00:00;
W0102019012; LIGANDI DIFFUSIBILI  BETA-AMILOIDE  DERIVATI (OLIGOMERI DI BETA AMILOIDE);S;;2022-02-23 00:00:00;
W0102019013; BETA-AMILOIDE (1-40);S;;2022-02-23 00:00:00;
W0102019014; BETA-AMILOIDE (1-42);S;;2022-02-23 00:00:00;
W0102019015; TAU TOTALE;S;;2022-02-23 00:00:00;
W0102019016;TAU UMANE (HTAU);S;;2022-02-23 00:00:00;
W0102019017;TAU FOSFORILATE (PTAU);S;;2022-02-23 00:00:00;
W0102019099;PLASMAPROTEINE SPECIFICHE - ALTRE;S;;2007-02-20 00:00:00;2016-11-14 00:00:00
W0102019099;PROTEINE SPECIFICHE - ALTRE;S;;2016-11-15 00:00:00;
W010202;ALLERGIA;N;;2007-02-20 00:00:00;
W01020201;IMMUNOGLOBULINE E - TOTALI;S;;2007-02-20 00:00:00;
W01020202;IMMUNOGLOBULINE E - SPECIFICHE, MONOTEST/MONORISULTATO;S;;2007-02-20 00:00:00;
W01020203;IMMUNOGLOBULINE E - MONOTEST/MONORISULTATO-AG MULTIPLI;S;;2007-02-20 00:00:00;
W01020204;IMMUNOGLOBULINE E - MONOTEST/RISULTATO MULTIPLO-AG MULTIPLI;S;;2007-02-20 00:00:00;
W01020205;IMMUNOGLOBULINE E - SCREENING;S;;2007-02-20 00:00:00;2011-08-29 00:00:00
W01020205;IMMUNOGLOBULINE E - SCREENNING;S;;2011-08-30 00:00:00;
W01020206;TEST DI STIMOLAZIONE CON LEUCOTRIENE;S;;2007-02-20 00:00:00;
W01020207;IGA ALLERGENE SPECIFICHE;S;;2007-02-20 00:00:00;
W01020208;IGG ALLERGENE SPECIFICHE;S;;2007-02-20 00:00:00;
W01020209;ISTAMINA;S;;2016-11-15 00:00:00;
W01020299;TEST ALLERGOLOGICI - ALTRI;S;;2007-02-20 00:00:00;
W010203;MARCATORI TUMORALI;N;;2007-02-20 00:00:00;
W01020301;ANTIGENI TUMORALI;N;;2007-02-20 00:00:00;
W0102030101;ANTIGENE TESSUTO VESCICALE;S;;2007-02-20 00:00:00;2016-11-14 00:00:00
W0102030101;ANTIGENE DEL TUMORE VESCICALE;S;;2016-11-15 00:00:00;
W0102030102;ANTIGENE TUMORALE CA 15-3;S;;2007-02-20 00:00:00;
W0102030103;ANTIGENE TUMORALE CA 19-9;S;;2007-02-20 00:00:00;
W0102030104;ANTIGENE TUMORALE CA 50;S;;2007-02-20 00:00:00;
W0102030105;ANTIGENE TUMORALE CA 72-4;S;;2007-02-20 00:00:00;
W0102030106;ANTIGENE TUMORALE CA 125;S;;2007-02-20 00:00:00;
W0102030107;ANTIGENE TUMORALE CA 195;S;;2007-02-20 00:00:00;
W0102030108;ANTIGENE TUMORALE CA 242;S;;2007-02-20 00:00:00;
W0102030109;ANTIGENE TUMORALE CA 549;S;;2007-02-20 00:00:00;
W0102030110;ANTIGENE TUMORALE CA 27.29;S;;2007-02-20 00:00:00;
W0102030111;CYFRA 21-1;S;;2007-02-20 00:00:00;
W0102030112;ANTIGENE CARCINOEMBRIONALE (CEA);S;;2007-02-20 00:00:00;2011-08-29 00:00:00
W0102030112;ANTIGENE CARCINOEMBRIONALE (CEA);S;;2011-08-30 00:00:00;
W0102030113;ANTIGENE PROSTATICO SPECIFICO TOTALE (PSA);S;;2007-02-20 00:00:00;
W0102030114;ANTIGENE PROSTATICO SPECIFICO LIBERO (PSA-FREE);S;;2007-02-20 00:00:00;
W0102030115;ANTIGENE PROSTATICO SPECIFICO COMPLESSATO (CPSA);S;;2007-02-20 00:00:00;
W0102030116;ANTIGENE CARCINOMA SQUAMOCELLULARE;S;;2007-02-20 00:00:00;
W0102030117;ANTIGENE POLIPEPTIDICO TUMORALE (TPA - INCL. TPS);S;;2007-02-20 00:00:00;
W0102030118;ANTIGENI SERICI ASSOCIATI A TUMORI;S;;2007-02-20 00:00:00;
W0102030119;PROTEINA EPIDIDIMALE UMANA 4;S;;2016-11-15 00:00:00;
W0102030120;FOSFATASI ACIDA PROSTATICA (IC);S;;2016-11-15 00:00:00;
W0102030121;PEPTIDE RILASCIANTE PROGASTRINA;S;;2016-11-15 00:00:00;
W0102030122;ANTIGENE PRECOCE DEL CANCRO DELLA PROSTATA - 2;S;;2016-11-15 00:00:00;
W0102030123;PROTEINA DI MATRICE NUCLEARE 22;S;;2016-11-15 00:00:00;
W0102030124;ANTIGENE TUMORALE CA P16;S;;2016-11-15 00:00:00;
W0102030125;ANTIGENE TUMORALE CA P63;S;;2016-11-15 00:00:00;
W0102030126;CITOCHERATINE;S;;2016-11-15 00:00:00;
W0102030127;PROPSA  (PRECURSORE DEL PSA);S;;2022-02-23 00:00:00;
W0102030199;ANTIGENI TUMORALI - ALTRI;S;;2007-02-20 00:00:00;
W01020302;TEST DEI RECETTORI;N;;2007-02-20 00:00:00;
W0102030201;TEST RECETTORI ESTROGENICI;S;;2007-02-20 00:00:00;
W0102030202;TEST RECETTORI PROGESTINICI;S;;2007-02-20 00:00:00;
W0102030299;TEST PER RECETTORI - ALTRI;S;;2007-02-20 00:00:00;
W01020303;ONCOPROTEINE;N;;2007-02-20 00:00:00;
W0102030301;HER-2/NEU (ONCOPROTEINA);S;;2007-02-20 00:00:00;2011-08-29 00:00:00
W0102030301;HER-2/NEU;S;;2011-08-30 00:00:00;
W0102030302;P53 (ONCOPROTEINA);S;;2007-02-20 00:00:00;2011-08-29 00:00:00
W0102030302;P53;S;;2011-08-30 00:00:00;
W0102030399;ONCOPROTEINE - ALTRE;S;;2007-02-20 00:00:00;
W01020390;MARCATORI TUMORALI - VARI;N;;2007-02-20 00:00:00;
W0102039001;ALFA-FETOPROTEINA;S;;2007-02-20 00:00:00;2011-08-29 00:00:00
W0102039001;ALFAFETOPROTEINA;S;;2011-08-30 00:00:00;
W0102039002;BETA2-MICROGLOBULINA;S;;2007-02-20 00:00:00;
W0102039003;CATEPSINA-D;S;;2007-02-20 00:00:00;
W0102039004;5 HIAA;S;;2007-02-20 00:00:00;
W0102039005;FOSFATASI ALCALINA TIPO PLACENTA UMANA;S;;2007-02-20 00:00:00;
W0102039006;LAMININA;S;;2007-02-20 00:00:00;
W0102039007;ENOLASI NEURONE-SPECIFICA (NSE);S;;2007-02-20 00:00:00;
W0102039008;TIMIDINA CHINASI;S;;2007-02-20 00:00:00;
W0102039009;PROTEINE TISSUTALI;S;;2007-02-20 00:00:00;
W0102039010;MATRICE METALLOPROTEINASI;S;;2007-02-20 00:00:00;
W0102039011;SEROTONINA;S;;2007-02-20 00:00:00;
W0102039012;PROTEINA S-100 B;S;;2007-02-20 00:00:00;
W0102039013;SANGUE OCCULTO NELLE FECI (IC);S;;2016-11-15 00:00:00;
W0102039014;CROMOGRANINA A;S;;2016-11-15 00:00:00;
W0102039015;SUBUNITA' ALFA;S;;2016-11-15 00:00:00;
W0102039016;CANCRO DEL COLON (NAT);S;;2016-11-15 00:00:00;2022-02-23 00:00:00
W0102039017;PROTEINA INDOTTA DA ASSENZA DI VITAMINA K /ANTAGONISTA II (PIVKA-II);S;;2022-02-23 00:00:00;
W0102039018;ALFA-FUCOSIDASI;S;;2022-02-23 00:00:00;
W0102039019;PEPTIDE CORRELATO ALLA MESOTELINA SOLUBILE ;S;;2022-02-23 00:00:00;
W0102039099;MARCATORI TUMORALI - ALTRI;S;;2007-02-20 00:00:00;
W010204;ORMONI FUNZIONALITÃ TIROIDEA;N;;2007-02-20 00:00:00;
W01020401;TRIIODOTIRONINA LIBERA (FT3);S;;2007-02-20 00:00:00;2011-08-29 00:00:00
W01020401;TRIIODIOTIRONINA LIBERA (FT3);S;;2011-08-30 00:00:00;
W01020402;TIROXINA LIBERA (FT4);S;;2007-02-20 00:00:00;
W01020403;ORMONE TIREOSTIMOLANTE NEONATALE;S;;2007-02-20 00:00:00;
W01020404;TRIIODOTIRONINA INVERSA;S;;2007-02-20 00:00:00;2011-08-29 00:00:00
W01020404;TRIIODIOTIRONINA INVERSA;S;;2011-08-30 00:00:00;
W01020405;TRIIODOTIRONINA (T3);S;;2007-02-20 00:00:00;
W01020406;T- UPTAKE;S;;2007-02-20 00:00:00;
W01020407;TIROXINA (T4);S;;2007-02-20 00:00:00;
W01020408;TIREOGLOBULINA (HTG);S;;2007-02-20 00:00:00;
W01020409;GLOBULINA LEGANTE GLI ORMONI TIROIDEI (TBG);S;;2007-02-20 00:00:00;
W01020410;ORMONE TIREOSTIMOLANTE;S;;2007-02-20 00:00:00;
W01020411;TIROXINA NEONATALE;S;;2007-02-20 00:00:00;
W01020499;ORMONI FUNZIONALITA' TIROIDEA - ALTRI;S;;2007-02-20 00:00:00;
W010205;FERTILITÃ / ORMONI GRAVIDANZA / PROTEINE;N;;2007-02-20 00:00:00;
W01020501;ORMONI FUNZIONALI FERTILITÃ / PROTEINE;N;;2007-02-20 00:00:00;
W0102050101;ANDROSTENEDIONE;S;;2007-02-20 00:00:00;
W0102050102;DEIDRO-EPIANDROSTERONE SOLFATO (DHEA-S INCL. DHEA);S;;2007-02-20 00:00:00;
W0102050103;ESTRADIOLO;S;;2007-02-20 00:00:00;
W0102050104;ORMONE FOLLICOLO-STIMOLANTE (FSH);S;;2007-02-20 00:00:00;
W0102050105;ORMONE LUTEINIZZANTE (LH);S;;2007-02-20 00:00:00;
W0102050106;PROGESTERONE;S;;2007-02-20 00:00:00;
W0102050107;17 OH PROGESTERONE;S;;2007-02-20 00:00:00;
W0102050108;PROLATTINA;S;;2007-02-20 00:00:00;
W0102050109;GLOBULINA LEGANTE ORMONI SESSUALI;S;;2007-02-20 00:00:00;
W0102050110;TESTOSTERONE (CON TESTOSTERONE DEIDRO E LIBERO);S;;2007-02-20 00:00:00;
W0102050111;ANDROSTERONE;S;;2007-02-20 00:00:00;
W0102050112;ANDROSTANEDIOLO-GLUCURONIDE;S;;2007-02-20 00:00:00;
W0102050113;GLOBULINA LEGANTE CORTICOIDE;S;;2007-02-20 00:00:00;2022-02-23 00:00:00
W0102050114;11-DESOSSICORTISOLO;S;;2007-02-20 00:00:00;
W0102050115;CORTICOSTERONE (R/M);S;;2007-02-20 00:00:00;
W0102050199;ORMONI FUNZIONALI FERTILITÃ / PROTEINE - ALTRI;S;;2007-02-20 00:00:00;
W01020502;ORMONI TEST GRAVIDANZA / PROTEINE;N;;2007-02-20 00:00:00;
W0102050201;GLICOPROTEINA ALFA-2 ASSOCIATA ALLA GRAVIDANZA;S;;2007-02-20 00:00:00;
W0102050202;ESTRIOLO (E3);S;;2007-02-20 00:00:00;
W0102050203;ESTRIOLO NON CONIUGATO (LIBERO);S;;2007-02-20 00:00:00;
W0102050204;ESTRONE;S;;2007-02-20 00:00:00;
W0102050205;GONADOTROPINA CORIONICA UMANA TOTALE;S;;2007-02-20 00:00:00;
W0102050206;Ã GONADOTROPINA CORIONICA UMANA (INCL. SUBUNITÃ);S;;2007-02-20 00:00:00;2011-08-29 00:00:00
W0102050206;Ã GONADOTROPINA CORIONICA UMANA  (INCL. SUBUNITÃ);S;;2011-08-30 00:00:00;
W0102050207;LATTOGENO PLACENTARE UMANO;S;;2007-02-20 00:00:00;
W0102050208;GLICOPROTEINA SPECIFICA B1 DELLA GRAVIDANZA;S;;2007-02-20 00:00:00;
W0102050209;GLICOPROTEINA A SUBUNITÃ;S;;2007-02-20 00:00:00;2011-08-29 00:00:00
W0102050209;GLICOPROTEINA A  SUBUNITÃ;S;;2011-08-30 00:00:00;
W0102050210;PLASMA PROTEINE LEGATE ALLA GRAVIDANZA - A (DOWNS);S;;2007-02-20 00:00:00;2011-08-29 00:00:00
W0102050210;PLASMA PROTEINE LEGATE ALLA GRAVIDANZA - A  (DOWNS);S;;2011-08-30 00:00:00;
W0102050211;FATTORE DI CRESCITA PLACENTARE (PRE-ECLAMPSIA);S;;2016-11-15 00:00:00;
W0102050212;TIROSINA CHINASI-1 FMS-LIKE SOLUBILE;S;;2016-11-15 00:00:00;
W0102050213;BETA-HCG LIBERO (SCREENING PRENATALE);S;;2016-11-15 00:00:00;
W0102050214;INBINA A/B (SCREENING PRENATALE);S;;2016-11-15 00:00:00;
W0102050215;ORMONE ANTIMULLERIANO;S;;2016-11-15 00:00:00;
W0102050299;ORMONI PER L'ACCERTAMENTO DELLA GRAVIDANZA - ALTRI;S;;2007-02-20 00:00:00;
W010206;ORMONI INDIVIDUALI E SPECIFICI;N;;2007-02-20 00:00:00;
W01020601;ACCERTAMENTO DEL DIABETE (ORMONI);N;;2007-02-20 00:00:00;2011-08-29 00:00:00
W01020601;ACCERTAMENTO DEL DIABETE  (ORMONI);N;;2011-08-30 00:00:00;
W0102060101;C-PEPTIDE;S;;2007-02-20 00:00:00;
W0102060102;GLUCAGONE;S;;2007-02-20 00:00:00;
W0102060103;INSULINA;S;;2007-02-20 00:00:00;
W0102060104;ANTICORPI DELL' INSULINA;S;;2007-02-20 00:00:00;
W0102060105;ANTICORPI GAD II ED ALTRI ICA;S;;2007-02-20 00:00:00;
W0102060106;ANTICORPI IA2 FOSFATASI TIROSINICA;S;;2007-02-20 00:00:00;
W0102060107;PROINSULINA;S;;2007-02-20 00:00:00;
W0102060108;ANTICORPI CELLULE DELLE ISOLE DEL LANGERHANS;S;;2007-02-20 00:00:00;
W0102060109;EMOGLOBINA GLICOSILATA/GLICATA (IC);S;;2016-11-15 00:00:00;
W0102060199;ACCERTAMENTO DEL DIABETE (ORMONI) - ALTRI;S;;2007-02-20 00:00:00;
W01020602;TEST DEL METABOLISMO RENALE;N;;2007-02-20 00:00:00;
W0102060201;ALDOSTERONE;S;;2007-02-20 00:00:00;
W0102060202;ANGIOTENSINA I / II;S;;2007-02-20 00:00:00;
W0102060203;CORTISOLO;S;;2007-02-20 00:00:00;
W0102060204;RENINA (ATTIVITÃ RENINA PLASMATICA);S;;2007-02-20 00:00:00;2011-08-29 00:00:00
W0102060204;RENINA  (ATTIVITÃ RENINA PLASMATICA);S;;2011-08-30 00:00:00;
W0102060205;ENZIMA CONVERTITORE DELL'ANGIOTENSINA;S;;2016-11-15 00:00:00;
W0102060206;RENINA DIRETTA;S;;2016-11-15 00:00:00;
W0102060207;LIPOCALINA-2 GRANULOCITARIA ASSOCIATA ALLA GELATINASI;S;;2016-11-15 00:00:00;
W0102060208;INIBITORE TISSUTALE DI METALLOPROTEASI-2/FATTORE DI CRESCITA INSULINO SIMILE- LEGANTE LA PROTEINA 7   ;S;;2022-02-23 00:00:00;
W0102060299;TEST DEL METABOLISMO RENALE - ALTRI;S;;2007-02-20 00:00:00;
W01020603;TEST METABOLISMO OSSEO E MINERALE;N;;2007-02-20 00:00:00;
W0102060301;CALCITONINA;S;;2007-02-20 00:00:00;
W0102060302;PROPEPTIDE DEL COLLAGENE DI TIPO I C-TERMINALE;S;;2007-02-20 00:00:00;
W0102060303;PROPEPTIDE DEL COLLAGENE DI TIPO III C-TERMINALE;S;;2007-02-20 00:00:00;
W0102060304;TELOPEPTIDI C-TERMINALI CON CROSS-LINKS;S;;2007-02-20 00:00:00;
W0102060305;TELOPEPTIDI N-TERMINALI CON CROSS-LINKS;S;;2007-02-20 00:00:00;
W0102060306;ADENOSINA MONOFOSFATO CICLICA;S;;2007-02-20 00:00:00;
W0102060307;DESOSSIPIRIDINOLINA;S;;2007-02-20 00:00:00;
W0102060308;1.25 DEIDROSSIVITAMINA D3;S;;2007-02-20 00:00:00;2011-08-29 00:00:00
W0102060308;1.25 DEIDROSSIVITAMINA  D3;S;;2011-08-30 00:00:00;
W0102060309;25-IDROSSIVITAMINA D3;S;;2007-02-20 00:00:00;
W0102060310;IDROSSIPROLINA;S;;2007-02-20 00:00:00;
W0102060311;OSTEOCALCINA;S;;2007-02-20 00:00:00;
W0102060312;PARATORMONE INTATTO (PTH);S;;2007-02-20 00:00:00;
W0102060313;PARATORMONE (C-/N-TERMINALE, REGIONE M);S;;2007-02-20 00:00:00;
W0102060314;PEPTIDE CORRELATO AL PARATORMONE;S;;2007-02-20 00:00:00;
W0102060315;PIRIDINOLINA;S;;2007-02-20 00:00:00;
W0102060316;FOSFATASI ACIDA TARTRATO RESISTENTE;S;;2007-02-20 00:00:00;
W0102060317;PROPEPTIDE DEL PROCOLLAGENE DI TIPO I N-TERMINALE;S;;2007-02-20 00:00:00;
W0102060318;FOSFATASI ALCALINA OSSEA;S;;2016-11-15 00:00:00;
W0102060399;TEST DEL METABOLISMO OSSEO - ALTRI;S;;2007-02-20 00:00:00;2011-08-29 00:00:00
W0102060399;TEST DEL METABILISMO OSSEO - ALTRI;S;;2011-08-30 00:00:00;
W01020604;PEPTIDI ED ORMONI ENDOCRINI;N;;2007-02-20 00:00:00;
W0102060401;ORMONE ADRENOCORTICOTROPICO (ACTH);S;;2007-02-20 00:00:00;
W0102060402;ORMONE UMANO DELLA CRESCITA;S;;2007-02-20 00:00:00;
W0102060403;FATTORE I DI CRESCITA SIMIL-INSULINA (SOMATOMEDINA C);S;;2007-02-20 00:00:00;
W0102060404;FATTORE II DI CRESCITA SIMIL-INSULINA;S;;2007-02-20 00:00:00;
W0102060405;PROTEINA LEGANTE IL FATTORE DI CRESCITA INSULINO-SIMILE I;S;;2007-02-20 00:00:00;2011-08-29 00:00:00
W0102060405;PROTEINA LEGANTE IL FATTORE DI CRESCITA INSULINO SIMILE I;S;;2011-08-30 00:00:00;
W0102060406;PROTEINA 3 LEGANTE IL FATTORE DI CRESCITA INSULINO-SIMILE;S;;2007-02-20 00:00:00;2011-08-29 00:00:00
W0102060406;PROTEINA 3 LEGANTE IL FATTORE DI CRESCITA INSULINO SIMILE;S;;2011-08-30 00:00:00;
W0102060407;PEPTIDE VASOINTESTINALE;S;;2007-02-20 00:00:00;
W0102060408;VASOPRESSINA;S;;2007-02-20 00:00:00;
W0102060499;ORMONI ENDOCRINI (FATTORI DI CRESCITA) - ALTRI;S;;2007-02-20 00:00:00;
W01020605;TEST FUNZIONALITÃ NEUROENDOCRINA;N;;2007-02-20 00:00:00;
W0102060501;BOMBESINA;S;;2007-02-20 00:00:00;
W0102060502;Ã-ENDORFINA;S;;2007-02-20 00:00:00;
W0102060503;17-IDROSSI-CHETOSTERONE;S;;2007-02-20 00:00:00;
W0102060504;STEROIDI 17-CHETOGENICI;S;;2007-02-20 00:00:00;
W0102060505;17-CHETOSTEROIDI;S;;2007-02-20 00:00:00;
W0102060506;ORMONI STIMOLANTI A-MELANOCITI;S;;2007-02-20 00:00:00;
W0102060507;NEUROTENSINA;S;;2007-02-20 00:00:00;
W0102060508;SOMATOSTATINA;S;;2007-02-20 00:00:00;
W0102060509;SOSTANZA P;S;;2007-02-20 00:00:00;
W0102060599;TEST FUNZIONE NEUROENDOCRINA - ALTRI;S;;2007-02-20 00:00:00;
W01020606;ORMONI MULTIPLI - INDIVIDUALI E SPECIFICI;N;;2007-02-20 00:00:00;2011-08-29 00:00:00
W01020606;ORMONI MULTIPLI  - INDIVIDUALI E SPECIFICI;N;;2011-08-30 00:00:00;
W0102060601;ADRENALINA / NORADRENALINA / DOPAMINA;S;;2007-02-20 00:00:00;
W0102060699;ORMONI AD INDIVIDUALITÃ MULTIPLA - ALTRI;S;;2007-02-20 00:00:00;
W01020690;ORMONI INDIVIDUALI E SPECIFICI - VARI;N;;2007-02-20 00:00:00;
W0102069001;GASTRINA;S;;2007-02-20 00:00:00;
W0102069002;ORMONE SECERNENTE GONADOTROPINA;S;;2007-02-20 00:00:00;
W0102069003;MELATONINA;S;;2007-02-20 00:00:00;
W0102069004;NEOPTERINA;S;;2007-02-20 00:00:00;
W0102069005;OSSITOCINA;S;;2007-02-20 00:00:00;
W0102069006;PEPSINOGENO;S;;2007-02-20 00:00:00;
W0102069007;PROSTAGLANDINA;S;;2007-02-20 00:00:00;
W0102069008;SEROTONINA-UPTAKE (PIASTRINE);S;;2007-02-20 00:00:00;
W0102069009;ELASTASI (POLIPEPTIDE PANCREATICO);S;;2007-02-20 00:00:00;
W0102069010;ADRENALINA;S;;2007-02-20 00:00:00;
W0102069011;NORADRENALINA;S;;2007-02-20 00:00:00;
W0102069012;DOPAMINA;S;;2007-02-20 00:00:00;
W0102069013;PROCALCITONINA;S;;2007-02-20 00:00:00;
W0102069014;LEPTINA;S;;2007-02-20 00:00:00;
W0102069015;MOTILINA;S;;2007-02-20 00:00:00;
W0102069016;MONOFOSFATO CICLICO DI GUANOSINA;S;;2007-02-20 00:00:00;
W0102069099;ORMONI INDIVIDUALI E SPECIFICI - ALTRI;S;;2007-02-20 00:00:00;
W010207;TEST DELLE VITAMINE CORRELATE ALL'ANEMIA;N;;2007-02-20 00:00:00;
W01020701;ANEMIA;N;;2007-02-20 00:00:00;
W0102070101;ERITROPOIETINA;S;;2007-02-20 00:00:00;
W0102070102;FERRITINA;S;;2007-02-20 00:00:00;
W0102070103;FOLATO;S;;2007-02-20 00:00:00;
W0102070104;RECETTORE DELLA TRANSFERRINA SOLUBILE;S;;2007-02-20 00:00:00;
W0102070105;CONTENUTO EMOGLOBINICO RETICOLOCITARIO;S;;2007-02-20 00:00:00;
W0102070106;FERRO (IC);S;;2016-11-15 00:00:00;
W0102070107;CAPACITA' LEGANTE DEL FERRO - TOTALE;S;;2016-11-15 00:00:00;
W0102070199;ANEMIA - ALTRI;S;;2007-02-20 00:00:00;
W01020702;VITAMINE;N;;2007-02-20 00:00:00;
W0102070201;VITAMINA B1;S;;2007-02-20 00:00:00;
W0102070202;VITAMINA B2;S;;2007-02-20 00:00:00;
W0102070203;VITAMINA B6;S;;2007-02-20 00:00:00;
W0102070204;VITAMINA B12;S;;2007-02-20 00:00:00;
W0102070205;FATTORE INTRINSECO (ANTICORPO BLOCCANTE);S;;2007-02-20 00:00:00;
W0102070206;VITAMINA D (COLECALCIFEROLO);S;;2011-08-30 00:00:00;
W0102070299;TEST VITAMINE - ALTRI;S;;2007-02-20 00:00:00;
W01020703;TEST MULTIPLI DELLE VITAMINE CORRELATE ALL'ANEMIA;N;;2007-02-20 00:00:00;
W0102070301;VITAMINA B 12 / FOLATO;S;;2007-02-20 00:00:00;
W0102070399;TEST DELLE VITAMINE CORRELATE ALL'ANEMIA - ALTRI;S;;2007-02-20 00:00:00;
W010208;MONITORAGGIO FARMACI;N;;2007-02-20 00:00:00;
W01020801;MONITORAGGIO FARMACI CARDIOVASCOLARI;N;;2007-02-20 00:00:00;
W0102080101;DIGOSSINA;S;;2007-02-20 00:00:00;
W0102080102;DIGITOSSINA;S;;2007-02-20 00:00:00;
W0102080103;DISOPIRAMIDE;S;;2007-02-20 00:00:00;
W0102080104;FLECAINIDE;S;;2007-02-20 00:00:00;
W0102080105;LIDOCAINA;S;;2007-02-20 00:00:00;
W0102080106;N-ACETILPROCAINAMIDE;S;;2007-02-20 00:00:00;
W0102080107;PROCAINAMIDE;S;;2007-02-20 00:00:00;
W0102080108;PROPRANOLOLO;S;;2007-02-20 00:00:00;
W0102080109;CHINIDINA;S;;2007-02-20 00:00:00;
W0102080199;MONITORAGGIO FARMACI CARDIOVASCOLARI - ALTRI;S;;2007-02-20 00:00:00;
W01020802;MONITORAGGIO FARMACI SISTEMA NERVOSO CENTRALE;N;;2007-02-20 00:00:00;
W0102080201;CARBAMAZEPINA;S;;2007-02-20 00:00:00;
W0102080202;ETOSUCCIMIDE;S;;2007-02-20 00:00:00;
W0102080203;CARBAMAZEPINA LIBERA;S;;2007-02-20 00:00:00;
W0102080204;FENITOINA LIBERA;S;;2007-02-20 00:00:00;
W0102080205;PRIMIDONE LIBERO;S;;2007-02-20 00:00:00;
W0102080206;ACIDO VALPROICO LIBERO;S;;2007-02-20 00:00:00;
W0102080207;FENOBARBITALE;S;;2007-02-20 00:00:00;
W0102080208;FENITOINA;S;;2007-02-20 00:00:00;
W0102080209;PRIMIDONE;S;;2007-02-20 00:00:00;
W0102080210;ACIDO VALPROICO;S;;2007-02-20 00:00:00;
W0102080211;GABAPENTIN;S;;2016-11-15 00:00:00;
W0102080212;LAMOTRIGINA;S;;2016-11-15 00:00:00;
W0102080213;TOPIRAMATO;S;;2016-11-15 00:00:00;
W0102080214;ZONISAMIDE;S;;2016-11-15 00:00:00;
W0102080215;LEVETIRACETAM;S;;2022-02-23 00:00:00;
W0102080299;MONITORAGGIO FARMACI SISTEMA NERVOSO CENTRALE - ALTRI;S;;2007-02-20 00:00:00;
W01020803;MONITORAGGIO FARMACI ANTIBIOTICI;N;;2007-02-20 00:00:00;2011-08-29 00:00:00
W01020803;MONITORAGGIO FARMACI ANTIBIOTICI / ANTIVIRALI;N;;2011-08-30 00:00:00;
W0102080301;AMIKACINA;S;;2007-02-20 00:00:00;2011-08-29 00:00:00
W0102080301;AMICACINA;S;;2011-08-30 00:00:00;
W0102080303;CLORAMFENICOLO;S;;2007-02-20 00:00:00;
W0102080305;DIBECACINA;S;;2007-02-20 00:00:00;
W0102080307;GENTAMICINA;S;;2007-02-20 00:00:00;
W0102080309;KANAMICINA;S;;2007-02-20 00:00:00;2011-08-29 00:00:00
W0102080309;CANAMICINA;S;;2011-08-30 00:00:00;
W0102080311;NETILMICINA;S;;2007-02-20 00:00:00;
W0102080313;SISOMICINA;S;;2007-02-20 00:00:00;
W0102080315;STREPTOMICINA;S;;2007-02-20 00:00:00;
W0102080317;TOBRAMICINA;S;;2007-02-20 00:00:00;
W0102080319;VANCOMICINA;S;;2007-02-20 00:00:00;
W0102080321;TEICOPLANINA;S;;2007-02-20 00:00:00;
W0102080399;MONITORAGGIO FARMACI ANTIBIOTICI - ALTRI;S;;2007-02-20 00:00:00;
W01020804;MONITORAGGIO FARMACI ANTI-ASMATICI;N;;2007-02-20 00:00:00;
W0102080401;CAFFEINA;S;;2007-02-20 00:00:00;
W0102080402;TEOFILLINA;S;;2007-02-20 00:00:00;
W0102080499;MONITORAGGIO FARMACI ANTI-ASMATICI - ALTRI;S;;2007-02-20 00:00:00;
W01020805;MONITORAGGIO FARMACI ANTINEOPLASTICI;N;;2007-02-20 00:00:00;
W0102080501;METOTRESSATO;S;;2007-02-20 00:00:00;
W0102080599;MONITORAGGIO FARMACI ANTINEOPLASTICI - ALTRI;S;;2007-02-20 00:00:00;
W01020806;MONITORAGGIO FARMACI IMMUNOSOPPRESSORI;N;;2007-02-20 00:00:00;
W0102080601;CICLOSPORINA TOTALE;S;;2007-02-20 00:00:00;
W0102080602;CICLOSPORINA SPECIFICA;S;;2007-02-20 00:00:00;
W0102080603;TACROLIMUS;S;;2007-02-20 00:00:00;
W0102080604;RAPAMICINA (SIROLIMUS);S;;2007-02-20 00:00:00;
W0102080605;MICOFENOLATO;S;;2007-02-20 00:00:00;
W0102080606;EVEROLIMUS;S;;2016-11-15 00:00:00;
W0102080699;MONITORAGGIO FARMACI IMMUNOSOPPRESSORI - ALTRI;S;;2007-02-20 00:00:00;
W01020807;MONITORAGGIO FARMACI MALATTIE AUTOIMMUNI;N;;2016-11-15 00:00:00;
W0102080701;INFLIXIMAB;S;;2016-11-15 00:00:00;
W0102080702;ADALIMUMAB;S;;2016-11-15 00:00:00;
W0102080703;ETANERCEP;S;;2016-11-15 00:00:00;
W0102080704;RITUXIMAB;S;;2016-11-15 00:00:00;
W0102080799;MONITORAGGIO FARMACI MALATTIE AUTOIMMUNI - ALTRI;S;;2016-11-15 00:00:00;
W01020899;MONITORAGGIO FARMACI - ALTRI;S;;2016-11-15 00:00:00;
W010209;STUPEFACENTI / TOSSICOLOGIA;N;;2007-02-20 00:00:00;
W01020901;DROGHE D'ABUSO;N;;2007-02-20 00:00:00;
W0102090101;GRUPPO DELLE AMFETAMINE;S;;2007-02-20 00:00:00;2011-08-29 00:00:00
W0102090101;GRUPPO DELLE ANFETAMINE;S;;2011-08-30 00:00:00;
W0102090102;TEST RAPIDO AMFETAMINA/METAMFETAMINA SPECIFICA (+ECSTASY);S;;2007-02-20 00:00:00;2011-08-29 00:00:00
W0102090102;TEST RAPIDO ANFETAMINA/METANFETAMINA SPECIFICA (+ECSTASY);S;;2011-08-30 00:00:00;
W0102090103;BARBITURICI;S;;2007-02-20 00:00:00;
W0102090104;BENZODIAZEPINE;S;;2007-02-20 00:00:00;
W0102090105;CANNABINOIDI;S;;2007-02-20 00:00:00;
W0102090106;COCAINA + METABOLITI DELLA COCAINA;S;;2007-02-20 00:00:00;
W0102090107;CODEINA;S;;2007-02-20 00:00:00;
W0102090108;COTININA;S;;2007-02-20 00:00:00;
W0102090109;DIETILAMIDE DELL'ACIDO LISERGICO (LSD);S;;2007-02-20 00:00:00;
W0102090110;METADONE;S;;2007-02-20 00:00:00;
W0102090111;METAQUALONE;S;;2007-02-20 00:00:00;
W0102090112;MORFINA;S;;2007-02-20 00:00:00;
W0102090113;OPPIACEI;S;;2007-02-20 00:00:00;
W0102090114;FENCICLIDINA;S;;2007-02-20 00:00:00;
W0102090115;PROPOSSIFENE;S;;2007-02-20 00:00:00;
W0102090116;6-ACETILMORFIO;S;;2007-02-20 00:00:00;2011-08-29 00:00:00
W0102090116;6-ACETILMORFINA;S;;2011-08-30 00:00:00;
W0102090117;BUPRENORFINA;S;;2016-11-15 00:00:00;
W0102090199;DROGHE D'ABUSO - ALTRE;S;;2007-02-20 00:00:00;
W01020902;TOSSICOLOGIA;N;;2007-02-20 00:00:00;
W0102090201;ACETAMINOFENE (PARACETAMOLO);S;;2007-02-20 00:00:00;2011-08-29 00:00:00
W0102090201;ACETAMINOFENE  (PARACETAMOLO);S;;2011-08-30 00:00:00;
W0102090202;5-AMINOLEVULINATO DEIDRATASI;S;;2007-02-20 00:00:00;2011-08-29 00:00:00
W0102090202;5-AMINOLEVULINICO DEIDRATASI;S;;2011-08-30 00:00:00;
W0102090203;AMITRIPTILINA;S;;2007-02-20 00:00:00;
W0102090204;CATECOLAMINE;S;;2007-02-20 00:00:00;
W0102090205;DESIPRAMINA;S;;2007-02-20 00:00:00;
W0102090206;DOXEPINA PIÃ METABOLITI;S;;2007-02-20 00:00:00;
W0102090207;ETANOLO (ALCOOL);S;;2007-02-20 00:00:00;
W0102090208;ACIDO IPPURICO;S;;2007-02-20 00:00:00;
W0102090209;IMIPRAMINA;S;;2007-02-20 00:00:00;
W0102090210;NORTRIPTILINA;S;;2007-02-20 00:00:00;
W0102090211;FENOLI;S;;2007-02-20 00:00:00;
W0102090212;PROTOPORFIRINA IX;S;;2007-02-20 00:00:00;2011-08-29 00:00:00
W0102090212;PROTOPORFINA IX;S;;2011-08-30 00:00:00;
W0102090213;SALICILATI;S;;2007-02-20 00:00:00;
W0102090214;ACIDO TRICLOROACETICO;S;;2007-02-20 00:00:00;
W0102090215;ANTIDEPRESSIVI TRICICLICI (TOTALI);S;;2007-02-20 00:00:00;
W0102090216;URO/COPROPORFIRINE;S;;2007-02-20 00:00:00;
W0102090217;ACIDO VANILLILMANDELICO;S;;2007-02-20 00:00:00;
W0102090218;ACIDO OMOVANILLICO;S;;2007-02-20 00:00:00;
W0102090219;ADULTERAZIONE TOSSICOLOGICA;S;;2007-02-20 00:00:00;2022-02-23 00:00:00
W0102090220;ETILGLUCURONIDE;S;;2016-11-15 00:00:00;
W0102090299;TEST TOSSICOLOGIA - ALTRI;S;;2007-02-20 00:00:00;
W010210;MARCATORI MALATTIE AUTOIMMUNI;N;;2007-02-20 00:00:00;
W01021001;MALATTIE AUTOIMMUNI DEL TESSUTO CONNETTIVO;N;;2007-02-20 00:00:00;
W0102100101;SCREENING ANA;S;;2007-02-20 00:00:00;
W0102100102;SCREENING ENA;S;;2007-02-20 00:00:00;
W0102100103;ANTICORPI ANTI CITOPLASMA;S;;2007-02-20 00:00:00;2022-02-23 00:00:00
W0102100104;ANTICORPI CENP;S;;2007-02-20 00:00:00;2022-02-23 00:00:00
W0102100105;ANTICORPI DS DNA;S;;2007-02-20 00:00:00;
W0102100106;ANTICORPI SS DNA;S;;2007-02-20 00:00:00;
W0102100107;ISTONI (H1,H2A,H3,H4,Â¿HN);S;;2007-02-20 00:00:00;
W0102100108;JO-1;S;;2007-02-20 00:00:00;
W0102100109;ANTICORPI PM-SCL;S;;2007-02-20 00:00:00;
W0102100110;SCL-70;S;;2007-02-20 00:00:00;
W0102100111;SM;S;;2007-02-20 00:00:00;
W0102100112;SS-A;S;;2007-02-20 00:00:00;
W0102100113;SS-B;S;;2007-02-20 00:00:00;
W0102100114;ANTICORPI U1-SNRNP;S;;2007-02-20 00:00:00;
W0102100115;ANTICORPI ANTI-CENTROMERO;S;;2007-02-20 00:00:00;
W0102100116;LUPUS ERITEMATOSO SISTEMICO;S;;2007-02-20 00:00:00;2022-02-23 00:00:00
W0102100117;ANTICORPI ANTI NUCLEOSOMI;S;;2022-02-23 00:00:00;
W0102100118;ANTICORPI  ANTI FOSFOPROTEINE RIBOSOMIALI;S;;2022-02-23 00:00:00;
W0102100199;TEST ANA / ENA - ALTRI;S;;2007-02-20 00:00:00;2016-11-14 00:00:00
W0102100199;TEST MALATTIE AUTOIMMUNI DEL TESSUTO CONNETTIVO - ALTRI;S;;2016-11-15 00:00:00;
W01021002;MALATTIE NEURO AUTOIMMUNI;N;;2007-02-20 00:00:00;
W0102100201;ANTICORPI TOTALI ANTIGANGLIOSIDI;S;;2007-02-20 00:00:00;
W0102100202;ANTI-GM1;S;;2007-02-20 00:00:00;
W0102100203;ASIALO-GM1;S;;2007-02-20 00:00:00;
W0102100204;ANTI-GD1B;S;;2007-02-20 00:00:00;
W0102100205;GAL(Ã1-3);S;;2007-02-20 00:00:00;
W0102100206;GALNAC;S;;2007-02-20 00:00:00;
W0102100207;ANTI-MAG (GLICOPROTEINA MIELINO-ASSOCIATA);S;;2007-02-20 00:00:00;2011-08-29 00:00:00
W0102100207;ANTI-MAG (GLICOPROTEINA MIELINOASSOCIATA);S;;2011-08-30 00:00:00;
W0102100208;ANTI-CAR (RETINOPATIA ASSOCIATA AL CANCRO);S;;2007-02-20 00:00:00;
W0102100209;ANTICORPO ANTI-HU;S;;2007-02-20 00:00:00;
W0102100210;ANTICORPO ANTI-YO;S;;2007-02-20 00:00:00;
W0102100211;ANTICORPO ANTI-RI;S;;2007-02-20 00:00:00;
W0102100212;ANTI-GQ1B;S;;2007-02-20 00:00:00;
W0102100299;TEST DI NEURO-AUTO-IMMUNOLOGIA - ALTRI;S;;2007-02-20 00:00:00;
W01021003;TIREOPATIE AUTOIMMUNI;N;;2007-02-20 00:00:00;
W0102100301;ANTICORPI ANTI-TIREOPEROSSIDASI (INCL. MICROSOMIALI);S;;2007-02-20 00:00:00;
W0102100302;ANTICORPI ANTI-RECETTORE DEL TSH;S;;2007-02-20 00:00:00;
W0102100303;ANTICORPI ANTI-TIREOGLOBULINA;S;;2007-02-20 00:00:00;
W0102100304;IMMUNOGLOBULINE STIMOLANTI LA TIROIDE;S;;2022-02-23 00:00:00;
W0102100399;TEST TIREOPATIE AUTOIMMUNI - ALTRI;S;;2007-02-20 00:00:00;
W01021004;VASCULITE;N;;2022-02-23 00:00:00;
W0102100401;SCREENING-ANCA;S;;2022-02-23 00:00:00;
W0102100402;MPO ANCA;S;;2022-02-23 00:00:00;
W0102100403;PR3 ANCA;S;;2022-02-23 00:00:00;
W0102100499;VASCULITE- ALTRI;S;;2022-02-23 00:00:00;
W01021005;SINDROME ANTI-FOSFOLIPIDE ;N;;2022-02-23 00:00:00;
W0102100501;ANTICORPI ANTICARDIOLIPINA;S;;2022-02-23 00:00:00;
W0102100502;ANTICORPI ANTIFOSFATIDILSERINA;S;;2022-02-23 00:00:00;
W0102100503;ANTICORPI ANTI-Ã2-GLICOPROTEINA;S;;2022-02-23 00:00:00;
W0102100599;SINDROME ANTI-FOSFOLIPIDE-ALTRI;S;;2022-02-23 00:00:00;
W01021006;CELIACHIA;N;;2022-02-23 00:00:00;
W0102100601;ANTICORPI ANTI TRANSGLUTAMINASI;S;;2022-02-23 00:00:00;
W0102100602;ANTICORPI ANTI TRANSGLUTAMINASI/ANTICORPI ANTIGLIADINA TEST COMBINATO;S;;2022-02-23 00:00:00;
W0102100603;ANTICORPI ANTI ENDOMISIO ;S;;2022-02-23 00:00:00;
W0102100604;ANTICORPI ANTI-GLIADINA;S;;2022-02-23 00:00:00;
W0102100699;CELIACHIA-ALTRI;S;;2022-02-23 00:00:00;
W01021007;EPATITE AUTOIMMUNE;N;;2022-02-23 00:00:00;
W0102100701;SCREENING DEGLI AUTOANTICORPI  ANTI EPATITE;S;;2022-02-23 00:00:00;
W0102100702;ANTICORPI ANTI-MITOCONDRIALI;S;;2022-02-23 00:00:00;
W0102100703;ANTICORPI ANTI LKM1 E PROTEINE CORRELATE;S;;2022-02-23 00:00:00;
W0102100704;ANTICORPI ANTI ACTINA;S;;2022-02-23 00:00:00;
W0102100705;ANTICORPI ANTI CELLULE PARIETALI;S;;2022-02-23 00:00:00;
W0102100706;ANTICORPI ANTI SP 100;S;;2022-02-23 00:00:00;
W0102100707;ANTICORPI DIRETTI CONTRO L'ANTIGENE SOLUBILE EPATICO;S;;2022-02-23 00:00:00;
W0102100799;EPATITE AUTOIMMUNE - ALTRI ;S;;2022-02-23 00:00:00;
W01021090;MALATTIE AUTO-IMMUNI - VARI;N;;2007-02-20 00:00:00;
W0102109001;ANTICORPI ANTICARDIOLIPINA;S;;2007-02-20 00:00:00;2022-02-23 00:00:00
W0102109002;ANTICORPI ANTIMITOCONDRIO;S;;2007-02-20 00:00:00;2022-02-23 00:00:00
W0102109003;ANTICORPI ANTIFOSFATIDILSERINA;S;;2007-02-20 00:00:00;2022-02-23 00:00:00
W0102109004;ANTICORPI ANTI-Ã2-GLICOPROTEINA;S;;2007-02-20 00:00:00;2022-02-23 00:00:00
W0102109005;ATTIVAZIONE DEL COMPLEMENTO;S;;2007-02-20 00:00:00;
W0102109006;ANTICORPI ANTI-GLIADINA;S;;2007-02-20 00:00:00;2022-02-23 00:00:00
W0102109007;ANTICORPI SINDROME DI GOODPASTURE;S;;2007-02-20 00:00:00;
W0102109008;ANTICORPI LKM1 E RELATIVE PROTEINE;S;;2007-02-20 00:00:00;2022-02-23 00:00:00
W0102109009;MPO ANCA;S;;2007-02-20 00:00:00;2022-02-23 00:00:00
W0102109010;PR3 ANCA;S;;2007-02-20 00:00:00;2022-02-23 00:00:00
W0102109011;ANTICORPI ANTI-CELLULE PARIETALI;S;;2007-02-20 00:00:00;2022-02-23 00:00:00
W0102109012;ANTICORPI SP 100;S;;2007-02-20 00:00:00;2022-02-23 00:00:00
W0102109013;ANTICORPI ANTI SPERMA;S;;2007-02-20 00:00:00;
W0102109014;ANTICORPI ANTI MEMBRANA BASALE GLOMERULI;S;;2007-02-20 00:00:00;
W0102109015;ANTICORPI CONTRO AUTOANTIGENI ENDOMISIALI;S;;2007-02-20 00:00:00;2022-02-23 00:00:00
W0102109016;ANTICORPI CONTRO ANTIGENI SOLUBILI DEL FEGATO;S;;2007-02-20 00:00:00;2022-02-23 00:00:00
W0102109017;ANTICORPI ANTI-NUCLEOSOMI;S;;2007-02-20 00:00:00;2022-02-23 00:00:00
W0102109018;ANTICORPI ANTI SACCHAROMYCES CEREVISIAE;S;;2007-02-20 00:00:00;
W0102109019;ANTICORPI CONTRO FOSFOPROTEINE RIBOSOMIALI;S;;2007-02-20 00:00:00;2022-02-23 00:00:00
W0102109020;ANTICORPI CONTRO LA TRANSGLUTAMINASI TISSUTALE;S;;2007-02-20 00:00:00;2022-02-23 00:00:00
W0102109021;TEST COMBINATO ANTICORPI TRANSGLUTAMINASI/GLIADINA;S;;2007-02-20 00:00:00;2011-08-29 00:00:00
W0102109021;TEST COMBINATO ANTICORPI TRANSGLUTAMINASE/GLIADINA;S;;2011-08-30 00:00:00;2022-02-23 00:00:00
W0102109022;ANTICORPI ANTI RECETTORI ACETILCOLINA;S;;2007-02-20 00:00:00;
W0102109023;ANTICORPI ANTI LDL;S;;2007-02-20 00:00:00;
W0102109099;TEST MALATTIE AUTOIMMUNI - ALTRI;S;;2007-02-20 00:00:00;
W010211;MARCATORI REUMOPATIE - MALATTIE INFIAMMATORIE;N;;2007-02-20 00:00:00;
W01021101;ANTI-STREPTOCOCCO D NASE B;S;;2007-02-20 00:00:00;
W01021102;ANTI-STREPTOCOCCO IALURONIDASI;S;;2007-02-20 00:00:00;2011-08-29 00:00:00
W01021102;ANTI- STREPTOCOCCO IALUNORIDASI;S;;2011-08-30 00:00:00;
W01021103;ANTI-STREPTOCHINASI (ASK);S;;2007-02-20 00:00:00;
W01021104;ANTI-STREPTOLISINA (QUANTITATIVA);S;;2007-02-20 00:00:00;
W01021105;ANTI-STREPTOLISINA/ANTI-STREPTOLISINA O (QUALITATIVA);S;;2007-02-20 00:00:00;
W01021106;ANTI-STAFILOLISINA (QUANTITATIVA);S;;2007-02-20 00:00:00;
W01021107;ANTI-STAFILOLISINA (QUALITATIVA);S;;2007-02-20 00:00:00;
W01021108;COMPLESSI IMMUNOCIRCOLANTI;S;;2007-02-20 00:00:00;
W01021109;PROTEINA C REATTIVA;S;;2007-02-20 00:00:00;
W01021110;FATTORI REUMATOIDI;S;;2007-02-20 00:00:00;
W01021111;SCREENING STREPTOCOCCO A;S;;2007-02-20 00:00:00;
W01021112;ANTI-PEPTIDE CITRULLINATO CICLICO (ANTI - CCP);S;;2011-08-30 00:00:00;
W01021199;FATTORI REUMATOIDI - ALTRI;S;;2007-02-20 00:00:00;2011-08-29 00:00:00
W01021199;MARCATORI REUMOPATIE - MALATTIE INFIAMMATORIE - ALTRI;S;;2011-08-30 00:00:00;
W010212;TEST FUNZIONALITÃ ORGANO SPECIFICI;N;;2007-02-20 00:00:00;
W01021201;FUNZIONALITÃ EPATICA (IMMUNOCHIMICA);N;;2007-02-20 00:00:00;
W0102120101;MEGX;S;;2007-02-20 00:00:00;
W0102120102;TRANSFERRINA DEFICIENZA DA CARBOIDRATI;S;;2007-02-20 00:00:00;
W0102120103;ACIDO IALURONICO;S;;2016-11-15 00:00:00;
W0102120104;AMINOPEPTIDE TERMINALE DEL PROCOLLAGENE III ;S;;2016-11-15 00:00:00;
W0102120105;INIBITORE TISSUTALE DELLA METALLOPROTEINASI-1;S;;2016-11-15 00:00:00;
W0102120199;TEST FUNZIONALITÃ EPATICA - ALTRI;S;;2007-02-20 00:00:00;
W01021299;TEST FUNZIONALITÃ ORGANO SPECIFICI - ALTRI;S;;2007-02-20 00:00:00;
W010213;MARCATORI CARDIACI;N;;2007-02-20 00:00:00;
W01021301;PEPTIDE NATRIURETICO ATRIALE DI TIPO B (INCL. PRO-ANP/BNP);S;;2007-02-20 00:00:00;
W01021302;PROTEINA LEGANTE ACIDI GRASSI;S;;2007-02-20 00:00:00;
W01021303;GLICOGENO FOSFORILASI BB;S;;2007-02-20 00:00:00;
W01021304;MIOGLOBINA;S;;2007-02-20 00:00:00;
W01021305;CATENE LEGGERE MIOSINA;S;;2007-02-20 00:00:00;2011-08-29 00:00:00
W01021305;CATENA LEGGERE MIOSINA;S;;2011-08-30 00:00:00;
W01021306;TROPONINA (T + I);S;;2007-02-20 00:00:00;
W01021307;OMOCISTEINA;S;;2007-02-20 00:00:00;
W01021308;PROTEINA C REATTIVA ALTAMENTE SENSIBILE (hc - PRC);S;;2011-08-30 00:00:00;2022-02-22 00:00:00
W01021308;PROTEINA C REATTIVA ALTAMENTE SENSIBILE ;S;;2022-02-23 00:00:00;
W01021309;ALBUMINA MODIFICATA DALL'ISCHEMIA;S;;2011-08-30 00:00:00;
W01021310;MIELOPEROSSIDASI (MPO);S;;2011-08-30 00:00:00;
W01021311;CREATIN CHINASI - MB MASSA (IC);S;;2016-11-15 00:00:00;
W01021312;FOSFOLIPASI A2 ASSOCIATA ALLE LIPOPROTEINE ;S;;2016-11-15 00:00:00;
W01021313;GALECTINA-3;S;;2016-11-15 00:00:00;
W01021314;ST2;S;;2022-02-23 00:00:00;
W01021399;PROTEINE CARDIACHE - ALTRE;S;;2007-02-20 00:00:00;
W010214;PARAMETRI MULTIPLI - IMMUNOCHIMICA;N;;2007-02-20 00:00:00;2011-08-29 00:00:00
W010214;PARAMETRI MULTIPLI -  IMMUNOCHIMICA;N;;2011-08-30 00:00:00;
W01021499;REAGENTI MULTIPLI IMMUNOCHIMICA - ALTRI;S;;2007-02-20 00:00:00;
W010215;CONTROLLI/STANDARDS/CALIBRATORI IMMUNOCHIMICA;N;;2007-02-20 00:00:00;
W01021501;TDM- STANDARDS/CALIBRATORI PER FARMACI;S;;2007-02-20 00:00:00;2016-11-15 00:00:00
W01021502;TDM- CONTROLLI PER FARMACI;S;;2007-02-20 00:00:00;2016-11-15 00:00:00
W01021503;STANDARDS/CALIBRATORI PER ORMONI;S;;2007-02-20 00:00:00;2016-11-15 00:00:00
W01021504;CONTROLLI PER ORMONI;S;;2007-02-20 00:00:00;2016-11-15 00:00:00
W01021505;STANDARDS/CALIBRATORI PER PROTEINE SPECIFICHE;S;;2007-02-20 00:00:00;2016-11-15 00:00:00
W01021506;CONTROLLI PER PROTEINE SPECIFICHE;S;;2007-02-20 00:00:00;2016-11-15 00:00:00
W01021507;STANDARDS/CALIBRATORI PER MARCATORI CARDIACI;S;;2007-02-20 00:00:00;2016-11-15 00:00:00
W01021508;CONTROLLI PER MARCATORI CARDIACI;S;;2007-02-20 00:00:00;2016-11-15 00:00:00
W01021509;STANDARDS/CALIBRATORI PER MARCATORI TUMORALI;S;;2007-02-20 00:00:00;2011-08-29 00:00:00
W01021509;STANDARDS/CALIBRATORI  PER MARCATORI TUMORALI;S;;2011-08-30 00:00:00;2016-11-15 00:00:00
W01021510;CONTROLLI PER MARCATORI TUMORALI;S;;2007-02-20 00:00:00;2016-11-15 00:00:00
W01021511;STANDARDS/CALIBRATORI PER VITAMINE ANEMIA-CORRELATE;S;;2007-02-20 00:00:00;2016-11-15 00:00:00
W01021512;CONTROLLI PER VITAMINE ANEMIA-CORRELATE;S;;2007-02-20 00:00:00;2016-11-15 00:00:00
W01021513;STANDARDS/CALIBRATORI PER REUMATOLOGIA E AUTOIMMUNITÃ;S;;2007-02-20 00:00:00;2016-11-15 00:00:00
W01021514;CONTROLLI PER REUMATOLOGIA E AUTOIMMUNITÃ;S;;2007-02-20 00:00:00;2011-08-29 00:00:00
W01021514;CONTROLLI PER  REUMATOLOGIA E AUTOIMMUNITÃ;S;;2011-08-30 00:00:00;2016-11-15 00:00:00
W01021515;CALIBRATORI PER ORMONI SINGOLI E SPECIFICI;S;;2007-02-20 00:00:00;2016-11-15 00:00:00
W01021516;CONTROLLI PER ORMONI SINGOLI E SPECIFICI;S;;2007-02-20 00:00:00;2016-11-15 00:00:00
W01021517;CONTROLLI MULTICOMPONENTI PER IMMUNOCHIMICA;S;;2007-02-20 00:00:00;2016-11-15 00:00:00
W01021518;STANDARDS/CALIBRATORI PER STUPEFACENTI / TOSSICOLOGIA;S;;2011-08-30 00:00:00;2016-11-15 00:00:00
W01021519;CONTROLLI PER STUPEFACENTI / TOSSICOLOGIA;S;;2011-08-30 00:00:00;2016-11-15 00:00:00
W01021520;CONTROLLI IMMUNOCHIMICA;N;;2016-11-15 00:00:00;
W0102152001;TDM- CONTROLLI PER FARMACI;S;;2016-11-15 00:00:00;
W0102152002;CONTROLLI PER ORMONI;S;;2016-11-15 00:00:00;
W0102152003;CONTROLLI PER PROTEINE SPECIFICHE;S;;2016-11-15 00:00:00;
W0102152004;CONTROLLI PER MARCATORI CARDIACI;S;;2016-11-15 00:00:00;
W0102152005;CONTROLLI PER MARCATORI TUMORALI;S;;2016-11-15 00:00:00;
W0102152006;CONTROLLI PER VITAMINE ANEMIA-CORRELATE;S;;2016-11-15 00:00:00;
W0102152007;CONTROLLI PER  REUMATOLOGIA E AUTOIMMUNITA';S;;2016-11-15 00:00:00;2022-02-23 00:00:00
W0102152008;CONTROLLI PER ORMONI SINGOLI E SPECIFICI;S;;2016-11-15 00:00:00;
W0102152009;CONTROLLI PER STUPEFACENTI / TOSSICOLOGIA;S;;2016-11-15 00:00:00;
W0102152010;CONTROLLI PER REUMATOLOGIA;S;;2022-02-23 00:00:00;
W0102152011;CONTROLLI PER AUTOIMMUNITÃ;S;;2022-02-23 00:00:00;
W0102152099;CONTROLLI PER IMMUNOCHIMICA - ALTRI;S;;2016-11-15 00:00:00;
W01021521;CONTROLLI MULTICOMPONENTI PER IMMUNOCHIMICA;S;;2016-11-15 00:00:00;
W01021522;STANDARDS E CALIBRATORI IMMUNOCHIMICA;N;;2016-11-15 00:00:00;
W0102152201;TDM- STANDARDS/CALIBRATORI PER FARMACI;S;;2016-11-15 00:00:00;
W0102152202;STANDARD E CALIBRATORI PER ORMONI;S;;2016-11-15 00:00:00;
W0102152203;STANDARD E CALIBRATORI PER PROTEINE SPECIFICHE;S;;2016-11-15 00:00:00;
W0102152204;STANDARD E CALIBRATORI PER MARCATORI CARDIACI;S;;2016-11-15 00:00:00;
W0102152205;STANDARD E CALIBRATORI  PER MARCATORI TUMORALI;S;;2016-11-15 00:00:00;
W0102152206;STANDARD E CALIBRATORI PER VITAMINE ANEMIA-CORRELATE;S;;2016-11-15 00:00:00;
W0102152207;STANDARD E CALIBRATORI PER REUMATOLOGIA E AUTOIMMUNITA';S;;2016-11-15 00:00:00;2022-02-23 00:00:00
W0102152208;STANDARD E CALIBRATORI PER ORMONI SINGOLI E SPECIFICI;S;;2016-11-15 00:00:00;
W0102152209;STANDARD E CALIBRATORI PER STUPEFACENTI / TOSSICOLOGIA;S;;2016-11-15 00:00:00;
W0102152210;STANDARD E CALIBRATORI PER REUMATOLOGIA;S;;2022-02-23 00:00:00;
W0102152211;STANDARD E CALIBRATORI PER  AUTOIMMUNITÃ;S;;2022-02-23 00:00:00;
W0102152299;STANDARD E CALIBRATORI PER IMMUNOCHIMICA - ALTRI;S;;2016-11-15 00:00:00;
W01021599;CONTROLLI / STANDARDS/ CALIBRATORI PER IMMUNOCHIMICA - ALTRI;S;;2007-02-20 00:00:00;2016-11-15 00:00:00
W010216;TEST RAPIDI PER IMMUNOCHIMICA;N;;2007-02-20 00:00:00;2016-11-14 00:00:00
W010216;"IMMUNOCHIMICA - TEST RAPIDI E ""POINT OF CARE""";N;;2016-11-15 00:00:00;
W01021601;TEST RAPIDI PER PROTEINE SPECIFICHE;N;;2007-02-20 00:00:00;2016-11-14 00:00:00
W01021601;"PROTEINE SPECIFICHE - TEST RAPIDI E ""POINT OF CARE""";N;;2016-11-15 00:00:00;
W0102160101;TEST RAPIDO PER ALBUMINA, INCLUSA ALBUMINA URINARIA;S;;2007-02-20 00:00:00;2016-11-14 00:00:00
W0102160101;"ALBUMINA, INCLUSA ALBUMINA URINARIA -  TEST RAPIDI E ""POINT OF CARE""";S;;2016-11-15 00:00:00;
W0102160102;TEST RAPIDO PER EMOGLOBINA GLICATA/GLICOSILATA;S;;2011-08-30 00:00:00;2016-11-14 00:00:00
W0102160102;"EMOGLOBINA GLICATA/GLICOSILATA -  TEST RAPIDI E ""POINT OF CARE""";S;;2016-11-15 00:00:00;
W0102160199;TEST RAPIDI PER PROTEINE SPECIFICHE - ALTRI;S;;2007-02-20 00:00:00;2016-11-14 00:00:00
W0102160199;"PROTEINE SPECIFICHE -  TEST RAPIDI E ""POINT OF CARE"" - ALTRI";S;;2016-11-15 00:00:00;
W01021602;TEST RAPIDI PER MARCATORI TUMORALI;N;;2007-02-20 00:00:00;2016-11-14 00:00:00
W01021602;"MARCATORI TUMORALI -  TEST RAPIDI E ""POINT OF CARE""";N;;2016-11-15 00:00:00;
W0102160201;BTA - TEST RAPIDO;S;;2007-02-20 00:00:00;2016-11-14 00:00:00
W0102160201;"BTA -  TEST RAPIDI E ""POINT OF CARE""";S;;2016-11-15 00:00:00;
W0102160202;PSA - TEST RAPIDO;S;;2007-02-20 00:00:00;2016-11-14 00:00:00
W0102160202;"PSA - TEST RAPIDI E ""POINT OF CARE""";S;;2016-11-15 00:00:00;
W0102160203;"SANGUE OCCULTO NELLE FECI - TEST RAPIDI E ""POINT OF CARE""";S;;2022-02-23 00:00:00;
W0102160299;TEST RAPIDI PER MARCATORI TUMORALI - ALTRI;S;;2007-02-20 00:00:00;2016-11-14 00:00:00
W0102160299;"MARCATORI TUMORALI - TEST RAPIDI E ""POINT OF CARE"" - ALTRI";S;;2016-11-15 00:00:00;
W01021603;TEST RAPIDI PER FERTILITÃ/GRAVIDANZA;N;;2007-02-20 00:00:00;2016-11-14 00:00:00
W01021603;"PER FERTILITA'/GRAVIDANZA -  TEST RAPIDI E ""POINT OF CARE""";N;;2016-11-15 00:00:00;
W0102160301;FSH - TEST RAPIDO;S;;2007-02-20 00:00:00;2016-11-14 00:00:00
W0102160301;"FSH -  TEST RAPIDI E ""POINT OF CARE""";S;;2016-11-15 00:00:00;
W0102160302;HCG - TEST RAPIDO;S;;2007-02-20 00:00:00;2016-11-14 00:00:00
W0102160302;"HCG -  TEST RAPIDI E ""POINT OF CARE""";S;;2016-11-15 00:00:00;
W0102160303;HPL/HCS - TEST RAPIDO;S;;2007-02-20 00:00:00;2016-11-14 00:00:00
W0102160303;"HPL/HCS -  TEST RAPIDI E ""POINT OF CARE""";S;;2016-11-15 00:00:00;
W0102160304;LH - TEST RAPIDO;S;;2007-02-20 00:00:00;2016-11-14 00:00:00
W0102160304;"LH -  TEST RAPIDI E ""POINT OF CARE""";S;;2016-11-15 00:00:00;
W0102160399;TEST RAPIDI FERTILITÃ / GRAVIDANZA - ALTRI;S;;2007-02-20 00:00:00;2016-11-14 00:00:00
W0102160399;"FERTILITA' / GRAVIDANZA -  TEST RAPIDI E ""POINT OF CARE"" - ALTRI";S;;2016-11-15 00:00:00;
W01021604;TDM TEST RAPIDI;N;;2007-02-20 00:00:00;2016-11-14 00:00:00
W01021604;"MONITORAGGIO TERAPEUTICO DEI FARMACI (TDM)  - TEST RAPIDI E ""POINT OF CARE""";N;;2016-11-15 00:00:00;
W0102160401;TEOFILLINA - TEST RAPIDO;S;;2007-02-20 00:00:00;2016-11-14 00:00:00
W0102160401;"TEOFILLINA - TEST RAPIDI E ""POINT OF CARE""";S;;2016-11-15 00:00:00;
W0102160499;TEST RAPIDI PER TDM - ALTRI;S;;2007-02-20 00:00:00;2016-11-14 00:00:00
W0102160499;"TDM - TEST RAPIDI E ""POINT OF CARE"" - ALTRI";S;;2016-11-15 00:00:00;
W01021605;TEST RAPIDI PER DROGHE D'ABUSO / TOSSICOLOGIA;N;;2007-02-20 00:00:00;2016-11-14 00:00:00
W01021605;"DROGHE D'ABUSO / TOSSICOLOGIA - TEST RAPIDI E ""POINT OF CARE""";N;;2016-11-15 00:00:00;
W0102160501;GRUPPO AMFETAMINE - TEST RAPIDO;S;;2007-02-20 00:00:00;2011-08-29 00:00:00
W0102160501;GRUPPO ANFETAMINE - TEST RAPIDO;S;;2011-08-30 00:00:00;2016-11-14 00:00:00
W0102160501;"GRUPPO ANFETAMINE - TEST RAPIDI E ""POINT OF CARE""";S;;2016-11-15 00:00:00;
W0102160502;AMFETAMINA / METAMFETAMINA (ECSTASY) - TEST RAPIDO;S;;2007-02-20 00:00:00;2016-11-14 00:00:00
W0102160502;"ANFETAMINA / METANFETAMINA (ECSTASY) - TEST RAPIDI E ""POINT OF CARE""";S;;2016-11-15 00:00:00;
W0102160503;BARBITURICI - TEST RAPIDO;S;;2007-02-20 00:00:00;2016-11-14 00:00:00
W0102160503;"BARBITURICI - TEST RAPIDI E ""POINT OF CARE""";S;;2016-11-15 00:00:00;
W0102160504;BENZODIAZEPINE - TEST RAPIDO;S;;2007-02-20 00:00:00;2016-11-14 00:00:00
W0102160504;"BENZODIAZEPINE - TEST RAPIDI E ""POINT OF CARE""";S;;2016-11-15 00:00:00;
W0102160505;CANNABINOIDI - TEST RAPIDO;S;;2007-02-20 00:00:00;2016-11-14 00:00:00
W0102160505;"CANNABINOIDI - TEST RAPIDI E ""POINT OF CARE""";S;;2016-11-15 00:00:00;
W0102160506;COCAINA + METABOLITI COCAINA - TEST RAPIDO;S;;2007-02-20 00:00:00;2016-11-14 00:00:00
W0102160506;"COCAINA + METABOLITI COCAINA - TEST RAPIDI E ""POINT OF CARE""";S;;2016-11-15 00:00:00;
W0102160507;METADONE - TEST RAPIDO;S;;2007-02-20 00:00:00;2016-11-14 00:00:00
W0102160507;"METADONE - TEST RAPIDI E ""POINT OF CARE""";S;;2016-11-15 00:00:00;
W0102160508;OPPIACEI - TEST RAPIDO;S;;2007-02-20 00:00:00;2016-11-14 00:00:00
W0102160508;"OPPIACEI - TEST RAPIDI E ""POINT OF CARE""";S;;2016-11-15 00:00:00;
W0102160509;FENCICLIDINA - TEST RAPIDO;S;;2007-02-20 00:00:00;2016-11-14 00:00:00
W0102160509;"FENCICLIDINA - TEST RAPIDI E ""POINT OF CARE""";S;;2016-11-15 00:00:00;
W0102160510;ANTIDEPRESSIVI TRICICLICI - TEST RAPIDO;S;;2007-02-20 00:00:00;2016-11-14 00:00:00
W0102160510;"ANTIDEPRESSIVI TRICICLICI - TEST RAPIDI E ""POINT OF CARE""";S;;2016-11-15 00:00:00;
W0102160511;DROGHE D'ABUSO MULTIPLE/TOSSICOLOGIA - TEST RAPIDI;S;;2007-02-20 00:00:00;2016-11-14 00:00:00
W0102160511;"DROGHE D'ABUSO MULTIPLE/TOSSICOLOGIA - TEST RAPIDI E ""POINT OF CARE""";S;;2016-11-15 00:00:00;
W0102160599;DROGHE D'ABUSO/TOSSICOLOGIA - TEST RAPIDI - ALTRI;S;;2007-02-20 00:00:00;2016-11-14 00:00:00
W0102160599;"DROGHE D'ABUSO/TOSSICOLOGIA -  TEST RAPIDI E ""POINT OF CARE"" - ALTRI";S;;2016-11-15 00:00:00;
W01021606;MALATTIE REUMATICHE/ INFIAMMATORIE - TEST RAPIDI;N;;2007-02-20 00:00:00;2016-11-14 00:00:00
W01021606;"MALATTIE REUMATICHE/ INFIAMMATORIE - TEST RAPIDI E ""POINT OF CARE""";N;;2016-11-15 00:00:00;
W0102160601;PROTEINA C REATTIVA - TEST RAPIDO;S;;2007-02-20 00:00:00;2016-11-14 00:00:00
W0102160601;"PROTEINA C REATTIVA - TEST RAPIDI E ""POINT OF CARE""";S;;2016-11-15 00:00:00;
W0102160699;TEST RAPIDI MALATTIE REUMATICHE - INFIAMMATORIE - ALTRI;S;;2007-02-20 00:00:00;2016-11-14 00:00:00
W0102160699;"MALATTIE REUMATICHE/INFIAMMATORIE - TEST RAPIDI E ""POINT OF CARE"" - ALTRI";S;;2016-11-15 00:00:00;
W01021607;MARCATORI CARDIACI - TEST RAPIDI;N;;2007-02-20 00:00:00;2016-11-14 00:00:00
W01021607;"MARCATORI CARDIACI - TEST RAPIDI E ""POINT OF CARE""";N;;2016-11-15 00:00:00;
W0102160701;CK - MB / MIOGLOBINA - TEST RAPIDO;S;;2007-02-20 00:00:00;2016-11-14 00:00:00
W0102160701;"CREATINCHINASI-MB - TEST RAPIDI E ""POINT OF CARE""";S;;2016-11-15 00:00:00;
W0102160702;MIOGLOBINA - TEST RAPIDO;S;;2007-02-20 00:00:00;2016-11-14 00:00:00
W0102160702;"MIOGLOBINA - TEST RAPIDI E ""POINT OF CARE""";S;;2016-11-15 00:00:00;
W0102160703;TROPONINA I/T - TEST RAPIDO;S;;2007-02-20 00:00:00;2016-11-14 00:00:00
W0102160703;"TROPONINA I/T - TEST RAPIDI E ""POINT OF CARE""";S;;2016-11-15 00:00:00;
W0102160704;PEPTIDE NATRIURETICO ATRIALE DI TIPO B - TEST RAPIDO;S;;2007-02-20 00:00:00;2016-11-14 00:00:00
W0102160704;"PEPTIDE NATRIURETICO DI TIPO B - TEST RAPIDI E ""POINT OF CARE""";S;;2016-11-15 00:00:00;
W0102160705;"PROTEINA CARDIACA LEGANTE GLI ACIDI GRASSI - TEST RAPIDI E ""POINT OF CARE""";S;;2016-11-15 00:00:00;
W0102160706;"MARCATORI CARDIACI MULTIPLI - TEST RAPIDI E ""POINT OF CARE""";S;;2016-11-15 00:00:00;
W0102160799;MARCATORI CARDIACI - TEST RAPIDI - ALTRI;S;;2007-02-20 00:00:00;2016-11-14 00:00:00
W0102160799;"MARCATORI CARDIACI - TEST RAPIDI E ""POINT OF CARE"" - ALTRI";S;;2016-11-15 00:00:00;
W01021608;CONTROLLI/STANDARDS/CALIBRATORI IMMUNOCHIMICA - TEST RAPIDI;S;;2011-08-30 00:00:00;2016-11-14 00:00:00
W01021608;"CONTROLLI/STANDARDS/CALIBRATORI IMMUNOCHIMICA - TEST RAPIDI E ""POINT OF CARE"" - ALTRI";N;;2016-11-15 00:00:00;
W01021608;"CONTROLLI/STANDARDS/CALIBRATORI IMMUNOCHIMICA - TEST RAPIDI E ""POINT OF CARE"" - ALTRI";S;;2016-11-15 00:00:00;2016-11-15 00:00:00
W0102160801;"CONTROLLI IMMUNOCHIMICA - TEST RAPIDI E ""POINT OF CARE""";S;;2016-11-15 00:00:00;
W0102160802;"STANDARD E CALIBRATORI IMMUNOCHIMICA - TEST RAPIDI E ""POINT OF CARE""";S;;2016-11-15 00:00:00;
W01021609;TEST RAPIDI PER ORMONI/PROTEINE SINGOLI E SPECIFICI;N;;2016-11-15 00:00:00;
W0102160901;LIPOCALINA-2 GRANULOCITARIA ASSOCIATA ALLA GELATINASI - TEST RAPIDO;S;;2016-11-15 00:00:00;2022-02-22 00:00:00
W0102160901;"LIPOCALINA-2 GRANULOCITARIA ASSOCIATA ALLA GELATINASI - TEST RAPIDI E ""POINT OF CARE""";S;;2022-02-23 00:00:00;
W0102160902;ORMONE PARATIROIDEO - TEST RAPIDO E POC;S;;2016-11-15 00:00:00;2022-02-22 00:00:00
W0102160902;"ORMONE PARATIROIDEO TEST RAPIDI E ""POINT OF CARE""";S;;2022-02-23 00:00:00;
W0102160903;ORMONE TIREOSTIMOLANTE -TEST RAPIDO E POC;S;;2016-11-15 00:00:00;2022-02-22 00:00:00
W0102160903;"ORMONE TIREOSTIMOLANTE TEST RAPIDI E ""POINT OF CARE""";S;;2022-02-23 00:00:00;
W0102160999;TEST RAPIDI PER ORMONI/PROTEINE SINGOLI E SPECIFICI - ALTRI;S;;2016-11-15 00:00:00;
W01021699;TEST RAPIDI E POC PER IMMUNOCHIMICA - ALTRI;S;;2016-11-15 00:00:00;
W010290;TEST PER IMMUNOCHIMICA (IMMUNOLOGIA) - VARI;N;;2007-02-20 00:00:00;2011-08-29 00:00:00
W010290;TEST IMMUNOCHIMICA - VARI;N;;2011-08-30 00:00:00;
W01029001;ANTISIERI (MONOVALENTI E POLIVALENTI);S;;2007-02-20 00:00:00;2011-08-29 00:00:00
W01029001;ANTISIERI (MONOVALENTI AND POLIVALENTI);S;;2011-08-30 00:00:00;
W01029002;AMANITINA ( VELENI ORGANICI );S;;2007-02-20 00:00:00;2011-08-29 00:00:00
W01029002;AMANITIA  ( VELENI ORGANICI );S;;2011-08-30 00:00:00;
W01029003;TAMPONI (NON CLASSIFICABILI), REAGENTI COMPLEMENTARI, ECC (IC);S;;2007-02-20 00:00:00;
W01029004;"PROVETTE E SFERETTE ""COATED"" (NON CLASSIFICABILI) PER IMMUNOCHIMICA";S;;2007-02-20 00:00:00;
W01029099;REAGENTI IMMUNOCHIMICA - ALTRI;S;;2007-02-20 00:00:00;
W0103;EMATOLOGIA / ISTOLOGIA / CITOLOGIA;N;;2007-02-20 00:00:00;2016-11-14 00:00:00
W0103;EMATOLOGIA / EMOSTASI / IMMUOEMATOLOGIA / ISTOLOGIA / CITOLOGIA;N;;2016-11-15 00:00:00;
W010301;REAGENTI EMATOLOGIA;N;;2007-02-20 00:00:00;
W01030101;REAGENTI PER ANALIZZATORI (AUTOMATICI) EMATOLOGIA;N;;2007-02-20 00:00:00;
W0103010101;REAGENTI CBC (FLUIDI PER PULIZIA /DILUIZIONE/ LISI ECC.);S;;2007-02-20 00:00:00;2011-08-30 00:00:00
W0103010102;REAGENTI SPECIFICI PER RETICOLOCITI ;S;;2007-02-20 00:00:00;
W0103010103;CONTA CELLULARE COMPLETA;S;;2011-08-30 00:00:00;
W0103010104;CONTA DELLE PICCOLE CELLULE;S;;2011-08-30 00:00:00;
W0103010105;REAGENTI CBC (FLUIDI PER PULIZIA, DILUIZIONE, LISI);S;;2016-11-15 00:00:00;
W0103010199;REAGENTI PER ANALIZZATORI DI EMATOLOGIA - ALTRI;S;;2007-02-20 00:00:00;
W01030102;TEST PER EMOGLOBINA (TIPO);N;;2007-02-20 00:00:00;
W0103010201;DETERMINAZIONI EMOGLOBINA (HB TOTALE);S;;2007-02-20 00:00:00;2011-08-29 00:00:00
W0103010201;DETERMINAZIONI EMOGLOBINA  (HB TOTALE);S;;2011-08-30 00:00:00;
W0103010202;SOTTOTIPI DI EMOGLOBINA HBA2,HBC,HBF,HBS,ETC.(EXCL. HBA1);S;;2007-02-20 00:00:00;
W0103010299;TEST PER EMOGLOBINA - ALTRI;S;;2007-02-20 00:00:00;
W01030103;COLORANTI CELLULARI PER MICROSCOPIA;N;;2007-02-20 00:00:00;
W0103010301;COLORANTI ISTOLOGIA/CITOLOGIA;S;;2007-02-20 00:00:00;
W0103010302;COLORANTI DI ROMANOWSKY;S;;2007-02-20 00:00:00;
W0103010399;COLORANTI PER EMATOLOGIA - ALTRI;S;;2007-02-20 00:00:00;
W01030104;ULTERIORI REAGENTI PER ANALISI EMATOLOGICHE;N;;2007-02-20 00:00:00;2011-08-29 00:00:00
W01030104;ALTRI REAGENTI PER ANALISI EMATOLOGICHE;N;;2011-08-30 00:00:00;2016-11-15 00:00:00
W0103010401;REAGENTI PER LA DETERMINAZIONE ENZIMI CELLULARI (G-6-PDH, PIRUVATO CHINASI);S;;2007-02-20 00:00:00;2011-08-29 00:00:00
W0103010401;REAGENTI PER LA DETERMINAZIONE ENZIMI CELLULARI (G-6-PDH, PYUVATE KINASE);S;;2011-08-30 00:00:00;2016-11-15 00:00:00
W0103010402;FEBBRE GHIANDOLARE;S;;2007-02-20 00:00:00;2016-11-15 00:00:00
W0103010403;REAGENTI PER VELOCITÃ DI ERITROSEDIMENTAZIONE;S;;2007-02-20 00:00:00;2016-11-15 00:00:00
W0103010499;REAGENTI PER ULTERIORI TEST EMATOLOGIA - ALTRI;S;;2007-02-20 00:00:00;2011-08-29 00:00:00
W0103010499;REAGENTI PER ALTRI TEST EMATOLOGIA - ALTRI;S;;2011-08-30 00:00:00;2016-11-15 00:00:00
W01030105;CONTROLLI E CALIBRATORI EMATOLOGIA;N;;2007-02-20 00:00:00;
W0103010501;CONTROLLO PER SANGUE NORMALE;S;;2007-02-20 00:00:00;2022-02-22 00:00:00
W0103010501;CONTROLLI PER SANGUE NORMALE;S;;2022-02-23 00:00:00;
W0103010502;CONTROLLO PER SANGUE ANORMALE;S;;2007-02-20 00:00:00;2022-02-22 00:00:00
W0103010502;CONTROLLI PER SANGUE ANORMALE;S;;2022-02-23 00:00:00;
W0103010503;CONTROLLO MULTILIVELLO PER SANGUE ;S;;2007-02-20 00:00:00;2022-02-22 00:00:00
W0103010503;CONTROLLI MULTILIVELLO PER SANGUE;S;;2022-02-23 00:00:00;
W0103010504;CONTROLLO EMOGLOBINA;S;;2007-02-20 00:00:00;2022-02-22 00:00:00
W0103010504;CONTROLLI EMOGLOBINA;S;;2022-02-23 00:00:00;
W0103010505;CONTROLLO PIASTRINE;S;;2007-02-20 00:00:00;2022-02-22 00:00:00
W0103010505;CONTROLLI PIASTRINE;S;;2022-02-23 00:00:00;
W0103010506;CONTROLLO RETICOLOCITI;S;;2007-02-20 00:00:00;2022-02-22 00:00:00
W0103010506;CONTROLLI RETICOLOCITI;S;;2022-02-23 00:00:00;
W0103010507;CALIBRATORI SANGUE INTERO;S;;2007-02-20 00:00:00;
W0103010599;CONTROLLI EMATOLOGIA - ALTRI;S;;2007-02-20 00:00:00;
W01030106;TEST RAPIDI EMATOLOGIA (POINT-OF-CARE/NEAR PATIENT);N;;2007-02-20 00:00:00;2016-11-14 00:00:00
W01030106;"EMATOLOGIA - TEST RAPIDI E ""POINT OF CARE""";N;;2016-11-15 00:00:00;
W0103010601;EMOGLOBINA (HB);S;;2007-02-20 00:00:00;
W0103010602;ERITROCITI (ERY);S;;2007-02-20 00:00:00;
W0103010603;EMATOCRITO (HCT);S;;2007-02-20 00:00:00;
W0103010604;GLIOBULI BIANCHI;S;;2016-11-15 00:00:00;
W0103010605;PIASTRINE;S;;2016-11-15 00:00:00;
W0103010606;"CONTROLLI EMATOLOGIA - ""TEST RAPIDI E ""POINT OF CARE"" ";S;;2022-02-23 00:00:00;
W0103010607;"CALIBRATORI E STANDARD EMATOLOGIA -""TEST RAPIDI E ""POINT OF CARE"" ";S;;2022-02-23 00:00:00;
W0103010699;TEST RAPIDI EMATOLOGIA - ALTRI;S;;2007-02-20 00:00:00;2016-11-14 00:00:00
W0103010699;"EMATOLOGIA - TEST RAPIDI E ""POINT OF CARE"" - ALTRI";S;;2016-11-15 00:00:00;
W01030107;REAGENTI PER VELOCITA' DI ERITROSEDIMENTAZIONE;S;;2016-11-15 00:00:00;
W01030190;REAGENTI EMATOLOGIA VARI;N;;2016-11-15 00:00:00;
W0103019001;REAGENTI PER LA DETERMINAZIONE ENZIMI CELLULARI (G-6-PDH, PYUVATE KINASE);S;;2016-11-15 00:00:00;
W01030199;REAGENTI EMATOLOGIA - ALTRI;S;;2007-02-20 00:00:00;
W010302;REAGENTI EMOSTASI (COAGULAZIONE);N;;2007-02-20 00:00:00;
W01030201;TEST COAGULAZIONE IN GENERE;N;;2007-02-20 00:00:00;
W0103020101;TEMPO DI PROTROMBINA ( QUICK TEST );S;;2007-02-20 00:00:00;
W0103020102;TEMPO TROMBOPLASTINA PARZIALE ATTIVATA;S;;2007-02-20 00:00:00;
W0103020103;TEMPO TROMBINA / REPTILASI / TEMPO BATROXOBINA;S;;2007-02-20 00:00:00;
W0103020104;TEMPO COAGULAZIONE ATTIVATA;S;;2007-02-20 00:00:00;
W0103020199;TEST COAGULAZIONE - ALTRI;S;;2007-02-20 00:00:00;
W01030202;FATTORI DI COAGULAZIONE;N;;2007-02-20 00:00:00;
W0103020201;FIBRINOGENO (FATTORE I);S;;2007-02-20 00:00:00;2011-08-29 00:00:00
W0103020201;FIBRINOGENO (FACTOR I);S;;2011-08-30 00:00:00;
W0103020202;FATTORE DI COAGULAZIONE II ( PROTROMBINA );S;;2007-02-20 00:00:00;
W0103020203;FATTORE DI COAGULAZIONE IIA ( TROMBINA );S;;2007-02-20 00:00:00;
W0103020204;FATTORE DI COAGULAZIONE V;S;;2007-02-20 00:00:00;
W0103020205;FATTORE DI COAGULAZIONE VII;S;;2007-02-20 00:00:00;
W0103020206;FATTORE DI COAGULAZIONE VIIA;S;;2007-02-20 00:00:00;
W0103020207;FATTORE DI COAGULAZIONE VIII;S;;2007-02-20 00:00:00;
W0103020208;FATTORE DI COAGULAZIONE IX;S;;2007-02-20 00:00:00;
W0103020209;FATTORE DI COAGULAZIONE X;S;;2007-02-20 00:00:00;
W0103020210;FATTORE DI COAGULAZIONE XI;S;;2007-02-20 00:00:00;
W0103020211;FATTORE DI COAGULAZIONE XII;S;;2007-02-20 00:00:00;
W0103020212;FATTORE DI COAGULAZIONE XIIA;S;;2007-02-20 00:00:00;
W0103020213;FATTORE DI COAGULAZIONE XIII;S;;2007-02-20 00:00:00;
W0103020214;FATTORE DI COAGULAZIONE HMW-CHININOGENO (FITZGERALD);S;;2007-02-20 00:00:00;2011-08-29 00:00:00
W0103020214;FATTORE DI COAGULAZIONE HMW-KININOGENO (FITZGERALD );S;;2011-08-30 00:00:00;
W0103020215;FATTORE DI COAGULAZIONE ANTIGENE DI VON WILLEBRAND ;S;;2007-02-20 00:00:00;
W0103020216;PRECALLICREINA/CALLICREINA FATTORE DI FLETCHER COAGULAZIONE;S;;2007-02-20 00:00:00;
W0103020217;FATTORE DI COAGULAZIONE DI VON WILLEBRAND RCO;S;;2007-02-20 00:00:00;
W0103020218;FATTORE DI COAGULAZIONE DI VON WILLEBRAND CBA;S;;2007-02-20 00:00:00;
W0103020299;FATTORI DI COAGULAZIONE - ALTRI;S;;2007-02-20 00:00:00;
W01030203;TEST SPECIALI COAGULAZIONE;N;;2007-02-20 00:00:00;
W0103020301;MONOMERO SENSIBILE ALLA FIBRINA;S;;2007-02-20 00:00:00;
W0103020302;FIBRINOPEPTIDE A;S;;2007-02-20 00:00:00;
W0103020303;EPARINA;S;;2007-02-20 00:00:00;2016-11-14 00:00:00
W0103020303;EPARINA STANDARD;S;;2016-11-15 00:00:00;
W0103020304;TEST IRUDINA;S;;2007-02-20 00:00:00;
W0103020305;PLASMINA - A2 - COMPLESSO ANTIPLASMINA;S;;2007-02-20 00:00:00;
W0103020306;FRAMMENTI PROTROMBINA 1 + 2;S;;2007-02-20 00:00:00;
W0103020307;COMPLESSO TROMBINA-ANTITROMBINA III;S;;2007-02-20 00:00:00;
W0103020308;EPARINE A BASSO PESO MOLECOLARE;S;;2016-11-15 00:00:00;
W0103020309;TEST DELL'ATTIVITA' ANTI-XA PER DOAC;S;;2016-11-15 00:00:00;
W0103020310;TEST DELL'ATTIVITA' ANTI-IIA PER DOAC;S;;2016-11-15 00:00:00;
W0103020399;TEST SPECIALI COAGULAZIONE - ALTRI;S;;2007-02-20 00:00:00;
W01030204;FATTORI PIASTRINICI;N;;2007-02-20 00:00:00;
W0103020401;FATTORI DI AGGREGAZIONE;S;;2007-02-20 00:00:00;
W0103020402;FATTORE PIASTRINICO 4;S;;2007-02-20 00:00:00;
W0103020403;PROSTACICLINA;S;;2007-02-20 00:00:00;
W0103020404;TROMBOSSANO;S;;2007-02-20 00:00:00;
W0103020405;Ã-TROMBOGLOBULINA;S;;2007-02-20 00:00:00;
W0103020406;TEST DI SCREENING PER EMOSTASI PRIMARIA;S;;2011-08-30 00:00:00;
W0103020407;RECETTORE P2Y12;S;;2016-11-15 00:00:00;
W0103020499;TEST EMOSTASI PRIMARIA - ALTRI;S;;2007-02-20 00:00:00;
W01030205;FIBRINOLISI;N;;2007-02-20 00:00:00;
W0103020501;A2-ANTIPLASMINA;S;;2007-02-20 00:00:00;
W0103020502;PRODOTTI DI DEGRADAZIONE DEL FIBRINOGENO;S;;2007-02-20 00:00:00;
W0103020503;D-DIMERO;S;;2007-02-20 00:00:00;
W0103020504;PLASMINA;S;;2007-02-20 00:00:00;
W0103020505;PLASMINOGENO;S;;2007-02-20 00:00:00;
W0103020506;INIBITORI-ATTIVATORI DEL PLASMINOGENO;S;;2007-02-20 00:00:00;
W0103020507;ATTIVATORE TISSUTALE PLASMINOGENO;S;;2007-02-20 00:00:00;
W0103020508;UROCHINASI ATTIVATORE PLASMINOGENO;S;;2007-02-20 00:00:00;
W0103020509;INIBITORE DELLA FIBRINOLISI ATTIVATORE DELLA TROMBINA;S;;2007-02-20 00:00:00;
W0103020599;TEST FIBRINOLISI - ALTRI;S;;2007-02-20 00:00:00;
W01030206;INIBITORI DI COAGULAZIONE/MARCATORI TROMBOFILIA;N;;2007-02-20 00:00:00;
W0103020601;ANTICORPI ANTIFOSFOLIPIDI;S;;2007-02-20 00:00:00;
W0103020602;ANTITROMBINA III;S;;2007-02-20 00:00:00;2022-02-22 00:00:00
W0103020602;ANTITROMBINA ;S;;2022-02-23 00:00:00;
W0103020603;INIBITORE FATTORE VIII DI COAGULAZIONE;S;;2007-02-20 00:00:00;2011-08-29 00:00:00
W0103020603;INIBITORE DEL FATTORE VIII DI COAGULAZIONE;S;;2011-08-30 00:00:00;
W0103020604;INIBITORE FATTORE IX DI COAGULAZIONE;S;;2007-02-20 00:00:00;
W0103020605;INIBITORE FATTORE X DI COAGULAZIONE;S;;2007-02-20 00:00:00;
W0103020606;MARCATORI LUPUS ANTICOAGULANTE;S;;2007-02-20 00:00:00;
W0103020607;PROTEINA C;S;;2007-02-20 00:00:00;
W0103020608;PROTEINA S;S;;2007-02-20 00:00:00;2022-02-22 00:00:00
W0103020608;ATTIVITA'  PROTEINA S;S;;2022-02-23 00:00:00;
W0103020609;COFATTORE II EPARINA - INIBITORE SEQUENZA FATTORE TISSUTALE;S;;2007-02-20 00:00:00;
W0103020610;RESISTENZA APC;S;;2007-02-20 00:00:00;
W0103020611;PRO C GLOBALE;S;;2007-02-20 00:00:00;
W0103020612;PROTEINA S - ANTIGENE LIBERO;S;;2016-11-15 00:00:00;
W0103020613;PROTEINA S - ANTIGENE TOTALE;S;;2016-11-15 00:00:00;
W0103020614;OMOCISTEINA;S;;2016-11-15 00:00:00;
W0103020699;INIBITORI DELLA COAGULAZIONE - ALTRI;S;;2007-02-20 00:00:00;
W01030207;CONTROLLI EMOSTASI;N;;2007-02-20 00:00:00;2022-02-22 00:00:00
W01030207;CONTROLLI E CALIBRATORI PER  EMOSTASI;N;;2022-02-23 00:00:00;
W0103020701;PLASMA PER CALIBRAZIONE;S;;2007-02-20 00:00:00;2022-02-22 00:00:00
W0103020701;PLASMA DI CALIBRAZIONE PER EMOSTASI ;S;;2022-02-23 00:00:00;
W0103020702;PLASMA DI CONTROLLO;S;;2007-02-20 00:00:00;2022-02-22 00:00:00
W0103020702;PLASMA DI CONTROLLO PER EMOSTASI ;S;;2022-02-23 00:00:00;
W0103020799;CONTROLLI EMOSTASI - ALTRI;S;;2007-02-20 00:00:00;
W01030208;TEST RAPIDI EMOSTASI (MONITORAGGIO DOMICILIARE);N;;2007-02-20 00:00:00;2016-11-14 00:00:00
W01030208;"EMOSTASI - TEST RAPIDI E ""POINT OF CARE""";N;;2016-11-15 00:00:00;
W0103020801;TEST RAPIDO PER TEMPO DI PROTROMBINA;S;;2007-02-20 00:00:00;2016-11-14 00:00:00
W0103020801;"TEMPO DI PROTROMBINA - TEST RAPIDI E ""POINT OF CARE""";S;;2016-11-15 00:00:00;
W0103020802;TEST RAPIDO TEMPO TROMBOPLASTINA PARZIALE ATTIVATO;S;;2007-02-20 00:00:00;2022-02-22 00:00:00
W0103020802;"TEMPO DI TROMBOPLASTINA PARZIALE ATTIVATA - TEST RAPIDI E ""POINT OF CARE""";S;;2022-02-23 00:00:00;
W0103020803;TEST RAPIDO D-DIMERO;S;;2007-02-20 00:00:00;2016-11-14 00:00:00
W0103020803;"D-DIMERO - TEST RAPIDI E ""POINT OF CARE""";S;;2016-11-15 00:00:00;
W0103020804;TEST RAPIDO TEMPO DI COAGULAZIONE ATTIVATA;S;;2007-02-20 00:00:00;2016-11-14 00:00:00
W0103020804;"TEMPO DI COAGULAZIONE ATTIVATA - TEST RAPIDI E ""POINT OF CARE""";S;;2016-11-15 00:00:00;
W0103020805;CONTROLLI / STANDARDS/ CALIBRATORI PER TEST RAPIDI ;S;;2011-08-30 00:00:00;2016-11-14 00:00:00
W0103020805;"CONTROLLI / STANDARDS/ CALIBRATORI PER TEST RAPIDI  E ""POINT OF CARE""";S;;2016-11-15 00:00:00;2016-11-15 00:00:00
W0103020805;"CONTROLLI / STANDARDS/ CALIBRATORI PER TEST RAPIDI  E ""POINT OF CARE""";N;;2016-11-15 00:00:00;
W010302080501;"CONTROLLI - TEST RAPIDI E ""POINT OF CARE""";S;;2016-11-15 00:00:00;2022-02-22 00:00:00
W010302080501;"CONTROLLI PER EMOSTASI  TEST RAPIDI E ""POINT OF CARE""";S;;2022-02-23 00:00:00;
W010302080502;"STANDARD E CALIBRATORI - TEST RAPIDI E ""POINT OF CARE""";S;;2016-11-15 00:00:00;2022-02-22 00:00:00
W010302080502;"STANDARD E CALIBRATORI  PER EMOSTASI  TEST RAPIDI E ""POINT OF CARE""";S;;2022-02-23 00:00:00;
W0103020899;TEST RAPIDI EMOSTASI - ALTRI;S;;2007-02-20 00:00:00;2016-11-14 00:00:00
W0103020899;"EMOSTASI - TEST RAPIDI E ""POINT OF CARE"" - ALTRI";S;;2016-11-15 00:00:00;
W01030209;REAGENTI AUSILIARI E COMPLEMENTARI (EMOSTASI);N;;2007-02-20 00:00:00;
W0103020901;CLORURO DI CALCIO;S;;2007-02-20 00:00:00;
W0103020902;CITRATO;S;;2007-02-20 00:00:00;
W0103020903;TAMPONI (EMOSTASI);S;;2007-02-20 00:00:00;
W0103020904;PROVETTE RIVESTITE (CITRATO, EPARINA, ECC);S;;2016-11-15 00:00:00;
W0103020999;REAGENTI AUSILIARI (EMOSTASI) - ALTRI;S;;2007-02-20 00:00:00;
W01030299;REAGENTI PER EMOSTASI - ALTRI;S;;2007-02-20 00:00:00;2011-08-29 00:00:00
W01030299;REAGENTI EMOSTASI -ALTRI;S;;2011-08-30 00:00:00;
W010303;IMMUNOEMATOLOGIA (TIPIZZAZIONE GRUPPI);N;;2007-02-20 00:00:00;
W01030301;TIPIZZAZIONE GRUPPI AB0;N;;2007-02-20 00:00:00;2011-08-29 00:00:00
W01030301;TIPIZZAZIONE GRUPPI ABO;N;;2011-08-30 00:00:00;
W0103030101;CELLULE PER TIPIZZAZIONE GRUPPI AB0;S;;2007-02-20 00:00:00;2011-08-29 00:00:00
W0103030101;CELLULE PER TIPIZZAZIONE GRUPPI ABO;S;;2011-08-30 00:00:00;
W0103030102;SIERI AB0;S;;2007-02-20 00:00:00;2011-08-29 00:00:00
W0103030102;SIERI ABO;S;;2011-08-30 00:00:00;
W0103030199;TEST TIPIZZAZIONE AB0 - ALTRI;S;;2007-02-20 00:00:00;
W01030302;TIPIZZAZIONE RHESUS;N;;2007-02-20 00:00:00;
W0103030201;RHESUS D;S;;2007-02-20 00:00:00;
W0103030202;FENOTIPI RHESUS;S;;2007-02-20 00:00:00;
W0103030299;TEST TIPIZZAZIONE RHESUS - ALTRI;S;;2007-02-20 00:00:00;
W01030303;INDIVIDUAZIONE ANTICORPI (IMMUNOEMATOLOGIA);N;;2007-02-20 00:00:00;
W0103030301;SCREENING PER ANTICORPO CELLULARE 1;S;;2007-02-20 00:00:00;
W0103030302;SCREENING PER ANTICORPO CELLULARE 2;S;;2007-02-20 00:00:00;
W0103030303;PANNELLI CELLULARI IDENTIFICAZIONE ANTICORPALE;S;;2007-02-20 00:00:00;
W0103030304;SIERO ANTIUMANO POLISPECIFICO;S;;2007-02-20 00:00:00;
W0103030305;SIERO ANTIUMANO MONOSPECIFICO;S;;2007-02-20 00:00:00;
W0103030306;MEZZI DI SUPPORTO CRESCITA (ES. ALBUMINA BOVINA, LISS, PEG) ;S;;2007-02-20 00:00:00;
W0103030307;ENZIMI (ES. BROMELINA / PAPAINA, ECC.);S;;2007-02-20 00:00:00;
W0103030308;SCREENING PER ANTICORPO CELLULARE 3;S;;2016-11-15 00:00:00;
W0103030399;RILEVAZIONE DI ANTICORPI ( IMMUNOEMATOLOGIA ) - ALTRI;S;;2007-02-20 00:00:00;2011-08-29 00:00:00
W0103030399;RILEVAZIONE DI ANTICORPI  ( IMMUNOEMATOLOGIA ) - ALTRI;S;;2011-08-30 00:00:00;
W01030304;CONTROLLI IMMUNOEMATOLOGIA;N;;2007-02-20 00:00:00;
W0103030401;CELLULE CONTROLLO DI COOMBS;S;;2007-02-20 00:00:00;
W0103030402;KIT DI CONTROLLO (IMMUNOEMATOLOGIA);S;;2007-02-20 00:00:00;2011-08-29 00:00:00
W0103030402;KIT DI CONTROLLO  (IMMUNOEMATOLOGIA);S;;2011-08-30 00:00:00;
W0103030499;CONTROLLI IMMUNOEMATOLOGIA - ALTRI;S;;2007-02-20 00:00:00;
W01030305;TIPIZZAZIONE ANTIGENI - ALTRI;N;;2016-11-15 00:00:00;
W0103030501;REAGENTI PER TIPIZZAZIONE ANTIGENI - ALTRI;S;;2016-11-15 00:00:00;
W01030309;TIPIZZAZIONE COMBINATA GRUPPI AB0 + RHESUS ;N;;2016-11-15 00:00:00;
W0103030901;TIPIZZAZIONE COMBINATA GRUPPI AB0 + RHESUS D;S;;2016-11-15 00:00:00;
W0103030902;TIPIZZAZIONE COMBINATA GRUPPI AB0 + FENOTIPI RHESUS ;S;;2016-11-15 00:00:00;
W0103030999;TIPIZZAZIONE COMBINATA GRUPPI AB0 + RHESUS - ALTRI;S;;2016-11-15 00:00:00;
W01030399;TEST PER IMMUNOEMATOLOGIA - ALTRI;S;;2007-02-20 00:00:00;2011-08-29 00:00:00
W01030399;TEST IMMUNOEMATOLOGIA - ALTRI;S;;2011-08-30 00:00:00;2016-11-14 00:00:00
W01030399;TEST IMMUNOEMATOLOGIA (TIPIZZAZIONE DEL SANGUE) - ALTRI;S;;2016-11-15 00:00:00;
W010304;REAGENTI TIPIZZAZIONE TISSUTALE;N;;2007-02-20 00:00:00;
W01030401;COMPLEMENTO PER TEST HLA;S;;2007-02-20 00:00:00;
W01030402;SCREENING ANTICORPO HLA;S;;2007-02-20 00:00:00;
W01030403;TIPIZZAZIONE ANTIGENE HLA;S;;2007-02-20 00:00:00;
W01030404;CELLULE CONTROLLO HLA;S;;2007-02-20 00:00:00;
W01030405;MEZZI DI SEPARAZIONE LINFOCITARIA;S;;2007-02-20 00:00:00;
W01030406;MEZZI DI STABILIZZAZIONE LINFOCITARIA;S;;2007-02-20 00:00:00;2011-08-29 00:00:00
W01030406;MEZZI STABILIZZAZIONE LINFOCITARIA;S;;2011-08-30 00:00:00;
W01030499;REAGENTI TIPIZZAZIONE TISSUTALE - ALTRI;S;;2007-02-20 00:00:00;
W010305;ANTICORPI MONOCLONALI PER ANTIGENI DI SUPERFICIE CELLULARE;N;;2007-02-20 00:00:00;2011-08-30 00:00:00
W01030501;ANTICORPI PER SOTTOTIPIZZAZIONE CELLULE B E T;S;;2007-02-20 00:00:00;2011-08-30 00:00:00
W01030502;ANTICORPI PER I DETERMINANTI HLA CLASSE II;S;;2007-02-20 00:00:00;2011-08-30 00:00:00
W01030503;ANTICORPI PER TIPIZZAZIONE LINFOMA (ECCETTO TIPIZZAZIONE CELLULE B E T);S;;2007-02-20 00:00:00;2011-08-30 00:00:00
W01030504;ANTICORPI PER RICONOSCIMENTO RECETTORI SUPERFICIE CELLULARE;S;;2007-02-20 00:00:00;2011-08-30 00:00:00
W01030505;ANTICORPI PER SOTTOTIPIZZAZIONE LEUCEMIA (ECCETTO TIPIZZAZIONE CELLULE B E T);S;;2007-02-20 00:00:00;2011-08-30 00:00:00
W01030506;ANTICORPI PER SOTTOTIPIZZAZIONE LINFOCITARIA;S;;2007-02-20 00:00:00;2011-08-30 00:00:00
W01030599;ANTICORPI MONOCLONALI - ALTRI;S;;2007-02-20 00:00:00;2011-08-30 00:00:00
W010306;CITOCHINE (LINFOCHINE) / IMMUNOMODULATORI;N;;2007-02-20 00:00:00;
W01030601;INTERFERONI (A,B,Y);S;;2007-02-20 00:00:00;2016-11-14 00:00:00
W01030601;INTERFERONI (alfa, beta, gamma...);S;;2016-11-15 00:00:00;
W01030602;ANTIGENI SOLUBILI / RECETTORI;S;;2007-02-20 00:00:00;
W01030603;FATTORI NECROSI TUMORALE (TNFA,TNFB);S;;2007-02-20 00:00:00;2016-11-14 00:00:00
W01030603;FATTORI NECROSI TUMORALE (TNF-alfa,TNF-beta, ...);S;;2016-11-15 00:00:00;
W01030604;RECETTORI DI FATTORI NECROSI TUMORALE (TNF-R1, TNF-R2);S;;2007-02-20 00:00:00;2016-11-14 00:00:00
W01030604;RECETTORI DI FATTORI NECROSI TUMORALE (TNF-R1, TNF-R2, ...);S;;2016-11-15 00:00:00;
W01030605;FATTORI STIMOLANTI COLONIZZAZIONE (G-CSF,M-CSF,GM-CSF);S;;2007-02-20 00:00:00;
W01030606;INTERLEUCHINE (IL-1,IL-1A,IL-1B,.. - IL-15);S;;2007-02-20 00:00:00;2016-11-14 00:00:00
W01030606;INTERLEUCHINE (ESCLUSO IL-6);S;;2016-11-15 00:00:00;
W01030607;RECETTORI INTERLEUCHINE (IL-2R,IL-6R ...);S;;2007-02-20 00:00:00;2011-08-29 00:00:00
W01030607;RECETTORI INTERLEUCHINE (IL-2R,IL6R ...);S;;2011-08-30 00:00:00;
W01030608;CALIBRATORI/CONTROLLI CITOCHINE;S;;2016-11-15 00:00:00;
W01030609;INTERLEUCHINE 6 (IL-6);S;;2016-11-15 00:00:00;
W01030699;LINFOCHINE / IMMUNOMODULATORI - ALTRI;S;;2007-02-20 00:00:00;
W010307;REAGENTI ISTOLOGIA / CITOLOGIA;N;;2007-02-20 00:00:00;
W01030701;KIT/REAGENTI PER COLTURA CROMOSOMI;S;;2007-02-20 00:00:00;
W01030702;REAGENTI MARCATURA CITOCHIMICA;S;;2007-02-20 00:00:00;
W01030703;REAGENTI IBRIDAZIONE DNA IN SITU;S;;2007-02-20 00:00:00;
W01030704;MEZZI DI IMMERSIONE (ISTOLOGIA/CITOLOGIA);S;;2007-02-20 00:00:00;
W01030705;REAGENTI FISSAZIONE (ISTOLOGIA/CITOLOGIA);S;;2007-02-20 00:00:00;
W01030706;MEZZI DI MONTAGGIO PER ISTOLOGIA /CITOLOGIA ;S;;2007-02-20 00:00:00;
W01030707;COLORANTI IN POLVERE (ISTOLOGIA / CITOLOGIA);S;;2007-02-20 00:00:00;
W01030708;SOLUZIONI COLORANTI (ISTOLOGIA/CITOLOGIA);S;;2007-02-20 00:00:00;
W01030709;ANTISIERI PRIMARI PER IMMUNOISTOLOGIA;S;;2007-02-20 00:00:00;
W01030710;ANTISIERI SECONDARI PER IMMUNOISTOLOGIA;S;;2007-02-20 00:00:00;
W01030711;KIT DI IMMUNOISTOLOGIA;S;;2007-02-20 00:00:00;
W01030799;REAGENTI ISTOLOGIA / CITOLOGIA - ALTRI;S;;2007-02-20 00:00:00;
W010308;ANTICORPI MONOCLONALI;N;;2011-08-30 00:00:00;2016-11-14 00:00:00
W010308;ANTICORPI MONOCLONALI / CITOMETRIA A FLUSSO;N;;2016-11-15 00:00:00;
W01030801;ANTICORPI MONOCLONALI PER ANTIGENI DI SUPERFICIE CELLULARE;N;;2011-08-30 00:00:00;
W0103080101;ANTICORPI PER SOTTOTIPIZZAZIONE CELLULE B E T;S;;2011-08-30 00:00:00;
W0103080102;ANTICORPI PER I DETERMINANTI HLA CLASSE II;S;;2011-08-30 00:00:00;
W0103080103;ANTICORPI PER TIPIZZAZIONE LINFOMA (ECCETTO TIPIZZAZIONE CELLULE B E T);S;;2011-08-30 00:00:00;
W0103080104;ANTCORPI PER RICONOSCIMENTO RECETTORI SUPERFICIE CELLULARE;S;;2011-08-30 00:00:00;
W0103080105;ANTICORPI PER SOTTOTIPIZZAZIONE LEUCEMIA (ECCETTO TIPIZZAZIONE CELLULE B E T);S;;2011-08-30 00:00:00;
W0103080106;ANTICORPI PER SOTTOTIPIZZAZIONE LINFOCITARIA;S;;2011-08-30 00:00:00;
W0103080199;ANTICORPI MONOCLONALI PER ANTIGENI DI SUPERFICIE - ALTRI;S;;2011-08-30 00:00:00;
W01030802;ANTICORPI MONOCLONALI PER ANTIGENI CITOPLASMATICI;N;;2011-08-30 00:00:00;
W0103080201;ANTICORPI MONOCLONALI PER IL RICONOSCIMENTO DI ENZIMI;S;;2011-08-30 00:00:00;
W0103080202;IgA, IgD, IgM, IgG, IgE  ;S;;2011-08-30 00:00:00;
W0103080203;ANTICORPI MONOCLONALI PER L'INDIVIDUAZIONE DI CELLULE SECERNENTI CATENE LEGGERE KAPPA O LAMBDA;S;;2011-08-30 00:00:00;
W0103080204;MARKER DELLA PROLIFERAZIONE CELLULARE;S;;2011-08-30 00:00:00;
W0103080299;ANTICORPI MONOCLONALI PER ANTIGENI CITOPLASMATICI - ALTRI;S;;2011-08-30 00:00:00;
W01030803;REAGENTI PER LA CONTA DI CELLULE STAMINALI;S;;2011-08-30 00:00:00;
W01030804;CONTROLLI PER CITOMETRIA A FLUSSO;N;;2011-08-30 00:00:00;
W0103080401;BIGLIE DI CONTROLLO;S;;2011-08-30 00:00:00;
W0103080402;CONTROLLI PER LEUCOCITI;S;;2011-08-30 00:00:00;
W0103080403;CONTROLLI PER LA SOTTOTIPIZZAZIONE DEI LINFOCITI;S;;2011-08-30 00:00:00;
W0103080404;CONTROLLI PER LA CONTA DI CELLULE STAMINALI;S;;2011-08-30 00:00:00;
W0103080499;CONTROLLI PER CITOMETRIA A FLUSSO - ALTRI;S;;2011-08-30 00:00:00;
W01030805;REAGENTI AUSILIARI E SUPPLEMENTARI PER CITOMETRIA A FLUSSO;N;;2011-08-30 00:00:00;
W0103080501;REAGENTI PER LA COLORAZIONE DEL NUCLEO CELLULARE;S;;2011-08-30 00:00:00;
W0103080502;COLORANTI PER L'INDIVIDUAZIONE DEI RETICOLOCITI;S;;2011-08-30 00:00:00;
W0103080599;REAGENTI AUSILIARI E SUPPLEMENTARI PER CITOMETRIA A FLUSSO - ALTRI;S;;2011-08-30 00:00:00;
W01030806;REAGENTI VARI PER CITOMETRIA A FLUSSO;N;;2011-08-30 00:00:00;
W0103080699;REAGENTI VARI PER CITOMETRIA A FLUSSO - ALTRI;S;;2011-08-30 00:00:00;2016-11-14 00:00:00
W0103080699;REAGENTI PER CITOMETRIA A FLUSSO - ALTRI;S;;2016-11-15 00:00:00;
W010399;TEST EMATOLOGIA / ISTOLOGIA / CITOLOGIA - ALTRI;S;;2007-02-20 00:00:00;2016-11-14 00:00:00
W010399;TEST EMATOLOGIA / EMOSTATI / IMMUNOEMATOLOGIA / ISTOLOGIA / CITOLOGIA - ALTRI;S;;2016-11-15 00:00:00;
W0104;MICROBIOLOGIA;N;;2007-02-20 00:00:00;
W010401;BATTERIOLOGIA - TERRENI DI COLTURA;N;;2007-02-20 00:00:00;
W01040101;TERRENI DI COLTURA DISIDRATATI (TCD - BATTERIOLOGIA);N;;2007-02-20 00:00:00;
W0104010101;TCD ( ECCETTO TEST DI SUSCETTIBILTÃ );S;;2007-02-20 00:00:00;2022-02-22 00:00:00
W0104010101;TERRENI DI COLTURA DISIDRATATI (TCD);S;;2022-02-23 00:00:00;
W0104010102;TCD (TEST DI SUSCETTIBILITÃ);S;;2007-02-20 00:00:00;2011-08-29 00:00:00
W0104010102;TCD ( TEST DI SUSCETTIBILTÃ );S;;2011-08-30 00:00:00;2022-02-23 00:00:00
W0104010103;MATERIE PRIME PER LA PREPARAZIONE DI TCD;S;;2007-02-20 00:00:00;2011-08-29 00:00:00
W0104010103;MATERIE PRIME PER LA PREPARAZIONE DI TCD (AGAR, PEPTONI..);S;;2011-08-30 00:00:00;2022-02-22 00:00:00
W0104010103;MATERIE PRIME  (AGAR, PEPTONI..);S;;2022-02-23 00:00:00;
W0104010104;ADDITIVI PER TCD;S;;2007-02-20 00:00:00;2011-08-29 00:00:00
W0104010104;ADDITIVI PER TCD (SUPPLEMENTI DI CRESCITA, AGENTI SELETTIVIÂ¿);S;;2011-08-30 00:00:00;2022-02-22 00:00:00
W0104010104;ADDITIVI PER TERRENI DI COLTURA DISIDRATATI (SUPPLEMENTI DI CRESCITA, AGENTI SELETTIVIÂ¿);S;;2022-02-23 00:00:00;
W0104010199;TCD - ALTRI;S;;2007-02-20 00:00:00;2022-02-22 00:00:00
W0104010199;TERRENI DI COLTURA DISIDRATATI (TCD) - ALTRI;S;;2022-02-23 00:00:00;
W01040102;TERRENI PRONTI IN PROVETTA (BATTERIOLOGIA);N;;2007-02-20 00:00:00;2011-08-29 00:00:00
W01040102;TERRENI PRONTI IN PROVETTA  (BATTERIOLOGIA);N;;2011-08-30 00:00:00;
W0104010201;BRODI DI COLTURA (PROVETTE);S;;2007-02-20 00:00:00;2011-08-30 00:00:00
W0104010202;TERRENI PER ISOLAMENTO DEI MICOBATTERI (PROVETTE);S;;2007-02-20 00:00:00;2022-02-23 00:00:00
W0104010203;TERRENI DI TRASPORTO (PROVETTE);S;;2007-02-20 00:00:00;
W0104010204;CAMPIONI DI TRASPORTO PER ANALISI NAS;S;;2007-02-20 00:00:00;
W0104010205;DIP SLIDE (BATTERIOLOGIA);S;;2007-02-20 00:00:00;2022-02-23 00:00:00
W0104010206;TERRENI DI COLTURA IN PROVETTA (SOLIDI E LIQUIDI);S;;2011-08-30 00:00:00;
W0104010299;TERRENI IN PROVETTA - ALTRI;S;;2007-02-20 00:00:00;
W01040103;TERRENI PRONTI IN FLACONI (BATTERIOLOGIA);N;;2007-02-20 00:00:00;
W0104010301;TERRENI AGARIZZATI IN FLACONI;S;;2007-02-20 00:00:00;2011-08-30 00:00:00
W0104010302;BRODI DI COLTURA (FLACONI);S;;2007-02-20 00:00:00;2011-08-30 00:00:00
W0104010303;TEST DI SUSCETTIBILITÃ (FLACONI );S;;2007-02-20 00:00:00;2011-08-30 00:00:00
W0104010304;TERRENI DI ARRICCHIMENTO (FLACONI);S;;2007-02-20 00:00:00;2011-08-30 00:00:00
W0104010305;TERRENI PER MICOBATTERI (FLACONI);S;;2007-02-20 00:00:00;2011-08-30 00:00:00
W0104010306;TERRENI DI COLTURA IN FLACONI;S;;2011-08-30 00:00:00;
W0104010399;TERRENI IN FLACONI - ALTRI;S;;2007-02-20 00:00:00;2011-08-30 00:00:00
W01040104;TERRENI PRONTI IN PIASTRA (BATTERIOLOGIA);N;;2007-02-20 00:00:00;
W0104010401;TERRENI PER ISOLAMENTO (PIASTRE);S;;2007-02-20 00:00:00;2011-08-30 00:00:00
W0104010402;TERRENI PER ID (SU PIASTRA) CON SUBSTRATO INCORPORATO (PIASTRE);S;;2007-02-20 00:00:00;2011-08-29 00:00:00
W0104010402;TERRENI PER ID CON SUBSTRATO CROMOGENICO (PIASTRE);S;;2011-08-30 00:00:00;
W0104010403;TERRENI PER TEST DI SUSCETTIBILITÃ (PIASTRE);S;;2007-02-20 00:00:00;2011-08-29 00:00:00
W0104010403;TERRENI PER TEST DI SUSCETTIBILITÃ  (PIASTRE);S;;2011-08-30 00:00:00;
W0104010404;TERRENI CON INDICATORI CROMOGENICI DI RESISTENZA (PIASTRE);S;;2011-08-30 00:00:00;2022-02-22 00:00:00
W0104010404;TERRENI CON INDICATORI CROMOGENICI DI RESISTENZA (PIASTRE) -MRSA, VRE, ESBLÂ¿;S;;2022-02-23 00:00:00;
W0104010405;TERRENI PER ID CON SUBSTRATO NON CROMOGENICO (PIASTRE);S;;2011-08-30 00:00:00;2016-11-14 00:00:00
W0104010405;TERRENI NON CROMOGENICI (PIASTRE);S;;2016-11-15 00:00:00;
W0104010407;COMBINAZIONE DI TERRENI CROMOGENICI E NON (DOPPIA PIASTRA);S;;2016-11-15 00:00:00;
W0104010499;TERRENI PRONTI IN PIASTRA - ALTRI;S;;2007-02-20 00:00:00;
W01040105;EMOCOLTURE;N;;2007-02-20 00:00:00;2011-08-29 00:00:00
W01040105;EMOCOLTURE (MANUALI ED AUTOMATIZZATE);N;;2011-08-30 00:00:00;
W0104010501;FLACONI CON SOLO BRODO (EMOCOLTURA - MANUALE);S;;2007-02-20 00:00:00;2011-08-29 00:00:00
W0104010501;FLACONI  (EMOCOLTURA - MANUALE);S;;2011-08-30 00:00:00;
W0104010502;FLACONI CON TERRENI BIFASICI (EMOCOLTURA -MANUALE);S;;2007-02-20 00:00:00;2011-08-30 00:00:00
W0104010503;FLACONI PEDIATRICI (EMOCOLTURA - MANUALE);S;;2007-02-20 00:00:00;2011-08-30 00:00:00
W0104010504;FLACONI (EMOCOLTURA - AUTOMATIZZATA);S;;2011-08-30 00:00:00;
W0104010599;EMOCOLTURE MANUALI (CONCENTRATORI, INATTIVATORI ANTIBIOTICI, ECC.) - ALTRI;S;;2007-02-20 00:00:00;
W01040106;EMOCOLTURA / COLTURA MICOBATTERI - AUTOMATIZZATA;N;;2007-02-20 00:00:00;2011-08-29 00:00:00
W01040106;COLTURA MICOBATTERI (MANUALE - AUTOMATIZZATA);N;;2011-08-30 00:00:00;
W0104010601;FLACONI PER ADULTI (EMOCOLTURA - AUTOM.);S;;2007-02-20 00:00:00;2011-08-30 00:00:00
W0104010602;FLACONI PEDIATRICI (EMOCOLTURA - AUTOM.);S;;2007-02-20 00:00:00;2011-08-29 00:00:00
W0104010602;FLACONI PEDIATRICI (EMOCOLTURA - AUTOMATIZZATA);S;;2011-08-30 00:00:00;2022-02-23 00:00:00
W0104010603;SISTEMI PER MICOBATTERI - AUTOMATIZZATI;S;;2007-02-20 00:00:00;2011-08-29 00:00:00
W0104010603;COLTURE PER MICOBATTERI - AUTOMATIZZATI;S;;2011-08-30 00:00:00;2016-11-14 00:00:00
W0104010603;TERRENI PER MICOBATTERI (FLACONI) - AUTOMATIZZATI;S;;2016-11-15 00:00:00;
W0104010604;COLTURE PER MICOBATTERI - MANUALI;S;;2011-08-30 00:00:00;2022-02-22 00:00:00
W0104010604;COLTURE PER MICOBATTERI (PROVETTE, FLACONI) - MANUALI;S;;2022-02-23 00:00:00;
W0104010699;EMOCOLTURE AUTOMATIZZATE - ALTRI;S;;2007-02-20 00:00:00;2011-08-29 00:00:00
W0104010699;COLTURA PER MICOBATTERI (MANUALE - AUTOMATIZZATA - SUPPLEMENTI) - ALTRI;S;;2011-08-30 00:00:00;2022-02-22 00:00:00
W0104010699;COLTURE PER MICOBATTERI MANUALI - AUTOMATIZZATE (PER ES. FARMACI PER AST,  SUPPLEMENTI) - ALTRE;S;;2022-02-23 00:00:00;
W01040107;SCREENING DELLE URINE (BATTERIOLOGIA);N;;2007-02-20 00:00:00;2011-08-29 00:00:00
W01040107;SCREENING DELLE URINE  (BATTERIOLOGIA);N;;2011-08-30 00:00:00;
W0104010701;SISTEMI DI SCREENING DELLE URINE - AUTOMATIZZATI;S;;2007-02-20 00:00:00;2022-02-22 00:00:00
W0104010701;REAGENTI PER SCREENING DELLE URINE - AUTOMATIZZATI;S;;2022-02-23 00:00:00;
W0104010702;SCREENING DELLE URINE MANUALE (STRISCE ECC.);S;;2007-02-20 00:00:00;2011-08-29 00:00:00
W0104010702;SCREENING DELLE URINE MANUALE  (STRISCE ECC.);S;;2011-08-30 00:00:00;
W0104010703;SCREENING DELLE URINE (DIPSLIDE ECC.);S;;2011-08-30 00:00:00;
W0104010799;SCREENING DELLE URINE ( BATTERIOLOGIA) - ALTRI;S;;2007-02-20 00:00:00;
W01040108;COLORANTI, TAMPONI ECC: (BATTERIOLOGIA);N;;2007-02-20 00:00:00;2011-08-29 00:00:00
W01040108;COLORANTI, TAMPONI, CONTROLLI  ECC: (BATTERIOLOGIA);N;;2011-08-30 00:00:00;2016-11-14 00:00:00
W01040108;COLORANTI E  TAMPONI (BATTERIOLOGIA);N;;2016-11-15 00:00:00;
W0104010801;COLORAZIONE DI GRAM;S;;2007-02-20 00:00:00;2011-08-30 00:00:00
W0104010803;KIT PER GENERAZIONE DI GAS ;S;;2007-02-20 00:00:00;2011-08-30 00:00:00
W0104010804;COLORANTI;S;;2011-08-30 00:00:00;
W0104010805;TAMPONI;S;;2011-08-30 00:00:00;
W0104010899;COLORANTI, TAMPONI , CONTROLLI E STANDARD - ALTRI;S;;2007-02-20 00:00:00;2011-08-29 00:00:00
W0104010899;COLORANTI, TAMPONI E CONTROLLI - ALTRI;S;;2011-08-30 00:00:00;
W01040109;SISTEMI DI GENERAZIONE AMBIENTALE;N;;2011-08-30 00:00:00;
W0104010901;KIT PER LA GENERAZIONE DI GAS;S;;2011-08-30 00:00:00;
W0104010999;SISTEMI DI GENERAZIONE AMBIENTALE - ALTRI;S;;2016-11-15 00:00:00;
W010402;BATTERIOLOGIA - TEST DI IDENTIFICAZIONE E DI SENSIBILITÃ;N;;2007-02-20 00:00:00;2011-08-30 00:00:00
W01040201;IDENTIFICAZIONE BIOCHIMICA - AUTOMATIZZATA;N;;2007-02-20 00:00:00;2011-08-30 00:00:00
W0104020101;ENTEROBACTERIACEAE - AUTOMATIZZATA;S;;2007-02-20 00:00:00;2011-08-30 00:00:00
W0104020102;NON FERMENTANTI - AUTOMATIZZATA;S;;2007-02-20 00:00:00;2011-08-30 00:00:00
W0104020103;STREPTOCOCCUS - AUTOMATIZZATA;S;;2007-02-20 00:00:00;2011-08-30 00:00:00
W0104020104;STAPHYLOCOCCUS - AUTOMATIZZATA;S;;2007-02-20 00:00:00;2011-08-30 00:00:00
W0104020105;ANAEROBI - AUTOMATIZZATA;S;;2007-02-20 00:00:00;2011-08-30 00:00:00
W0104020106;HAEMOPHILUS E NEISSERIA - REAGENTI PER AUTOMAZIONE;S;;2007-02-20 00:00:00;2011-08-30 00:00:00
W0104020199;IDENTIFICAZIONI AUTOMATIZZATE - ALTRE;S;;2007-02-20 00:00:00;2011-08-30 00:00:00
W01040202;IDENTIFICAZIONE BIOCHIMICA - MANUALE;N;;2007-02-20 00:00:00;2011-08-30 00:00:00
W0104020201;ENTEROBACTERIACEAE - MANUALE;S;;2007-02-20 00:00:00;2011-08-30 00:00:00
W0104020202;NON FERMENTANTI - MANUALE;S;;2007-02-20 00:00:00;2011-08-30 00:00:00
W0104020203;STREPTOCOCCUS - MANUALE;S;;2007-02-20 00:00:00;2011-08-30 00:00:00
W0104020204;STAPHYLOCOCCUS - MANUALE;S;;2007-02-20 00:00:00;2011-08-30 00:00:00
W0104020205;ANAEROBI - MANUALE;S;;2007-02-20 00:00:00;2011-08-30 00:00:00
W0104020206;HAEMOPHILUS E NEISSERIA - METODICA MANUALE;S;;2007-02-20 00:00:00;2011-08-30 00:00:00
W0104020207;MYCOPLASMA - MANUALE;S;;2007-02-20 00:00:00;2011-08-30 00:00:00
W0104020208;TEST RAPIDI SINGOLI (CATALASI, OSSIDASI ECC.);S;;2007-02-20 00:00:00;2011-08-30 00:00:00
W0104020299;IDENTIFICAZIONI MANUALI (OPTICHINA, BACITRACINA ECC.) - ALTRE;S;;2007-02-20 00:00:00;2011-08-30 00:00:00
W01040203;IDENTIFICAZIONE IMMUNOLOGICA;N;;2007-02-20 00:00:00;2011-08-30 00:00:00
W0104020301;SIEROTIPIZZAZIONE (E. COLI, SALMONELLA, SHIGELLA, ECC.);S;;2007-02-20 00:00:00;2011-08-30 00:00:00
W0104020302;STREPTOCOCCUS;S;;2007-02-20 00:00:00;2011-08-30 00:00:00
W0104020303;STAPHYLOCOCCUS;S;;2007-02-20 00:00:00;2011-08-30 00:00:00
W0104020304;AGENTI PATOGENI DELLA MENINGITE;S;;2007-02-20 00:00:00;2011-08-30 00:00:00
W0104020399;IDENTIFICAZIONI IMMUNOLOGICHE - ALTRE;S;;2007-02-20 00:00:00;2011-08-30 00:00:00
W01040204;TEST DI SENSIBILITÃ - AUTOMATIZZATI;N;;2007-02-20 00:00:00;2011-08-30 00:00:00
W0104020401;SISTEMI BREAK-POINT (AUTOMATIZZATI);S;;2007-02-20 00:00:00;2011-08-30 00:00:00
W0104020402;SISTEMI MIC - AUTOMATIZZATI;S;;2007-02-20 00:00:00;2011-08-30 00:00:00
W0104020403;SISTEMI COMBINATI PER SENSIBILITÃ ED IDENTIFICAZIONE (AUTO);S;;2007-02-20 00:00:00;2011-08-30 00:00:00
W0104020404;SISTEMI PER MICOPLASMI (INCLUSI QUELLI COMBINATI CON I.D.);S;;2007-02-20 00:00:00;2011-08-30 00:00:00
W0104020499;SISTEMI DI SENSIBILITÃ AUTOMATIZZATI - ALTRI;S;;2007-02-20 00:00:00;2011-08-30 00:00:00
W01040205;TEST DI SENSIBILITÃ - MANUALE;N;;2007-02-20 00:00:00;2011-08-30 00:00:00
W0104020501;SISTEMI MIC - MANUALI;S;;2007-02-20 00:00:00;2011-08-30 00:00:00
W0104020502;DISCHI IMPREGNATI, DISCHI MULTIPLI E COMPRESSE;S;;2007-02-20 00:00:00;2011-08-30 00:00:00
W0104020503;SISTEMI MULTIPOINT;S;;2007-02-20 00:00:00;2011-08-30 00:00:00
W0104020504;TEST DI SENSIBILITÃ PER MICOBATTERI;S;;2007-02-20 00:00:00;2011-08-30 00:00:00
W0104020505;TEST RAPIDI SINGOLI (CEFINASI ECC.);S;;2007-02-20 00:00:00;2011-08-30 00:00:00
W0104020599;TEST DI SENSIBILITÃ MANUALI - ALTRI;S;;2007-02-20 00:00:00;2011-08-30 00:00:00
W01040206;IDENTIFICAZIONE ACIDI NUCLEICI (BATTERIOLOGIA);N;;2007-02-20 00:00:00;2022-02-23 00:00:00
W0104020601;IDENTIFICAZIONE ACIDI NUCLEICI - MANUALE;S;;2007-02-20 00:00:00;2022-02-23 00:00:00
W0104020602;IDENTIFICAZIONE ACIDI NUCLEICI - AUTOMATIZZATA;S;;2007-02-20 00:00:00;2011-08-29 00:00:00
W0104020602;IDENTIFICAZIONE ACIDI NUCLEICI MRSA - AUTOMATIZZATA;S;;2011-08-30 00:00:00;2016-11-14 00:00:00
W0104020602;IDENTIFICAZIONE ACIDI NUCLEICI MRSA -MANUALE/ AUTOMATIZZATA;S;;2016-11-15 00:00:00;2022-02-23 00:00:00
W0104020603;IDENTIFICAZIONE ACIDI NUCLEICI ALTRI MARKER DI RESISTENZA - AUTOMATIZZATA;S;;2011-08-30 00:00:00;2016-11-14 00:00:00
W0104020603;IDENTIFICAZIONE ACIDI NUCLEICI ALTRI MARKER DI RESISTENZA -MANUALE/ AUTOMATIZZATA (ESBL, CARBAPENEMASI,...);S;;2016-11-15 00:00:00;2022-02-23 00:00:00
W0104020604;IDENTIFICAZIONE ACIDI NUCLEICI VRE DI RESISTENZA -MANUALE/AUTOMATIZZATA;S;;2016-11-15 00:00:00;2022-02-23 00:00:00
W0104020699;IDENTIFICAZIONE ACIDI NUCLEICI (BATTERIOLOGIA) - ALTRI;S;;2011-08-30 00:00:00;2022-02-23 00:00:00
W010403;MICOLOGIA;N;;2007-02-20 00:00:00;
W01040301;TERRENI DI COLTURA DISIDRATATI (TCD - MICOLOGIA);N;;2007-02-20 00:00:00;2011-08-29 00:00:00
W01040301;TERRENI DI COLTURA DISIDRATATI   (TCD - MICOLOGIA);N;;2011-08-30 00:00:00;
W0104030101;TCD PER LIEVITI E FUNGHI;S;;2007-02-20 00:00:00;
W0104030199;TCD (MICOLOGIA) - ALTRI;S;;2007-02-20 00:00:00;
W01040302;TERRENI PRONTI IN PIASTRA (MICOLOGIA);N;;2007-02-20 00:00:00;
W0104030201;TPP PER LIEVITI E FUNGHI;S;;2007-02-20 00:00:00;
W0104030202;TERRENI CON SUBSTRATI INCORPORATI PER LIEVITI E FUNGHI;S;;2007-02-20 00:00:00;
W0104030299;TERRENI DI COLTURA PRONTI IN PIASTRA (MICOLOGIA) - ALTRI;S;;2007-02-20 00:00:00;
W01040303;TERRENI IN PROVETTE E FLACONI PER LIEVITI E FUNGHI (MICOLOGIA);N;;2007-02-20 00:00:00;2011-08-29 00:00:00
W01040303;TERRENI IN PROVETTE E FLACONI PER LIEVITI E FUNGHI;N;;2011-08-30 00:00:00;
W0104030301;TERRENI IN PROVETTE E FLACONI PER LIEVITI E FUNGHI;S;;2007-02-20 00:00:00;2016-11-14 00:00:00
W0104030301;TERRENI IN PROVETTE PER LIEVITI E FUNGHI;S;;2016-11-15 00:00:00;
W0104030302;DIP SLIDE (MICOLOGIA);S;;2007-02-20 00:00:00;
W0104030303;TERRENI IN FLACONI PER LIEVITI E FUNGHI;S;;2016-11-15 00:00:00;
W0104030399;TERRENI IN PROVETTA PER LIEVITI E FUNGHI - ALTRI;S;;2007-02-20 00:00:00;
W01040304;IDENTIFICAZIONE (MICOLOGIA);N;;2007-02-20 00:00:00;
W0104030401;SISTEMI DI IDENTIFICAZIONE PER LIEVITI - MANUALI;S;;2007-02-20 00:00:00;2011-08-30 00:00:00
W0104030402;SISTEMI DI IDENTIFICAZIONE PER FUNGHI - MANUALI;S;;2007-02-20 00:00:00;2011-08-30 00:00:00
W0104030403;SISTEMI DI IDENTIFICAZIONE PER LIEVITI E FUNGHI - AUTOMATIZZATI;S;;2007-02-20 00:00:00;
W0104030404;SISTEMI DI IDENTIFICAZIONE PER LIEVITI E FUNGHI /NAS;S;;2007-02-20 00:00:00;2022-02-22 00:00:00
W0104030404;SISTEMI DI IDENTIFICAZIONE PER LIEVITI E FUNGHI /REAGENTI NAS;S;;2022-02-23 00:00:00;
W0104030405;SISTEMI DI IDENTIFICAZIONE PER LIEVITI E FUNGHI - MANUALI;S;;2011-08-30 00:00:00;
W0104030499;SISTEMI AUTOMATIZZATI DI IDENTIFICAZIONE PER LIEVITI E FUNGHI - ALTRI;S;;2007-02-20 00:00:00;
W01040305;IDENTIFICAZIONE SIEROLOGICA (MICOLOGIA);N;;2007-02-20 00:00:00;
W0104030501;IDENTIFICAZIONE SIEROLOGICA DI LIEVITI E FUNGHI;S;;2007-02-20 00:00:00;
W0104030599;TEST PER L'IDENTIFICAZIONE SIEROLOGICA DI LIEVITI E FUNGHI - ALTRI;S;;2007-02-20 00:00:00;
W01040306;TEST DI SENSIBILITÃ (MICOLOGIA);N;;2007-02-20 00:00:00;
W0104030601;SISTEMI PER TEST DI SENSIBILITÃ DI LIEVITI E FUNGHI;S;;2007-02-20 00:00:00;2016-11-14 00:00:00
W0104030601;SISTEMI PER TEST DI SENSIBILITA' DI LIEVITI E FUNGHI;N;;2016-11-15 00:00:00;
W010403060101;SISTEMI PER TEST DI SENSIBILITA' DI LIEVITI E FUNGHI - MANUALI;S;;2016-11-15 00:00:00;
W010403060102;SISTEMI PER TEST DI SENSIBILITA' DI LIEVITI E FUNGHI - AUTOMATIZZATI;S;;2016-11-15 00:00:00;
W010403060199;SISTEMI PER TEST DI SENSIBILITA' DI LIEVITI E FUNGHI - ALTRI;S;;2016-11-15 00:00:00;
W0104030699;SISTEMI PER TEST DI SENSIBILITÃ DI LIEVITI E FUNGHI - ALTRI;S;;2007-02-20 00:00:00;2016-11-15 00:00:00
W010404;COLTURA VIRALE;N;;2007-02-20 00:00:00;2016-11-14 00:00:00
W010404;COLTURA TISSUTALE PER VIROLOGIA;N;;2016-11-15 00:00:00;
W01040401;CELLULE PER COLTURA TISSUTALE;S;;2007-02-20 00:00:00;
W01040402;TERRENI PER COLTURA TISSUTALE;S;;2007-02-20 00:00:00;
W01040403;SIERO PER COLTURA TISSUTALE;S;;2007-02-20 00:00:00;
W01040404;ADDITIVI E SOLUZIONI PER COLTURA TISSUTALE;S;;2007-02-20 00:00:00;2011-08-29 00:00:00
W01040404;ALTRI ADDITIVI E SOLUZIONI PER COLTURA TISSUTALE;S;;2011-08-30 00:00:00;
W01040499;REAGENTI PER VIROLOGIA ( MICROBIOLOGIA) - ALTRI;S;;2007-02-20 00:00:00;2016-11-14 00:00:00
W01040499;REAGENTI PER COLTURA VIRALE  - ALTRI;S;;2016-11-15 00:00:00;
W010405;PARASSITOLOGIA ( MICROBIOLOGIA );N;;2007-02-20 00:00:00;2011-08-29 00:00:00
W010405;COLTURA VIRALE;N;;2011-08-30 00:00:00;2016-11-14 00:00:00
W010405;PARASSITOLOGIA (MICROBIOLOGIA);N;;2016-11-15 00:00:00;
W01040501;REAGENTI PER ESTRAZIONE;N;;2007-02-20 00:00:00;2016-11-14 00:00:00
W01040501;REAGENTI PER PARASSITOLOGIA;N;;2016-11-15 00:00:00;
W0104050101;REAGENTI PER ESTRAZIONE PER PARASSITOLOGIA;S;;2007-02-20 00:00:00;
W0104050102;COLORANTI PER PARASSITOLOGIA;S;;2007-02-20 00:00:00;
W0104050199;COLORANTI PER PARASSITOLOGIA - ALTRI;S;;2007-02-20 00:00:00;2016-11-14 00:00:00
W0104050199;REAGENTI PER PARASSITOLOGIA - ALTRI;S;;2016-11-15 00:00:00;
W01040502;RICERCA ED IDENTIFICAZIONE SIEROLOGICA (PARASSITOLOGIA);N;;2007-02-20 00:00:00;2016-11-14 00:00:00
W01040502;RICERCA ED IDENTIFICAZIONE (PARASSITOLOGIA);N;;2016-11-15 00:00:00;
W0104050201;PNEUMOCYSTIS CARINII;S;;2007-02-20 00:00:00;2022-02-22 00:00:00
W0104050201;PNEUMOCYSTIS JIROVECII (PNEUMOCYSTIS CARINII);S;;2022-02-23 00:00:00;
W0104050202;PLASMODIUM FALCIPARUM;S;;2007-02-20 00:00:00;
W0104050203;CRYPTOSPORIDIUM;S;;2007-02-20 00:00:00;
W0104050299;TEST PER RICERCA DI ANTIGENI PARASSITARI - ALTRI;S;;2007-02-20 00:00:00;2016-11-14 00:00:00
W0104050299;RICERCA ED IDENTIFICAZIONE (PARASSITOLOGIA) - ALTRI;S;;2016-11-15 00:00:00;
W010406;CONTROLLI/STANDARD/CALIBRATORI - MICROBIOLOGIA;S;;2007-02-20 00:00:00;2011-08-29 00:00:00
W010406;CONTROLLI/STANDARD/CALIBRATORI - MICROBIOLOGIA;N;;2011-08-30 00:00:00;
W01040601;CEPPI BATTERICI PER IL CONTROLLO DI QUALITA' IN BATTERIOLOGIA;S;;2011-08-30 00:00:00;
W01040699;CONTROLLI/STANDARD/CALIBRATORI IN MICROBIOLOGIA - ALTRI;S;;2011-08-30 00:00:00;
W010407;TEST RAPIDI - MICROBIOLOGIA;S;;2007-02-20 00:00:00;2016-11-14 00:00:00
W010407;"MICROBIOLOGIA - TEST RAPIDI E ""POINT OF CARE""";S;;2016-11-15 00:00:00;
W010408;TEST DI IDENTIFICAZIONE BIOCHIMICA E DI SENSIBILITÃ (AUTOMATIZZATI);N;;2011-08-30 00:00:00;2016-11-14 00:00:00
W010408;TEST DI IDENTIFICAZIONE BIOCHIMICA E DI SENSIBILITA';N;;2016-11-15 00:00:00;2022-02-22 00:00:00
W010408;BATTERIOLOGIA - TEST DI IDENTIFICAZIONE E SUSCETTIBILITA';N;;2022-02-23 00:00:00;
W01040801;IDENTIFICAZIONE BIOCHIMICA - AUTOMATIZZATA;N;;2011-08-30 00:00:00;2016-11-14 00:00:00
W01040801;TEST DI  IDENTIFICAZIONE BIOCHIMICA E SENSIBILITA'-AUTOMATIZZATA;N;;2016-11-15 00:00:00;
W0104080101;IDENTIFICAZIONE GRAM NEGATIVI - AUTOMATIZZATA;S;;2011-08-30 00:00:00;
W0104080103;IDENTIFICAZIONE GRAM POSITIVI - AUTOMATIZZATA;S;;2011-08-30 00:00:00;
W0104080105;ANAEROBI ED ALTRI GERMI PATOGENI - AUTOMATIZZATA;S;;2011-08-30 00:00:00;2022-02-22 00:00:00
W0104080105;IDENTIFICAZIONE ANAEROBI ED ALTRI GERMI PATOGENI - AUTOMATIZZATA;S;;2022-02-23 00:00:00;
W0104080107;TEST DI SUSCETTIBILITA' GRAM NEGATIVI - AUTOMATIZZATI;S;;2011-08-30 00:00:00;
W0104080108;TEST DI SUSCETTIBILITA' GRAM POSITIVI - AUTOMATIZZATI;S;;2011-08-30 00:00:00;
W0104080109;TEST COMBINATI DI IDENTIFICAZIONE E SUSCETTIBILITA' GRAM NEGATIVI - AUTOMATIZZATI;S;;2011-08-30 00:00:00;2022-02-22 00:00:00
W0104080109;SISTEMI COMBINATI DI SUSCETTIBILITA' E  IDENTIFICAZIONE GRAM NEGATIVI - AUTOMATIZZATI;S;;2022-02-23 00:00:00;
W0104080110;TEST COMBINATI DI IDENTIFICAZIONE E SUSCETTIBILITA' GRAM POSITIVI - AUTOMATIZZATI;S;;2011-08-30 00:00:00;2022-02-22 00:00:00
W0104080110;SISTEMI COMBINATI DI SUSCETTIBILITA' E  IDENTIFICAZIONE GRAM POSITIVI - AUTOMATIZZATI;S;;2022-02-23 00:00:00;
W0104080111;TEST DI SUSCETTIBILITA' ANAEROBI ED ALTRI GERMI PATOGENI - AUTOMATIZZATA;S;;2011-08-30 00:00:00;
W0104080112;TEST DI IDENTIFICAZIONE AUTOMATICA - ALTRI;S;;2016-11-15 00:00:00;2022-02-22 00:00:00
W0104080112;TEST DI IDENTIFICAZIONE  (INCLUSI I CONSUMABILI) -AUTOMATIZZATI- ALTRI;S;;2022-02-23 00:00:00;
W0104080113;TEST DI SENSIBILITA' AUTOMATICA - ALTRI;S;;2016-11-15 00:00:00;2022-02-22 00:00:00
W0104080113;TEST DI SUSCETTIBILITA'  (INCLUSI I CONSUMABILI) -AUTOMATIZZATI- ALTRI;S;;2022-02-23 00:00:00;
W0104080199;TEST DI IDENTIFICAZIONI E SUSCETTIBILITA' AUTOMATIZZATI - ALTRE;S;;2011-08-30 00:00:00;2016-11-15 00:00:00
W01040802;IDENTIFICAZIONE BIOCHIMICA - MANUALE;N;;2011-08-30 00:00:00;
W0104080201;IDENTIFICAZIONE GRAM NEGATIVI - MANUALE;S;;2011-08-30 00:00:00;
W0104080203;IDENTIFICAZIONE GRAM POSITIVI - MANUALE;S;;2011-08-30 00:00:00;
W0104080206;HAEMOPHILUS E NEISSERIA - METODICA MANUALE;S;;2011-08-30 00:00:00;2022-02-23 00:00:00
W0104080207;MYCOPLASMA - MANUALE;S;;2011-08-30 00:00:00;2022-02-22 00:00:00
W0104080207;MICOPLASMA/UREAPLASMA (INCLUSA IDENTIFICAZIONE COMBINATA AST) ;S;;2022-02-23 00:00:00;
W0104080208;TEST RAPIDI SINGOLI (CATALASI, OSSIDASI ECC.);S;;2011-08-30 00:00:00;2022-02-22 00:00:00
W0104080208;TEST  SINGOLI (DISCHI, STRISCE, CONTA-GOCCE...);S;;2022-02-23 00:00:00;
W0104080209;ALTRI KIT DI IDENTIFICAZIONE MANUALI - ANAEROBI, PATOGENI;S;;2016-11-15 00:00:00;
W0104080299;IDENTIFICAZIONI MANUALI - ALTRE;S;;2011-08-30 00:00:00;
W01040803;IDENTIFICAZIONE IMMUNOLOGICA DA COLTURA;N;;2011-08-30 00:00:00;
W0104080301;SIEROTIPIZZAZIONE (E. COLI, SALMONELLA, SHIGELLA, ECC.);S;;2011-08-30 00:00:00;
W0104080302;STREPTOCOCCUS;S;;2011-08-30 00:00:00;2022-02-22 00:00:00
W0104080302;SLIDE TEST PER IDENTIFICAZIONE  GRUPPO STREPTOCOCCHI;S;;2022-02-23 00:00:00;
W0104080303;STAPHYLOCOCCUS;S;;2011-08-30 00:00:00;2022-02-22 00:00:00
W0104080303;SLIDE TEST PER STAFILOCOCCHI;S;;2022-02-23 00:00:00;
W0104080304;AGENTI PATOGENI DELLA MENINGITE;S;;2011-08-30 00:00:00;2022-02-22 00:00:00
W0104080304;SLIDE TEST PER MENINGITE;S;;2022-02-23 00:00:00;
W0104080399;IDENTIFICAZIONI IMMUNOLOGICHE - ALTRE;S;;2011-08-30 00:00:00;
W01040805;TEST DI SENSIBILITÃ - MANUALE;N;;2011-08-30 00:00:00;
W0104080501;SISTEMI MIC - METODI PER DILUIZIONE (INCLUSI E-TEST);S;;2011-08-30 00:00:00;
W0104080502;DISCHI IMPREGNATI, DISCHI MULTIPLI E COMPRESSE;S;;2011-08-30 00:00:00;
W0104080503;TEST DI SENSIBILITA' ANTIMICROBICA MANUALE - STRISCE/CASSETTE/GALLERIE;S;;2016-11-15 00:00:00;
W0104080504;TEST DI RESISTENZA MIRATA - MRSA;S;;2022-02-23 00:00:00;
W0104080505;TEST DI RESISTENZA MIRATA - ESBL;S;;2022-02-23 00:00:00;
W0104080506;TEST DI RESISTENZA MIRATA - CARBAPENEMASI;S;;2022-02-23 00:00:00;
W0104080590;TEST DI RESISTENZA MIRATA- ALTRI ;S;;2022-02-23 00:00:00;
W0104080599;TEST DI SENSIBILITÃ MANUALI - ALTRI;S;;2011-08-30 00:00:00;
W01040806;IDENTIFICAZIONE ACIDI NUCLEICI (BATTERIOLOGIA);N;;2022-02-23 00:00:00;
W0104080601;IDENTIFICAZIONE ACIDI NUCLEICI BATTERI SPP/SSPP- MANUALE/AUTOMATIZZATA;S;;2022-02-23 00:00:00;
W0104080602;IDENTIFICAZIONE ACIDI NUCLEICI MRSA -MANUALE/ AUTOMATIZZATA;S;;2022-02-23 00:00:00;
W0104080604;IDENTIFICAZIONE ACIDI NUCLEICI VRE - MANUALE/AUTOMATIZZATA;S;;2022-02-23 00:00:00;
W0104080605;IDENTIFICAZIONE ACIDI NUCLEICI ESBL - MANUALE/AUTOMATIZZATA;S;;2022-02-23 00:00:00;
W0104080606;IDENTIFICAZIONE ACIDI NUCLEICI CARBAPENEMASI - MANUALE/AUTOMATIZZATA;S;;2022-02-23 00:00:00;
W0104080607;IDENTIFICAZIONE MARKERS DI RESISTENZA - MANUALE/AUTOMATIZZATA - ALTRI;S;;2022-02-23 00:00:00;
W0104080699;IDENTIFICAZIONE ACIDI NUCLEICI (BATTERIOLOGIA) MANUALE/AUTOMATIZZATA - ALTRI;S;;2022-02-23 00:00:00;
W010499;TEST DI MICROBIOLOGIA - ALTRI;S;;2007-02-20 00:00:00;
W0105;IMMUNOLOGIA DELLE MALATTIE INFETTIVE;N;;2007-02-20 00:00:00;
W010501;BATTERIOLOGIA (IMMUNOLOGIA DELLE MALATTIE INFETTIVE);N;;2007-02-20 00:00:00;2022-02-22 00:00:00
W010501;BATTERIOLOGIA (IMMUNOINFETTIVOLOGIA /NAT);N;;2022-02-23 00:00:00;
W01050101;CHLAMYDIA;N;;2007-02-20 00:00:00;
W0105010101;CHLAMYDIA, RICERCA ANTIGENI;S;;2007-02-20 00:00:00;2016-11-15 00:00:00
W0105010102;CHLAMYDIA, ANTICORPI TOTALI;S;;2007-02-20 00:00:00;2016-11-15 00:00:00
W0105010103;CHLAMYDIA, ANTICORPI IGA;S;;2007-02-20 00:00:00;2016-11-15 00:00:00
W0105010104;CHLAMYDIA, ANTICORPI IGG;S;;2007-02-20 00:00:00;2016-11-15 00:00:00
W0105010105;CHLAMYDIA, ANTICORPI IGM;S;;2007-02-20 00:00:00;2016-11-15 00:00:00
W0105010106;CHLAMYDIA, RICERCA CON REAGENTI NAS;S;;2007-02-20 00:00:00;2016-11-15 00:00:00
W0105010107;CHLAMYDIA TRACHOMATIS, RICERCA ANTIGENI;S;;2016-11-15 00:00:00;
W0105010108;CHLAMYDIA TRACHOMATIS, ANTICORPI TOTALI;S;;2016-11-15 00:00:00;
W0105010109;CHLAMYDIA TRACHOMATIS, ANTICORPI IGA;S;;2016-11-15 00:00:00;
W0105010110;CHLAMYDIA TRACHOMATIS, ANTICORPI IGG;S;;2016-11-15 00:00:00;
W0105010111;CHLAMYDIA TRACHOMATIS, ANTICORPI IGM;S;;2016-11-15 00:00:00;
W0105010112;CHLAMYDIA PNEUMONIAE, RICERCA ANTIGENI;S;;2016-11-15 00:00:00;
W0105010113;CHLAMYDIA PNEUMONIAE, ANTICORPI TOTALI;S;;2016-11-15 00:00:00;
W0105010114;CHLAMYDIA PNEUMONIAE, ANTICORPI IGA;S;;2016-11-15 00:00:00;
W0105010115;CHLAMYDIA PNEUMONIAE, ANTICORPI IGG;S;;2016-11-15 00:00:00;
W0105010116;CHLAMYDIA PNEUMONIAE, ANTICORPI IGM;S;;2016-11-15 00:00:00;
W0105010117;CHLAMYDIA TRACHOMATIS, RICERCA CON REAGENTI NAS;S;;2016-11-15 00:00:00;
W0105010118;CHLAMYDIA PNEUMONIAE, RICERCA CON REAGENTI NAS;S;;2016-11-15 00:00:00;
W0105010199;REAGENTI PER LA CHLAMYDIA - ALTRI;S;;2007-02-20 00:00:00;
W01050102;GONOCOCCI (GONOCOCCHI);N;;2007-02-20 00:00:00;2022-02-22 00:00:00
W01050102;GONOCOCCHI (NEISSERIA GONORRHOEAE);N;;2022-02-23 00:00:00;
W0105010201;GONOCOCCHI, RICERCA ANTIGENI;S;;2007-02-20 00:00:00;
W0105010202;GONOCOCCHI, ANTICORPI TOTALI;S;;2007-02-20 00:00:00;
W0105010203;GONOCOCCHI, RICERCA CON REAGENTI NAS;S;;2007-02-20 00:00:00;
W0105010299;REAGENTI PER GONOCOCCHI - ALTRI;S;;2007-02-20 00:00:00;
W01050103;SIFILIDE (TREPONEMA PALLIDUM);N;;2007-02-20 00:00:00;
W0105010301;SIFILIDE (LUE), RICERCA ANTIGENI;S;;2007-02-20 00:00:00;2011-08-29 00:00:00
W0105010301;SIFILIDE(LUE), RICERCA ANTIGENI;S;;2011-08-30 00:00:00;
W0105010302;SIFILIDE (LUE), ANTICORPI TOTALI;S;;2007-02-20 00:00:00;
W0105010303;SIFILIDE (LUE), ANTICORPI IGG;S;;2007-02-20 00:00:00;
W0105010304;SIFILIDE (LUE), ANTICORPI IGM;S;;2007-02-20 00:00:00;
W0105010305;SIFILIDE (LUE) RICERCA CON REAGENTI NAS;S;;2007-02-20 00:00:00;
W0105010399;REAGENTI PER LA SIFILIDE - ALTRI;S;;2007-02-20 00:00:00;
W01050104;HELICOBACTER PYLORI;N;;2007-02-20 00:00:00;
W0105010401;HELICOBACTER PYLORI, RICERCA ANTIGENI;S;;2007-02-20 00:00:00;
W0105010402;HELICOBACTER PYLORI, ANTICORPI TOTALI;S;;2007-02-20 00:00:00;
W0105010403;HELICOBACTER PYLORI, RICERCA CON REAGENTI NAS;S;;2007-02-20 00:00:00;
W0105010499;REAGENTI PER RICERCA HELICOBACTER PYLORI - ALTRI;S;;2007-02-20 00:00:00;
W01050105;LEGIONELLA;N;;2007-02-20 00:00:00;
W0105010501;LEGIONELLA, RICERCA ANTIGENI;S;;2007-02-20 00:00:00;
W0105010502;LEGIONELLA, ANTICORPI TOTALI;S;;2007-02-20 00:00:00;
W0105010503;LEGIONELLA, RICERCA CON REAGENTI NAS;S;;2007-02-20 00:00:00;
W0105010599;REAGENTI PER LA LEGIONELLA - ALTRI;S;;2007-02-20 00:00:00;
W01050106;BORRELIA (SINDROME DI LYME);N;;2007-02-20 00:00:00;
W0105010601;BORRELIA (SINDROME DI LYME), RICERCA ANTIGENI;S;;2007-02-20 00:00:00;
W0105010602;BORRELIA (SINDROME DI LYME), ANTICORPI TOTALI;S;;2007-02-20 00:00:00;
W0105010603;BORRELIA (SINDROME DI LYME), ANTICORPI IGG;S;;2007-02-20 00:00:00;
W0105010604;BORRELIA (SINDROME DI LYME), ANTICORPI IGM;S;;2007-02-20 00:00:00;
W0105010605;BORRELIA (SINDROME DI LYME), RICERCA CON REAGENTI NAS;S;;2007-02-20 00:00:00;
W0105010699;REAGENTI PER LA BORRELIA (SINDROME DI LYME) - ALTRI;S;;2007-02-20 00:00:00;
W01050107;MICOBATTERI GENERE + SPECIE;N;;2007-02-20 00:00:00;2011-08-29 00:00:00
W01050107;MICOBATTERI   GENERE + SPECIE;N;;2011-08-30 00:00:00;
W0105010701;MICOBATTERI, RICERCA ANTIGENI;S;;2007-02-20 00:00:00;
W0105010702;MICOBATTERI, ANTICORPI;S;;2007-02-20 00:00:00;
W0105010703;MICOBATTERI, RICERCA CON REAGENTI NAS;S;;2007-02-20 00:00:00;
W0105010799;REAGENTI PER RICERCA MICOBATTERI - ALTRI;S;;2007-02-20 00:00:00;
W01050108;MYCOPLASMA;N;;2007-02-20 00:00:00;
W0105010801;MYCOPLASMA, RICERCA ANTIGENI;S;;2007-02-20 00:00:00;
W0105010802;MYCOPLASMA, ANTICORPI;S;;2007-02-20 00:00:00;
W0105010803;MYCOPLASMA, RICERCA CON REAGENTI NAS;S;;2007-02-20 00:00:00;
W0105010899;REAGENTI PER MICOPLASMA - ALTRI;S;;2007-02-20 00:00:00;
W01050109;PSEUDOMONAS AERUGINOSA;N;;2007-02-20 00:00:00;
W0105010901;PSEUDOMONAS AERUGINOSA, ANTICORPI IGG;S;;2007-02-20 00:00:00;
W0105010902;PSEUDOMONAS AERUGINOSA, RICERCA CON REAGENTI NAS;S;;2007-02-20 00:00:00;
W0105010999;REAGENTI PER PSEUDOMONAS AERUGINOSA - ALTRI;S;;2007-02-20 00:00:00;
W01050110;SALMONELLA;N;;2007-02-20 00:00:00;
W0105011001;SALMONELLA, RICERCA ANTIGENI;S;;2007-02-20 00:00:00;
W0105011002;SALMONELLA, ANTICORPI;S;;2007-02-20 00:00:00;
W0105011003;SALMONELLA, RICERCA CON REAGENTI NAS;S;;2007-02-20 00:00:00;
W0105011099;REAGENTI PER SALMONELLA - ALTRI;S;;2007-02-20 00:00:00;
W01050111;STREPTOCOCCI (STREPTOCOCCHI);N;;2007-02-20 00:00:00;
W0105011101;STREPTOCOCCHI, RICERCA DIRETTA ANTIGENI;S;;2007-02-20 00:00:00;
W0105011102;STREPTOCOCCHI, RICERCA CON REAGENTI NAS;S;;2007-02-20 00:00:00;
W0105011103;STREPTOCOCCHI A, RICERCA CON REAGENTI NAS;S;;2016-11-15 00:00:00;
W0105011104;STREPTOCOCCHI B, RICERCA CON REAGENTI NAS;S;;2016-11-15 00:00:00;
W0105011105;STREPTOCOCCUS PNEUMONIAE, RICERCA CON REAGENTI NAS;S;;2016-11-15 00:00:00;
W0105011199;REAGENTI PER STREPTOCOCCHI - ALTRI;S;;2007-02-20 00:00:00;
W01050112;STAPHYLOCOCCI (STAFILOCOCCHI);N;;2007-02-20 00:00:00;
W0105011201;STAFILOCOCCHI, RICERCA ANTIGENI;S;;2007-02-20 00:00:00;
W0105011202;STAFILOTOSSINA;S;;2007-02-20 00:00:00;
W0105011203;STAFILOCOCCHI, RICERCA CON REAGENTI NAS;S;;2007-02-20 00:00:00;
W0105011299;REAGENTI PER RICERCA STAFILOCOCCHI - ALTRI;S;;2007-02-20 00:00:00;
W01050113;LISTERIA;N;;2007-02-20 00:00:00;
W0105011301;LISTERIA, RICERCA ANTIGENI;S;;2007-02-20 00:00:00;
W0105011302;LISTERIA, ANTICORPI;S;;2007-02-20 00:00:00;
W0105011303;LISTERIA MONOCYTOGENES, RICERCA DIRETTA ANTIGENI;S;;2007-02-20 00:00:00;
W0105011304;LISTERIA MONOCYTOGENES, ANTICORPI;S;;2007-02-20 00:00:00;
W0105011305;LISTERIA, RICERCA CON REAGENTI NAS;S;;2007-02-20 00:00:00;
W0105011399;REAGENTI PER RICERCA LISTERIA - ALTRI;S;;2007-02-20 00:00:00;
W01050114;CAMPYLOBACTER;N;;2007-02-20 00:00:00;
W0105011401;CAMPYLOBACTER, RICERCA DIRETTA ANTIGENI;S;;2007-02-20 00:00:00;
W0105011402;CAMPYLOBACTER, RICERCA CON REAGENTI NAS;S;;2007-02-20 00:00:00;
W0105011499;REAGENTI PER RICERCA CAMPYLOBACTER - ALTRI;S;;2007-02-20 00:00:00;2011-08-29 00:00:00
W0105011499;REAGENTI PER RICERCA CAMPYLOPBACTER - ALTRI;S;;2011-08-30 00:00:00;
W01050115;ESCHERICHIA COLI;N;;2007-02-20 00:00:00;
W0105011501;ESCHERICHIA COLI, RICERCA DIRETTA ANTIGENI;S;;2007-02-20 00:00:00;
W0105011502;ESCHERICHIA COLI, TOSSINA;S;;2007-02-20 00:00:00;
W0105011503;ESCHERICHIA COLI, RICERCA CON REAGENTI NAS;S;;2007-02-20 00:00:00;
W0105011599;REAGENTI PER RICERCA ESCHERICHIA COLI - ALTRI;S;;2007-02-20 00:00:00;
W01050116;ULTERIORI PRODOTTI PER BATTERIOLOGIA - REAGENTI NAS;N;;2007-02-20 00:00:00;2011-08-29 00:00:00
W01050116;ALTRI PRODOTTI PER BATTERIOLOGIA - REAGENTI NAS;N;;2011-08-30 00:00:00;
W0105011601;BRUCELLA, RICERCA CON REAGENTI NAS;S;;2007-02-20 00:00:00;
W0105011602;CLOSTRIDIUM DIFFICILE, RICERCA CON REAGENTI NAS;S;;2007-02-20 00:00:00;2022-02-23 00:00:00
W0105011603;COXIELLA, RICERCA CON REAGENTI NAS;S;;2007-02-20 00:00:00;2022-02-22 00:00:00
W0105011603;COXIELLA BURNETII (FEBBRE Q), RICERCA CON REAGENTI NAS;S;;2022-02-23 00:00:00;
W0105011604;LEPTOSPIRA, RICERCA CON REAGENTI NAS;S;;2007-02-20 00:00:00;
W0105011605;RICKETTSIA, RICERCA CON REAGENTI NAS;S;;2007-02-20 00:00:00;
W0105011606;YERSINIA, RICERCA CON REAGENTI NAS;S;;2007-02-20 00:00:00;
W0105011607;BORDETELLA PERTUSSIS / PARAPERTUSSIS, RICERCA CON REAGENTI NAS;S;;2007-02-20 00:00:00;
W0105011608;DIFTERITE (CHLOSTRIDIUM DIPHTHERIAE), RICERCA CON REAGENTI NAS;S;;2007-02-20 00:00:00;
W0105011609;TETANO (CHLOSTRIDIUM TETANI), RICERCA CON REAGENTI NAS;S;;2007-02-20 00:00:00;
W0105011610;HAEMOPHILUS INFLUENZAE, RICERCA CON REAGENTI NAS;S;;2007-02-20 00:00:00;
W0105011611;NEISSERIA MENINGITIDIS, RICERCA CON REAGENTI NAS;S;;2007-02-20 00:00:00;
W0105011612;PROTEUS, RICERCA CON REAGENTI NAS;S;;2007-02-20 00:00:00;
W0105011613;PSEUDOMONAS, RICERCA CON REAGENTI NAS;S;;2007-02-20 00:00:00;
W0105011614;SHIGELLA, RICERCA CON REAGENTI NAS;S;;2007-02-20 00:00:00;
W0105011699;REAGENTI PER BATTERIOLOGIA, RICERCA CON REAGENTI NAS - ALTRI;S;;2007-02-20 00:00:00;
W01050117;ULTERIORI DETERMINAZIONI IMMUNOLOGICHE IN BATTERIOLOGIA;N;;2007-02-20 00:00:00;2011-08-29 00:00:00
W01050117;DETERMINAZIONI IMMUNOLOGICHE IN BATTERIOLOGIA - VARIE;N;;2011-08-30 00:00:00;
W0105011701;BRUCELLA;S;;2007-02-20 00:00:00;
W0105011702;CLOSTRIDIUM DIFFICILE;S;;2007-02-20 00:00:00;2022-02-23 00:00:00
W0105011703;COXIELLA;S;;2007-02-20 00:00:00;2022-02-22 00:00:00
W0105011703;COXIELLA BURNETII (FEBBRE Q);S;;2022-02-23 00:00:00;
W0105011704;LEPTOSPIRA;S;;2007-02-20 00:00:00;
W0105011705;RICKETTSIA;S;;2007-02-20 00:00:00;
W0105011706;YERSINIA;S;;2007-02-20 00:00:00;
W0105011707;BORDETELLA PERTUSSIS / PARAPERTUSSIS;S;;2007-02-20 00:00:00;
W0105011708;DIFTERITE (CORYNEBACTERIUM DIPHTHERIAE);S;;2007-02-20 00:00:00;
W0105011709;TETANO (CHLOSTRIDIUM TETANI);S;;2007-02-20 00:00:00;2011-08-29 00:00:00
W0105011709;TETANO (CLOSTRIDIUM TETANI);S;;2011-08-30 00:00:00;
W0105011710;HAEMOPHILUS INFLUENZAE;S;;2007-02-20 00:00:00;
W0105011711;NEISSERIA MENINGITIDIS;S;;2007-02-20 00:00:00;
W0105011712;PROTEUS;S;;2007-02-20 00:00:00;
W0105011713;PSEUDOMONAS;S;;2007-02-20 00:00:00;
W0105011714;SHIGELLA;S;;2007-02-20 00:00:00;
W0105011799;DETERMINAZIONI IMMUNOLOGICHE IN BATTERIOLOGIA - ALTRE;S;;2007-02-20 00:00:00;2011-08-29 00:00:00
W0105011799;DETERMINAZIONE IMMUNOLOGICHE IN BATTERIOLOGIA - ALTRE;S;;2011-08-30 00:00:00;
W01050118;CLOSTRIDIUM DIFFICILE;N;;2022-02-23 00:00:00;
W0105011801;IDENTIFICAZIONE GDH C. DIFFICILE ;S;;2022-02-23 00:00:00;
W0105011802;IDENTIFICAZIONE TOSSINA A/B  C. DIFFICILE ;S;;2022-02-23 00:00:00;
W0105011803;IDENTIFICAZIONE COMBINATA GDH E TOSSINA A/B  C. DIFFICILE ;S;;2022-02-23 00:00:00;
W0105011804;C. DIFFICLE - REAGENTI NAS;S;;2022-02-23 00:00:00;
W0105011899;REAGENTI C. DIFFICILE - ALTRI;S;;2022-02-23 00:00:00;
W010502;VIRUS DELL'EPATITE;N;;2007-02-20 00:00:00;2022-02-22 00:00:00
W010502;VIRUS DELL'EPATITE (IMMUNOINFETTIVOLOGIA /NAT);N;;2022-02-23 00:00:00;
W01050201;VIRUS DELL'EPATITE A;N;;2007-02-20 00:00:00;
W0105020101;EPATITE A (HAV), ANTIGENE, TEST DI CONFERMA;S;;2007-02-20 00:00:00;
W0105020102;EPATITE A (HAV), ANTICORPI TOTALI;S;;2007-02-20 00:00:00;
W0105020103;EPATITE A (HAV), ANTICORPI IGG;S;;2007-02-20 00:00:00;
W0105020104;EPATITE A (HAV), ANTICORPI IGM;S;;2007-02-20 00:00:00;
W0105020105;EPATITE A (HAV), RICERCA CON REAGENTI NAS;S;;2007-02-20 00:00:00;
W0105020199;REAGENTI PER EPATITE A (HAV) - ALTRI;S;;2007-02-20 00:00:00;
W01050202;VIRUS DELL'EPATITE B;N;;2007-02-20 00:00:00;
W0105020201;EPATITE B (HBV), ANTIGENE DI SUPERFICIE (HBSAG);S;;2007-02-20 00:00:00;
W0105020202;EPATITE B (HBV), ANTIGENE DI SUPERFICIE - TEST DI CONFERMA;S;;2007-02-20 00:00:00;
W0105020203;EPATITE B (HBV), ANTICORPI TOTALI ANTI-ANTIGENE DI SUPERFICIE;S;;2007-02-20 00:00:00;
W0105020204;EPATITE B (HBV), IGG ANTI-ANTIGENE DI SUPERFICIE;S;;2007-02-20 00:00:00;
W0105020205;EPATITE B (HBV), IGM ANTI-ANTIGENE DI SUPERFICIE;S;;2007-02-20 00:00:00;
W0105020206;EPATITE B (HBV), ANTIGENE CORE;S;;2007-02-20 00:00:00;
W0105020207;EPATITE B (HBV), ANTIGENE CORE - TEST DI CONFERMA;S;;2007-02-20 00:00:00;
W0105020208;EPATITE B (HBV), ANTICORPI TOTALI ANTI-ANTIGENE CORE;S;;2007-02-20 00:00:00;
W0105020209;EPATITE B (HBV), IGG ANTI-ANTIGENE CORE;S;;2007-02-20 00:00:00;
W0105020210;EPATITE B (HBV), IGM ANTI-ANTIGENE CORE;S;;2007-02-20 00:00:00;
W0105020211;EPATITE B (HBV), ANTIGENE E;S;;2007-02-20 00:00:00;
W0105020212;EPATITE B (HBV), ANTIGENE E -TEST DI CONFERMA;S;;2007-02-20 00:00:00;
W0105020213;EPATITE B (HBV), ANTICORPI TOTALI ANTI-ANTIGENE E;S;;2007-02-20 00:00:00;
W0105020214;EPATITE B (HBV), ANTICORPI IGG ANTI-ANTIGENE E;S;;2007-02-20 00:00:00;
W0105020215;EPATITE B (HBV), ANTICORPI IGM ANTI-ANTIGENE E;S;;2007-02-20 00:00:00;
W0105020216;EPATITE B (HBV), RICERCA CON REAGENTI NAS;S;;2007-02-20 00:00:00;
W0105020217;EPATITE B (HBV), ANTIGENE DI SUPERFICIE - TEST QUANTITATIVO;S;;2016-11-15 00:00:00;
W0105020218;GENOTIPIZZAZIONE DEL VIRUS EPATITE B (HBV) CON REAGENTI NAS;S;;2016-11-15 00:00:00;
W0105020299;REAGENTI PER L'EPATITE B - ALTRI;S;;2007-02-20 00:00:00;
W01050203;VIRUS DELL'EPATITE C;N;;2007-02-20 00:00:00;
W0105020301;EPATITE C (HCV), ANTIGENI;S;;2007-02-20 00:00:00;
W0105020302;EPATITE C (HCV), ANTIGENI - TEST DI CONFERMA;S;;2007-02-20 00:00:00;
W0105020303;EPATITE C (HCV), ANTICORPI TOTALI;S;;2007-02-20 00:00:00;
W0105020304;EPATITE C (HCV), ANTICORPI IGG;S;;2007-02-20 00:00:00;
W0105020305;EPATITE C (HCV), ANTICORPI IGM;S;;2007-02-20 00:00:00;
W0105020306;EPATITE C (HCV), ANTICORPI - TEST DI CONFERMA;S;;2007-02-20 00:00:00;
W0105020307;EPATITE C (HCV), RICERCA CON REAGENTI NAS;S;;2007-02-20 00:00:00;
W0105020308;EPATITE C (HCV) ANTIGENI/ANTICORPI COMBO TEST;S;;2011-08-30 00:00:00;
W0105020309;GENOTIPIZZAZIONE DEL VIRUS EPATITE C (HCV) CON REAGENTI NAS;S;;2011-08-30 00:00:00;
W0105020399;REAGENTI PER RICERCA HCV - ALTRI;S;;2007-02-20 00:00:00;
W01050204;VIRUS DELL'EPATITE DELTA;N;;2007-02-20 00:00:00;
W0105020401;EPATITE DELTA (HDV), ANTIGENI;S;;2007-02-20 00:00:00;
W0105020402;EPATITE DELTA (HDV), ANTIGENI - TEST DI CONFERMA;S;;2007-02-20 00:00:00;
W0105020403;EPATITE DELTA (HDV), ANTICORPI TOTALI;S;;2007-02-20 00:00:00;
W0105020404;EPATITE DELTA (HDV), ANTICORPI IGG;S;;2007-02-20 00:00:00;
W0105020405;EPATITE DELTA (HDV), ANTICORPI IGM;S;;2007-02-20 00:00:00;
W0105020406;EPATITE DELTA (HDV), RICERCA CON REAGENTI NAS;S;;2007-02-20 00:00:00;
W0105020499;REAGENTI PER RICERCA HDV - ALTRI;S;;2007-02-20 00:00:00;
W01050205;VIRUS DELL'EPATITE E;N;;2007-02-20 00:00:00;
W0105020501;EPATITE E (HEV), ANTIGENI;S;;2007-02-20 00:00:00;
W0105020502;EPATITE E (HEV), ANTIGENI - TEST DI CONFERMA;S;;2007-02-20 00:00:00;
W0105020503;EPATITE E (HEV), ANTICORPI TOTALI;S;;2007-02-20 00:00:00;
W0105020504;EPATITE E (HEV), ANTICORPI IGG;S;;2007-02-20 00:00:00;
W0105020505;EPATITE E (HEV), ANTICORPI IGM;S;;2007-02-20 00:00:00;
W0105020506;EPATITE E (HEV), ANTICORPI - TEST DI CONFERMA;S;;2007-02-20 00:00:00;
W0105020507;EPATITE E (HEV), RICERCA CON REAGENTI NAS;S;;2007-02-20 00:00:00;
W0105020599;REAGENTI PER RICERCA HEV - ALTRI;S;;2007-02-20 00:00:00;
W01050206;VIRUS DELL'EPATITE G;N;;2007-02-20 00:00:00;
W0105020601;EPATITE G (HGV), ANTIGENI;S;;2007-02-20 00:00:00;
W0105020602;EPATITE G (HGV), ANTIGENI - TEST DI CONFERMA;S;;2007-02-20 00:00:00;
W0105020603;EPATITE G (HGV), ANTICORPI TOTALI;S;;2007-02-20 00:00:00;
W0105020604;EPATITE G (HGV), ANTICORPI IGG;S;;2007-02-20 00:00:00;
W0105020605;EPATITE G (HGV), ANTICORPI IGM;S;;2007-02-20 00:00:00;
W0105020606;EPATITE G (HGV), RICERCA CON REAGENTI NAS;S;;2007-02-20 00:00:00;
W0105020699;REAGENTI PER RICERCA HGV - ALTRI;S;;2007-02-20 00:00:00;
W01050207;VIRUS DELL'EPATITE X;N;;2007-02-20 00:00:00;
W0105020701;EPATITE X (HXV), ANTIGENI;S;;2007-02-20 00:00:00;
W0105020702;EPATITE X (HXV), ANTIGENI - TEST DI CONFERMA;S;;2007-02-20 00:00:00;
W0105020703;EPATITE X (HXV), ANTICORPI TOTALI;S;;2007-02-20 00:00:00;
W0105020704;EPATITE X (HXV), ANTICORPI IGG;S;;2007-02-20 00:00:00;
W0105020705;EPATITE X (HXV), ANTICORPI IGM;S;;2007-02-20 00:00:00;
W0105020706;EPATITE X (HXV), RICERCA CON REAGENTI NAS;S;;2007-02-20 00:00:00;
W0105020799;REAGENTI PER RICERCA HXV - ALTRI;S;;2007-02-20 00:00:00;
W01050290;EPATITE VIRUS - ALTRI;N;;2022-02-23 00:00:00;
W0105029099;REAGENTI - VIRUS EPATITE - ALTRI;S;;2022-02-23 00:00:00;
W01050299;VIRUS DELL'EPATITE - ALTRI;S;;2007-02-20 00:00:00;2011-08-29 00:00:00
W01050299;VIRUS DELL'EPATITE - VARI;S;;2011-08-30 00:00:00;2016-11-15 00:00:00
W010503;RETROVIRUS;N;;2007-02-20 00:00:00;2022-02-22 00:00:00
W010503;RETROVIRUS (IMMUNOINFETTIVOLOGIA/NAT);N;;2022-02-23 00:00:00;
W01050301;HIV 1;N;;2007-02-20 00:00:00;
W0105030101;HIV1, ANTIGENE;S;;2007-02-20 00:00:00;
W0105030102;HIV1, ANTIGENE - TEST DI CONFERMA;S;;2007-02-20 00:00:00;
W0105030103;HIV1, ANTICORPI TOTALI;S;;2007-02-20 00:00:00;
W0105030104;HIV1, ANTICORPI IGG;S;;2007-02-20 00:00:00;
W0105030105;HIV1, ANTICORPI IGM;S;;2007-02-20 00:00:00;
W0105030106;HIV1, ANTICORPI - TEST DI CONFERMA;S;;2007-02-20 00:00:00;
W0105030107;HIV1, RICERCA CON REAGENTI NAS;S;;2007-02-20 00:00:00;
W0105030108;GENOTIPIZZAZIONE DELL'HIV1 CON REAGENTI NAS;S;;2016-11-15 00:00:00;
W0105030199;REAGENTI PER RICERCA HIV 1 - ALTRI;S;;2007-02-20 00:00:00;
W01050302;HIV 2;N;;2007-02-20 00:00:00;
W0105030201;HIV2, ANTIGENI;S;;2007-02-20 00:00:00;
W0105030202;HIV2, ANTICORPI;S;;2007-02-20 00:00:00;
W0105030203;HIV2, ANTICORPI - TEST DI CONFERMA;S;;2007-02-20 00:00:00;
W0105030204;HIV2, RICERCA CON REAGENTI NAS;S;;2007-02-20 00:00:00;
W0105030205;GENOTIPIZZAZIONE DELL'HIV2 CON REAGENTI NAS;S;;2016-11-15 00:00:00;
W0105030299;REAGENTI PER RICERCA HIV 2 - ALTRI;S;;2007-02-20 00:00:00;
W01050303;HIV P24;N;;2007-02-20 00:00:00;
W0105030301;HIV P24, ANTIGENI;S;;2007-02-20 00:00:00;
W0105030302;HIV P24, ANTICORPI;S;;2007-02-20 00:00:00;
W0105030303;HIV P24, RICERCA CON REAGENTI NAS;S;;2007-02-20 00:00:00;
W0105030399;REAGENTI PER RICERCA HIV P24 - ALTRI;S;;2007-02-20 00:00:00;
W01050304;HIV - MULTIPLO ( 1 / 2 );N;;2007-02-20 00:00:00;
W0105030401;HIV1/2, ANTIGENI;S;;2007-02-20 00:00:00;
W0105030402;HIV1/2, ANTICORPI;S;;2007-02-20 00:00:00;
W0105030403;HIV1/2, ANTICORPI - TEST DI CONFERMA;S;;2007-02-20 00:00:00;
W0105030404;HIV1/2, ANTIGENI E ANTICORPI, TEST COMBINATO (COMBO);S;;2007-02-20 00:00:00;
W0105030405;HIV1/2, RICERCA CON REAGENTI NAS;S;;2007-02-20 00:00:00;
W0105030499;REAGENTI PER RICERCA HIV1/2 - ALTRI;S;;2007-02-20 00:00:00;
W01050305;HTLV I;N;;2007-02-20 00:00:00;2011-08-29 00:00:00
W01050305;HTLV  I;N;;2011-08-30 00:00:00;
W0105030501;HTLV I, ANTIGENI;S;;2007-02-20 00:00:00;
W0105030502;HTLV I, ANTICORPI;S;;2007-02-20 00:00:00;
W0105030503;HTLV I, ANTICORPI - TEST DI CONFERMA;S;;2007-02-20 00:00:00;
W0105030504;HTLV I, RICERCA CON REAGENTI NAS;S;;2007-02-20 00:00:00;
W0105030599;REAGENTI PER RICERCA HTLV I - ALTRI;S;;2007-02-20 00:00:00;2011-08-29 00:00:00
W0105030599;REAGENTI PER RICERCA HTLV  I - ALTRI;S;;2011-08-30 00:00:00;
W01050306;HTLV II;N;;2007-02-20 00:00:00;2011-08-29 00:00:00
W01050306;HTLV  II;N;;2011-08-30 00:00:00;
W0105030601;HTLV II, ANTIGENI;S;;2007-02-20 00:00:00;2011-08-29 00:00:00
W0105030601;HT LV II, ANTIGENI;S;;2011-08-30 00:00:00;
W0105030602;HTLV II, ANTICORPI;S;;2007-02-20 00:00:00;2011-08-29 00:00:00
W0105030602;HT LV II, ANTICORPI;S;;2011-08-30 00:00:00;
W0105030603;HTLV II, ANTICORPI - TEST DI CONFERMA;S;;2007-02-20 00:00:00;2011-08-29 00:00:00
W0105030603;HT LV II, ANTICORPI - TEST DI CONFERMA;S;;2011-08-30 00:00:00;
W0105030604;HTLV II, RICERCA CON REAGENTI NAS;S;;2007-02-20 00:00:00;2011-08-29 00:00:00
W0105030604;HT LV II, RICERCA CON REAGENTI NAS;S;;2011-08-30 00:00:00;
W0105030699;REAGENTI PER RICERCA HTLV II - ALTRI;S;;2007-02-20 00:00:00;2011-08-29 00:00:00
W0105030699;REAGENTI PER RICERCA HTLV  II - ALTRI;S;;2011-08-30 00:00:00;
W01050307;HTLV MULTIPLO;N;;2007-02-20 00:00:00;
W0105030701;HTLV I/II, ANTIGENI;S;;2007-02-20 00:00:00;
W0105030702;HTLV I/II, ANTICORPI;S;;2007-02-20 00:00:00;
W0105030703;HTLV I/II, ANTICORPI - TEST DI CONFERMA;S;;2007-02-20 00:00:00;
W0105030704;HTLV I/II, RICERCA CON REAGENTI NAS;S;;2007-02-20 00:00:00;
W0105030799;REAGENTI PER RICERCA HTLV I/II - ALTRI;S;;2007-02-20 00:00:00;
W010504;ULTERIORI TEST DI VIROLOGIA (IMMUNOLOGIA DELLE MALATTIE INFETTIVE);N;;2007-02-20 00:00:00;2011-08-29 00:00:00
W010504;ALTRI TEST DI VIROLOGIA (IMMUNOLOGIA DELLE MALATTIE INFETTIVE);N;;2011-08-30 00:00:00;2022-02-22 00:00:00
W010504;ALTRI TEST DI VIROLOGIA (IMMUNOINFETTIVOLOGIA/NAT);N;;2022-02-23 00:00:00;
W01050401;VIRUS DELLA ROSOLIA;N;;2007-02-20 00:00:00;
W0105040101;ROSOLIA, ANTICORPI TOTALI;S;;2007-02-20 00:00:00;
W0105040102;ROSOLIA, ANTICORPI IGG;S;;2007-02-20 00:00:00;
W0105040103;ROSOLIA, ANTICORPI IGM;S;;2007-02-20 00:00:00;
W0105040104;ROSOLIA, RICERCA CON REAGENTI NAS;S;;2007-02-20 00:00:00;
W0105040199;REAGENTI PER RICERCA VIRUS DELLA ROSOLIA - ALTRI;S;;2007-02-20 00:00:00;
W01050402;CYTOMEGALOVIRUS;N;;2007-02-20 00:00:00;
W0105040201;CYTOMEGALOVIRUS (CMV), ANTIGENI;S;;2007-02-20 00:00:00;
W0105040202;CYTOMEGALOVIRUS (CMV), ANTICORPI TOTALI;S;;2007-02-20 00:00:00;
W0105040203;CYTOMEGALOVIRUS (CMV), ANTICORPI IGG;S;;2007-02-20 00:00:00;
W0105040204;CYTOMEGALOVIRUS (CMV), ANTICORPI IGM;S;;2007-02-20 00:00:00;
W0105040205;CYTOMEGALOVIRUS (CMV), RICERCA CON REAGENTI NAS;S;;2007-02-20 00:00:00;2011-08-29 00:00:00
W0105040205;CYTOMEGALOVIRUS (CMV), RICERCA CON REGAENTI NAS;S;;2011-08-30 00:00:00;
W0105040206;CYTOMEGALOVIRUS (CMV), ANTICORPI IGG - TEST DI AVIDITA';S;;2016-11-15 00:00:00;
W0105040299;REAGENTI PER RICERCA CMV - ALTRI;S;;2007-02-20 00:00:00;
W01050403;HERPES SIMPLEX VIRUS;N;;2007-02-20 00:00:00;
W0105040301;HERPES SIMPLEX VIRUS (HSV), ANTIGENI;S;;2007-02-20 00:00:00;
W0105040302;HERPES SIMPLEX VIRUS (HSV), ANTICORPI TOTALI;S;;2007-02-20 00:00:00;2022-02-22 00:00:00
W0105040302;HERPES SIMPLEX VIRUS (HSV 1 + 2), ANTICORPI TOTALI;S;;2022-02-23 00:00:00;
W0105040303;HERPES SIMPLEX VIRUS (HSV), ANTICORPI IGG;S;;2007-02-20 00:00:00;2022-02-22 00:00:00
W0105040303;HERPES SIMPLEX VIRUS (HSV 1 + 2), ANTICORPI IGG;S;;2022-02-23 00:00:00;
W0105040304;HERPES SIMPLEX VIRUS (HSV), ANTICORPI IGM;S;;2007-02-20 00:00:00;2022-02-22 00:00:00
W0105040304;HERPES SIMPLEX VIRUS (HSV 1 + 2), ANTICORPI IGM;S;;2022-02-23 00:00:00;
W0105040305;HERPES SIMPLEX VIRUS TIPO 1 (HSV1), ANTICORPI TOTALI;S;;2007-02-20 00:00:00;2011-08-29 00:00:00
W0105040305;HERPES SIMPLEX VIRUS TIPO 1(HSV1), ANTICORPI TOTALI;S;;2011-08-30 00:00:00;
W0105040306;HERPES SIMPLEX VIRUS TIPO 1 (HSV1), ANTICORPI IGG;S;;2007-02-20 00:00:00;2011-08-29 00:00:00
W0105040306;HERPES SIMPLEX VIRUS TIPO 1(HSV1), ANTICORPI IGG;S;;2011-08-30 00:00:00;
W0105040307;HERPES SIMPLEX VIRUS TIPO 1 (HSV1), ANTICORPI IGM;S;;2007-02-20 00:00:00;2011-08-29 00:00:00
W0105040307;HERPES SIMPLEX VIRUS TIPO 1(HSV1), ANTICORPI IGM;S;;2011-08-30 00:00:00;
W0105040308;HERPES SIMPLEX VIRUS TIPO 2 (HSV2), ANTICORPI TOTALI;S;;2007-02-20 00:00:00;
W0105040309;HERPES SIMPLEX VIRUS TIPO 2 (HSV2), ANTICORPI IGG;S;;2007-02-20 00:00:00;
W0105040310;HERPES SIMPLEX VIRUS TIPO 2 (HSV2), ANTICORPI IGM;S;;2007-02-20 00:00:00;
W0105040311;HERPES SIMPLEX VIRUS (HSV), RICERCA CON REAGENTI NAS;S;;2007-02-20 00:00:00;
W0105040399;REAGENTI PER RICERCA HSV - ALTRI;S;;2007-02-20 00:00:00;
W01050404;EPSTEIN BARR VIRUS;N;;2007-02-20 00:00:00;
W0105040401;EPSTEIN BARR VIRUS (EBV), ANTICORPI;S;;2007-02-20 00:00:00;2016-11-14 00:00:00
W0105040401;EPSTEIN BARR VIRUS (EBV), ANTICORPI;N;;2016-11-15 00:00:00;
W010504040101;EPSTEIN BARR VIRUS (EBV), ANTICORPI TOTALI;S;;2016-11-15 00:00:00;
W010504040102;EPSTEIN BARR VIRUS (EBV), ANTICORPI IGG TOTALI;S;;2016-11-15 00:00:00;
W010504040103;EPSTEIN BARR VIRUS (EBV), ANTICORPI IGM TOTALI;S;;2016-11-15 00:00:00;
W010504040104;EPSTEIN BARR VIRUS (EBV), ANTICORPI IGM-VCA;S;;2016-11-15 00:00:00;
W010504040105;EPSTEIN BARR VIRUS (EBV), ANTICORPI IGG-VCA;S;;2016-11-15 00:00:00;
W010504040106;EPSTEIN BARR VIRUS (EBV), ANTICORPI IGG-EBNA;S;;2016-11-15 00:00:00;
W010504040107;EPSTEIN BARR VIRUS (EBV), ANTICORPI IGM-EA;S;;2016-11-15 00:00:00;
W010504040108;EPSTEIN BARR VIRUS (EBV), ANTICORPI IGG-EA;S;;2016-11-15 00:00:00;
W010504040199;EPSTEIN BARR VIRUS (EBV), ANTICORPI - ALTRI;S;;2016-11-15 00:00:00;
W0105040402;MONONUCLEOSI;S;;2007-02-20 00:00:00;2022-02-23 00:00:00
W0105040403;EPSTEIN BARR VIRUS (EBV), RICERCA CON REAGENTI NAS;S;;2007-02-20 00:00:00;
W0105040499;REAGENTI PER RICERCA EBV - ALTRI;S;;2007-02-20 00:00:00;
W01050405;ULTERIORI TEST DI VIROLOGIA - REAGENTI NAS;N;;2007-02-20 00:00:00;2011-08-29 00:00:00
W01050405;ALTRI TEST DI VIROLOGIA - REAGENTI NAS;N;;2011-08-30 00:00:00;
W0105040501;ADENOVIRUS - REAGENTI NAS;S;;2007-02-20 00:00:00;
W0105040502;ENTEROVIRUS - REAGENTI NAS;S;;2007-02-20 00:00:00;
W0105040503;PAPILLOMA VIRUS UMANO - REAGENTI NAS;S;;2007-02-20 00:00:00;2011-08-29 00:00:00
W0105040503;HUMAN PAPILLOMA VIRUS - REAGENTI NAS;S;;2011-08-30 00:00:00;2016-11-14 00:00:00
W0105040503;SCREENING PER HUMAN PAPILLOMA VIRUS - REAGENTI NAS;S;;2016-11-15 00:00:00;2022-02-23 00:00:00
W0105040504;INFLUENZA & PARAINFLUENZA - REAGENTI NAS;S;;2007-02-20 00:00:00;
W0105040505;VIRUS RESPIRATORIO SINCIZIALE (RSV) - REAGENTI NAS;S;;2007-02-20 00:00:00;
W0105040506;ROTAVIRUS - REAGENTI NAS;S;;2007-02-20 00:00:00;
W0105040507;MORBILLO - REAGENTI NAS;S;;2007-02-20 00:00:00;2016-11-15 00:00:00
W0105040508;PAROTITE EPIDEMICA / PAROTITE - REAGENTI NAS;S;;2007-02-20 00:00:00;2016-11-15 00:00:00
W0105040509;PARVOVIRUS B 19 - REAGENTI NAS;S;;2007-02-20 00:00:00;
W0105040510;VIRUS VARICELLA ZOSTER - REAGENTI NAS;S;;2007-02-20 00:00:00;2016-11-15 00:00:00
W0105040511;VIRUS DENGUE - REAGENTI NAS;S;;2007-02-20 00:00:00;
W0105040512;FSME VIRUS - REAGENTI NA;S;;2007-02-20 00:00:00;
W0105040513;VIRUS LCM - REAGENTI NAS;S;;2007-02-20 00:00:00;
W0105040514;HANTAVIRUS / BUNYAVIRUS - REAGENTI NAS;S;;2007-02-20 00:00:00;
W0105040515;INFLUENZA AVIARIA - REAGENTI NAS;S;;2016-11-15 00:00:00;
W0105040516;NOROVIRUS - REAGENTI NAS;S;;2016-11-15 00:00:00;
W0105040517;METAPNEUMOVIRUS UMANO - REAGENTI NAS;S;;2016-11-15 00:00:00;
W0105040518;BOCAVIRUS - REAGENTI NAS;S;;2016-11-15 00:00:00;
W0105040519;CORONAVIRUS - REAGENTI NAS;S;;2016-11-15 00:00:00;
W0105040520;RHINOVIRUS - REAGENTI NAS;S;;2016-11-15 00:00:00;
W0105040521;PARAECHOVIRUS - REAGENTI NAS;S;;2016-11-15 00:00:00;
W0105040522;BK VIRUS - REAGENTI NAS;S;;2016-11-15 00:00:00;
W0105040523;JC VIRUS - REAGENTI NAS;S;;2016-11-15 00:00:00;
W0105040524;HHV 6,7,8 - REAGENTI NAS;S;;2016-11-15 00:00:00;
W0105040525;CHIKUNGUNYA VIRUS - REAGENTI NAS;S;;2016-11-15 00:00:00;
W0105040526;WEST NILE VIRUS - REAGENTI NAS;S;;2016-11-15 00:00:00;
W0105040527;GENOTIPIZZAZIONE DEL PAPILLOMAVIRUS UMANO - REAGENTI NAS;S;;2016-11-15 00:00:00;2022-02-23 00:00:00
W0105040528;EBOLA (FILOVIRUS) - REAGENTI NAS;S;;2016-11-15 00:00:00;
W0105040529;FEBBRE CONGO-CRIMEA - REAGENTI NAS;S;;2016-11-15 00:00:00;
W0105040530;ASTROVIRUS REAGENTI NAS;S;;2022-02-23 00:00:00;
W0105040531;ZIKA VIRUS REAGENTI NAS;S;;2022-02-23 00:00:00;
W0105040599;TEST DI VIROLOGIA - REAGENTI NAS - ALTRI;S;;2007-02-20 00:00:00;
W01050406;ULTERIORI RICERCHE DI ANTIGENI/ANTICORPI PER VIROLOGIA;N;;2007-02-20 00:00:00;
W0105040601;ADENOVIRUS, ANTIGENI E/O ANTICORPI;S;;2007-02-20 00:00:00;
W0105040602;ENTEROVIRUS, ANTIGENI E/O ANTICORPI;S;;2007-02-20 00:00:00;
W0105040603;PAPILLOMAVIRUS UMANO, ANTIGENI E/O ANTICORPI;S;;2007-02-20 00:00:00;2022-02-23 00:00:00
W0105040604;INFLUENZA & PARAINFLUENZA, ANTIGENI E/O ANTICORPI;S;;2007-02-20 00:00:00;
W0105040605;VIRUS RESPIRATORIO SINCIZIALE (RSV), ANTIGENI E/O ANTICORPI;S;;2007-02-20 00:00:00;
W0105040606;ROTAVIRUS, ANTIGENI E/O ANTICORPI;S;;2007-02-20 00:00:00;
W0105040607;MORBILLO, ANTIGENI E/O ANTICORPI;S;;2007-02-20 00:00:00;2016-11-15 00:00:00
W0105040608;PAROTITE EPIDEMICA / PAROTITE, ANTIGENI E/O ANTICORPI;S;;2007-02-20 00:00:00;2016-11-15 00:00:00
W0105040609;PARVOVIRUS B19, ANTIGENI E/O ANTICORPI;S;;2007-02-20 00:00:00;
W0105040610;VIRUS VARICELLA ZOSTER, ANTIGENI E/O ANTICORPI;S;;2007-02-20 00:00:00;2011-08-29 00:00:00
W0105040610;VARICELLA ZOSTER, ANTIGENI E/O ANTICORPI;S;;2011-08-30 00:00:00;2016-11-15 00:00:00
W0105040611;VIRUS DENGUE, ANTIGENI E/O ANTICORPI;S;;2007-02-20 00:00:00;
W0105040612;VIRUS FSME, ANTIGENI E/O ANTICORPI;S;;2007-02-20 00:00:00;
W0105040613;VIRUS LCM, ANTIGENI E/O ANTICORPI;S;;2007-02-20 00:00:00;
W0105040614;HANTAVIRUS / BUNYAVIRUS, ANTIGENI E/O ANTICORPI;S;;2007-02-20 00:00:00;
W0105040615;INFLUENZA AVIARIA ;S;;2016-11-15 00:00:00;
W0105040616;NOROVIRUS ;S;;2016-11-15 00:00:00;
W0105040617;METAPNEUMOVIRUS UMANO ;S;;2016-11-15 00:00:00;
W0105040618;BOCAVIRUS;S;;2016-11-15 00:00:00;
W0105040619;CORONAVIRUS;S;;2016-11-15 00:00:00;
W0105040620;RHINOVIRUS ;S;;2016-11-15 00:00:00;
W0105040621;PARAECHOVIRUS ;S;;2016-11-15 00:00:00;
W0105040622;BK VIRUS ;S;;2016-11-15 00:00:00;
W0105040623;JC VIRUS ;S;;2016-11-15 00:00:00;
W0105040624;HHV 6,7,8 ;S;;2016-11-15 00:00:00;
W0105040625;CHIKUNGUNYA VIRUS ;S;;2016-11-15 00:00:00;
W0105040626;WEST NILE VIRUS;S;;2016-11-15 00:00:00;
W0105040627;EBOLA (FILOVIRUS);S;;2022-02-23 00:00:00;
W0105040628;FEBBRE EMORRAGICA CONGO CRIMEA (CCHF);S;;2022-02-23 00:00:00;
W0105040629;ASTROVIRUS;S;;2022-02-23 00:00:00;
W0105040630;ZIKA VIRUS;S;;2022-02-23 00:00:00;
W0105040699;RICERCHE DI ANTIGENI/ANTICORPI PER VIROLOGIA - ALTRI;S;;2007-02-20 00:00:00;2016-11-14 00:00:00
W0105040699;RICERCA DI ANTIGENI/ANTICORPI PER VIROLOGIA - ALTRI;S;;2016-11-15 00:00:00;
W01050407;MORBILLO;N;;2016-11-15 00:00:00;
W0105040701;MORBILLO, ANTICORPI TOTALI;S;;2016-11-15 00:00:00;
W0105040702;MORBILLO, ANTICORPI IGG;S;;2016-11-15 00:00:00;
W0105040703;MORBILLO, ANTICORPI IGM;S;;2016-11-15 00:00:00;
W0105040704;MORBILLO, REAGENTI NAS;S;;2016-11-15 00:00:00;
W0105040799;REAGENTI PER RICERCA MORBILLO - ALTRI;S;;2016-11-15 00:00:00;
W01050408;PAROTITE EPIDEMICA;N;;2016-11-15 00:00:00;
W0105040801;PAROTITE EPIDEMICA, ANTICORPI TOTALI;S;;2016-11-15 00:00:00;
W0105040802;PAROTITE EPIDEMICA, ANTICORPI IGG;S;;2016-11-15 00:00:00;
W0105040803;PAROTITE EPIDEMICA, ANTICORPI IGM;S;;2016-11-15 00:00:00;
W0105040804;PAROTITE EPIDEMICA, REAGENTI NAS;S;;2016-11-15 00:00:00;
W0105040899;REAGENTI PER RICERCA PAROTITE EPIDEMICA - ALTRI;S;;2016-11-15 00:00:00;
W01050409;VARICELLA ZOSTER;N;;2016-11-15 00:00:00;
W0105040901;VARICELLA ZOSTER, ANTICORPI TOTALI;S;;2016-11-15 00:00:00;
W0105040902;VARICELLA ZOSTER, ANTICORPI IGG;S;;2016-11-15 00:00:00;
W0105040903;VARICELLA ZOSTER, ANTICORPI IGM;S;;2016-11-15 00:00:00;
W0105040904;VARICELLA ZOSTER, REAGENTI NAS;S;;2016-11-15 00:00:00;
W0105040999;REAGENTI PER RICERCA VARICELLA ZOSTER - ALTRI;S;;2016-11-15 00:00:00;
W01050410;VIRUS DEL PAPILLOMA UMANO ;N;;2022-02-23 00:00:00;
W0105041001;ANTIGENI/ANTICORPI HPV;S;;2022-02-23 00:00:00;
W0105041002;SCREENING ALTO RISCHIO HPV - REAGENTI NAS;S;;2022-02-23 00:00:00;
W0105041003;GENOTIPIZZAZIONE PARZIALE- ALTO RISCHIO HPV- REAGENTI NAS;S;;2022-02-23 00:00:00;
W0105041004;GENOTIPIZZAZIONE TOTALE- BASSO RISCHIO HPV- REAGENTI NAS;S;;2022-02-23 00:00:00;
W0105041005;REAGENTI NAS, HPV - ALTRI ;S;;2022-02-23 00:00:00;
W0105041099;REAGENT HPV - ALTRI;S;;2022-02-23 00:00:00;
W01050499;TEST DI VIROLOGIA - ALTRI;S;;2007-02-20 00:00:00;2016-11-14 00:00:00
W01050499;REAGENTI PER TEST DI VIROLOGIA - ALTRI;S;;2016-11-15 00:00:00;
W010505;PARASSITOLOGIA (IMMUNOLOGIA DELLE MALATTIE INFETTIVE);N;;2007-02-20 00:00:00;2022-02-22 00:00:00
W010505;PARASSITOLOGIA (IMMUNOINFETTIVOLOGIA/NAT);N;;2022-02-23 00:00:00;
W01050501;TOXOPLASMA;N;;2007-02-20 00:00:00;
W0105050101;TOXOPLASMA, ANTICORPI TOTALI;S;;2007-02-20 00:00:00;
W0105050102;TOXOPLASMA, ANTICORPI IGG;S;;2007-02-20 00:00:00;
W0105050103;TOXOPLASMA, ANTICORPI IGM;S;;2007-02-20 00:00:00;
W0105050104;TOXOPLASMA, ANTICORPI IGG - TEST DI AVIDITA';S;;2016-11-15 00:00:00;
W0105050105;TOXOPLASMA - REAGENTI NAS;S;;2016-11-15 00:00:00;
W0105050199;TOXOPLASMA, ANTICORPI - ALTRI;S;;2007-02-20 00:00:00;2016-11-14 00:00:00
W0105050199;TOXOPLASMA, REAGENTI - ALTRI;S;;2016-11-15 00:00:00;
W01050502;VARIE PER PARASSITOLOGIA (ANTICORPI);N;;2007-02-20 00:00:00;2022-02-22 00:00:00
W01050502;VARIE PER PARASSITOLOGIA ;N;;2022-02-23 00:00:00;
W0105050201;ENTAMOEBA HISTOLYTICA, ANTICORPI;S;;2007-02-20 00:00:00;
W0105050202;CHAGAS, ANTICORPI;S;;2007-02-20 00:00:00;
W0105050203;DISTOMATOSI, ANTICORPI;S;;2007-02-20 00:00:00;
W0105050204;ECHINOCOCCUS, ANTICORPI;S;;2007-02-20 00:00:00;
W0105050205;LEISHMANIA, ANTICORPI;S;;2007-02-20 00:00:00;
W0105050206;SCHISTOSOMA, ANTICORPI;S;;2007-02-20 00:00:00;
W0105050207;CRYPTOSPORIDIUM, ANTICORPI;S;;2007-02-20 00:00:00;
W0105050208;GIARDIA LAMBLIA, ANTICORPI;S;;2007-02-20 00:00:00;
W0105050209;PLASMODIUM MALARIAE, ANTICORPI;S;;2016-11-15 00:00:00;
W0105050210;TRICHOMONAS, ANTICORPI;S;;2016-11-15 00:00:00;
W0105050211;TRICHOMONAS - REAGENTI NAS;S;;2016-11-15 00:00:00;
W0105050299;TEST DI PARASSITOLOGIA - ALTRI;S;;2007-02-20 00:00:00;
W010506;MICOLOGIA (IMMUNOLOGIA DELLE MALATTIE INFETTIVE);N;;2007-02-20 00:00:00;2022-02-22 00:00:00
W010506;MICOLOGIA (IMMUNOINFETTIVOLOGIA/NAT);N;;2022-02-23 00:00:00;
W01050601;ASPERGILLUS;S;;2007-02-20 00:00:00;2016-11-15 00:00:00
W01050602;CANDIDA ALBICANS;S;;2007-02-20 00:00:00;2016-11-15 00:00:00
W01050603;TEST IMMUNOLOGICI PER MICOLOGIA ;N;;2016-11-15 00:00:00;
W0105060301;ASPERGILLUS;S;;2016-11-15 00:00:00;
W0105060302;CANDIDA ALBICANS;S;;2016-11-15 00:00:00;
W0105060303;CRIPTOCOCCO;S;;2022-02-23 00:00:00;
W0105060399;TEST IMMUNOLOGICI PER MICOLOGIA - ALTRI;S;;2016-11-15 00:00:00;
W01050604;MICOLOGIA - REAGENTI NAS;N;;2016-11-15 00:00:00;
W0105060401;ASPERGILLUS - REAGENTI NAS;S;;2016-11-15 00:00:00;
W0105060402;CANDIDA ALBICANS - REAGENTI NAS;S;;2016-11-15 00:00:00;
W0105060403;CRIPTOCOCCO- REAGENTI NAS;S;;2022-02-23 00:00:00;
W0105060499;MICOLOGIA REAGENTI NAS - ALTRI;S;;2016-11-15 00:00:00;
W01050699;TEST IMMUNOLOGICI PER MICOLOGIA - ALTRI;S;;2007-02-20 00:00:00;2016-11-15 00:00:00
W010507;PARAMETRI MULTIPLI - IMMUNOLOGIA DELLE MALATTIE INFETTIVE;N;;2007-02-20 00:00:00;2011-08-29 00:00:00
W010507;PARAMETRI MULTIPLI -  IMMUNOLOGIA DELLE MALATTIE INFETTIVE;N;;2011-08-30 00:00:00;2022-02-22 00:00:00
W010507;PARAMETRI MULTIPLI - (IMMUNOINFETTIVOLOGIA/NAT);N;;2022-02-23 00:00:00;
W01050701;COMBINAZIONE HCV / HIV - REAGENTI NAS;S;;2007-02-20 00:00:00;2011-08-30 00:00:00
W01050702;PANNELLI MULTIPLI BATTERICI;N;;2011-08-30 00:00:00;2016-11-14 00:00:00
W01050702;PANNELLI MULTIPLI PER BATTERI/FUNGHI;N;;2016-11-15 00:00:00;
W0105070201;GRAM+ - GRAM - -FUNGHI - REAGENTI NAS;S;;2011-08-30 00:00:00;
W0105070202;SESPSI ( BATTERI E FUNGHI ) - REAGENTI NAS;S;;2016-11-15 00:00:00;
W0105070203;GRAM+ - GRAM - -FUNGHI - TEST MULTIPLI;S;;2016-11-15 00:00:00;
W01050703;PANNELLI MULTIPLI VIRALI;N;;2011-08-30 00:00:00;
W0105070301;COMBINAZIONE HBV / HCV / HIV - REAGENTI NAS;S;;2011-08-30 00:00:00;
W0105070302;ALTRE COMBINAZIONI DI VIRUS - REAGENTI NAS;S;;2016-11-15 00:00:00;
W0105070303;MONITORAGGIO IMMUNODEPPRESSI/TRAPIANTATI - REAGENTI NAS;S;;2016-11-15 00:00:00;
W0105070304;INFLUENZA E PARA INFLUENZA/ VIRUS RESPIRATORIO SINCIZIALE (RSV) - REAGENTI NAS MULTIPLI;S;;2022-02-23 00:00:00;
W0105070399;ALTRE COMBINAZIONI DI VIRUS - TEST MULTIPLI;S;;2016-11-15 00:00:00;
W01050704;PANNELLI MULTIPLI PER PARASSITI;S;;2016-11-15 00:00:00;
W01050705;PANNELLI MULTIPLI PER INFEZIONI - VARI;N;;2016-11-15 00:00:00;
W0105070501;COMBINAZIONI STDs (CT,NG,MG,TV...) - REAGENTI NAS;S;;2016-11-15 00:00:00;
W0105070502;ALTRE INFEZIONI MULTIPLE - REAGENTI NAS;S;;2016-11-15 00:00:00;
W0105070503;INFEZIONI DEL TRATTO RESPIRATORIO - REAGENTI NAS;S;;2016-11-15 00:00:00;
W0105070504;INFEZIONI GASTROINTESTINALI - REAGENTI NAS ;S;;2016-11-15 00:00:00;
W0105070505;INFEZIONI DA MENINGITE ED ENCEFALITE - REAGENTI NAS ;S;;2016-11-15 00:00:00;
W0105070506;FEBBRE TROPICALE - REAGENTI NAS;S;;2016-11-15 00:00:00;
W0105070599;ALTRE INFEZIONI MULTIPLE - TEST MULTIPLI;S;;2016-11-15 00:00:00;
W01050799;VIRUS MULTIPLI - ALTRI;S;;2007-02-20 00:00:00;
W010508;CONTROLLI/STANDARD/CALIBRATORI - IMMUNOLOGIA DELLE MALATTIE INFETTIVE;N;;2007-02-20 00:00:00;2022-02-22 00:00:00
W010508;CONTROLLI/STANDARDS/CALIBRATORI  (IMMUNOINFETTIVOLOGIA /NAT);N;;2022-02-23 00:00:00;
W01050801;CONTROLLI PER BATTERIOLOGIA - IMMUNOLOGIA DELLE MALATTIE INFETTIVE;S;;2007-02-20 00:00:00;2016-11-15 00:00:00
W01050802;CONTROLLI PER IL VIRUS DELL'EPATITE - IMMUNOLOGIA DELLE MALATTIE INFETTIVE;S;;2007-02-20 00:00:00;2016-11-15 00:00:00
W01050803;CONTROLLI PER I RETROVIRUS - IMMUNOLOGIA DELLE MALATTIE INFETTIVE;S;;2007-02-20 00:00:00;2016-11-15 00:00:00
W01050804;CONTROLLI PER ULTERIORI TEST DI VIROLOGIA - IMMUNOLOGIA DELLE MALATTIE INFETTIVE;S;;2007-02-20 00:00:00;2011-08-29 00:00:00
W01050804;ALTRI CONTROLLI PER VIROLOGIA - IMMUNOLOGIA DELLE MALATTIE INFETTIVE;S;;2011-08-30 00:00:00;2016-11-15 00:00:00
W01050805;CONTROLLI PER PARASSITOLOGIA - IMMUNOLOGIA DELLE MALATTIE INFETTIVE;S;;2007-02-20 00:00:00;2016-11-15 00:00:00
W01050806;CONTROLLI PER MICOLOGIA - IMMUNOLOGIA DELLE MALATTIE INFETTIVE;S;;2007-02-20 00:00:00;2016-11-15 00:00:00
W01050807;CONTROLLI MULTICOMPONENTI - IMMUNOLOGIA DELLE MALATTIE INFETTIVE;S;;2007-02-20 00:00:00;2016-11-15 00:00:00
W01050808;CONTROLLI - IMMUNOINFETTIVOLOGIA;N;;2016-11-15 00:00:00;
W0105080801;CONTROLLI PER BATTERIOLOGIA - IMMUNOINFETTIVOLOGIA;S;;2016-11-15 00:00:00;
W0105080802;CONTROLLI PER VIRUS DELL'EPATITE - IMMUNOINFETTIVOLOGIA;S;;2016-11-15 00:00:00;
W0105080803;CONTROLLI PER RETROVIRUS - IMMUNOINFETTIVOLOGIA;S;;2016-11-15 00:00:00;
W0105080804;ALTRI CONTROLLI PER VIROLOGIA - IMMUNOINFETTIVOLOGIA;S;;2016-11-15 00:00:00;
W0105080805;CONTROLLI PER PARASSITOLOGIA - IMMUNOINFETTIVOLOGIA;S;;2016-11-15 00:00:00;
W0105080806;CONTROLLI PER MICOLOGIA - IMMUNOINFETTIVOLOGIA;S;;2016-11-15 00:00:00;
W0105080807;CONTROLLI MULTICOMPONENTI - IMMUNOINFETTIVOLOGIA;S;;2016-11-15 00:00:00;
W0105080808;CONTROLLI PER TUTTE LE INFEZIONI - NAT;S;;2022-02-23 00:00:00;
W0105080899;CONTROLLI PER IMMUNOINFETTIVOLOGIA - ALTRI;S;;2016-11-15 00:00:00;
W01050809;STANDARD E CALIBRATORI - IMMUNOINFETTIVOLOGIA;N;;2016-11-15 00:00:00;2022-02-22 00:00:00
W01050809;STANDARD E CALIBRATORI  (IMMUNOINFETTIVOLOGIA/NAT);N;;2022-02-23 00:00:00;
W0105080901;STANDARD E CALIBRATORI PER BATTERIOLOGIA - IMMUNOINFETTIVOLOGIA;S;;2016-11-15 00:00:00;
W0105080902;STANDARD E CALIBRATORI PER VIRUS DELL'EPATITE - IMMUNOINFETTIVOLOGIA;S;;2016-11-15 00:00:00;
W0105080903;STANDARD E CALIBRATORI PER RETROVIRUS - IMMUNOINFETTIVOLOGIA;S;;2016-11-15 00:00:00;
W0105080904;ALTRI STANDARD E CALIBRATORI PER VIROLOGIA - IMMUNOINFETTIVOLOGIA;S;;2016-11-15 00:00:00;
W0105080905;STANDARD E CALIBRATORI PER PARASSITOLOGIA - IMMUNOINFETTIVOLOGIA;S;;2016-11-15 00:00:00;
W0105080906;STANDARD E CALIBRATORI PER MICOLOGIA - IMMUNOINFETTIVOLOGIA;S;;2016-11-15 00:00:00;
W0105080907;STANDARD E CALIBRATORI MULTICOMPONENTI - IMMUNOINFETTIVOLOGIA;S;;2016-11-15 00:00:00;
W0105080908;STANDARD E CALIBRATORI PER TUTTE LE INFEZIONI/NAT;S;;2022-02-23 00:00:00;
W0105080999;STANDARD E CALIBRATORI PER IMMUNOINFETTIVOLOGIA - ALTRI;S;;2016-11-15 00:00:00;
W01050899;CONTROLLI PER L'IMMUNOLOGIA DELLE MALATTIE INFETTIVE - ALTRI;S;;2007-02-20 00:00:00;2016-11-15 00:00:00
W010509;TEST RAPIDI - IMMUNOLOGIA DELLE MALATTIE INFETTIVE;N;;2007-02-20 00:00:00;2016-11-14 00:00:00
W010509;"IMMUNOINFETTIVOLOGIA - TEST RAPIDI E ""POINT OF CARE""";N;;2016-11-15 00:00:00;
W01050901;BATTERIOLOGIA - TEST RAPIDI;N;;2007-02-20 00:00:00;2016-11-14 00:00:00
W01050901;"BATTERIOLOGIA - TEST RAPIDI E ""POINT OF CARE""";N;;2016-11-15 00:00:00;
W0105090101;CHLAMYDIA, RICERCA ANTIGENI - TEST RAPIDO;S;;2007-02-20 00:00:00;2016-11-14 00:00:00
W0105090101;"CHLAMYDIA, RICERCA ANTIGENI - TEST RAPIDI E ""POINT OF CARE""";S;;2016-11-15 00:00:00;
W0105090102;HELICOBACTER PYLORI - TEST RAPIDO;S;;2007-02-20 00:00:00;2016-11-14 00:00:00
W0105090102;"HELICOBACTER PYLORI - TEST RAPIDI E ""POINT OF CARE""";S;;2016-11-15 00:00:00;
W0105090103;STREPTOCOCCUS PYOGENES (GRUPPO A) - TEST RAPIDO;S;;2007-02-20 00:00:00;2016-11-14 00:00:00
W0105090103;"STREPTOCOCCUS PYOGENES (GRUPPO A) - TEST RAPIDI E ""POINT OF CARE""";S;;2016-11-15 00:00:00;
W0105090104;STREPTOCOCCUS AGALACTIAE (GRUPPO B) - TEST RAPIDO;S;;2007-02-20 00:00:00;2016-11-14 00:00:00
W0105090104;"STREPTOCOCCUS AGALACTIAE (GRUPPO B) - TEST RAPIDI E ""POINT OF CARE""";S;;2016-11-15 00:00:00;
W0105090105;SIFILIDE - TEST RAPIDO;S;;2007-02-20 00:00:00;2016-11-14 00:00:00
W0105090105;"SIFILIDE - TEST RAPIDI E ""POINT OF CARE""";S;;2016-11-15 00:00:00;
W0105090106;C. DIFFICILE INCLUSE TOSSINE A E B - TEST RAPIDO;S;;2011-08-30 00:00:00;2016-11-14 00:00:00
W0105090106;"C. DIFFICILE INCLUSE TOSSINE A E B - TEST RAPIDI E ""POINT OF CARE""";S;;2016-11-15 00:00:00;2022-02-22 00:00:00
W0105090106;"C. DIFFICILE INCLUSA GDH E/O TOSSINE A E B - TEST RAPIDI E ""POINT OF CARE""";S;;2022-02-23 00:00:00;
W0105090107;AGENTI PATOGENI DELLA MENINGITE - TEST RAPIDO;S;;2011-08-30 00:00:00;2016-11-14 00:00:00
W0105090107;"AGENTI PATOGENI DELLA MENINGITE - TEST RAPIDI E ""POINT OF CARE""";S;;2016-11-15 00:00:00;
W0105090108;LEGIONELLA - TEST RAPIDO;S;;2016-11-15 00:00:00;
W0105090109;STREPTOCOCCUS PNEUMONIAE - TEST RAPIDO;S;;2016-11-15 00:00:00;
W0105090199;TEST RAPIDI PER BATTERIOLOGIA - ALTRI;S;;2007-02-20 00:00:00;2016-11-14 00:00:00
W0105090199;"BATTERIOLOGIA - TEST RAPIDI E ""POINT OF CARE"" - ALTRI";S;;2016-11-15 00:00:00;
W01050902;VIRUS DELL'EPATITE - TEST RAPIDI;N;;2007-02-20 00:00:00;2016-11-14 00:00:00
W01050902;"VIRUS DELL'EPATITE - TEST RAPIDI E ""POINT OF CARE""";N;;2016-11-15 00:00:00;
W0105090201;EPATITE B (HBV), ANTIGENE DI SUPERFICIE (HBSAG) - TEST RAPIDO;S;;2007-02-20 00:00:00;2011-08-29 00:00:00
W0105090201;EPATITE B (HBV), ANTIGENE DI SUPERFICE (HBSAG) - TEST RAPIDO;S;;2011-08-30 00:00:00;2016-11-14 00:00:00
W0105090201;"EPATITE B (HBV), ANTIGENE DI SUPERFICE (HBSAG) - TEST RAPIDI E ""POINT OF CARE""";S;;2016-11-15 00:00:00;
W0105090202;EPATITE C (HCV), ANTICORPI - TEST RAPIDO;S;;2007-02-20 00:00:00;2016-11-14 00:00:00
W0105090202;"EPATITE C (HCV), ANTICORPI - TEST RAPIDI E ""POINT OF CARE""";S;;2016-11-15 00:00:00;
W0105090299;TEST RAPIDI PER I VIRUS DELL'EPATITE - ALTRI;S;;2007-02-20 00:00:00;2016-11-14 00:00:00
W0105090299;"VIRUS DELL'EPATITE - TEST RAPIDI E ""POINT OF CARE"" - ALTRI";S;;2016-11-15 00:00:00;
W01050903;RETROVIRUS - TEST RAPIDI;N;;2007-02-20 00:00:00;2016-11-14 00:00:00
W01050903;"RETROVIRUS - TEST RAPIDI E ""POINT OF CARE""";N;;2016-11-15 00:00:00;
W0105090301;HIV 1 - TEST RAPIDO;S;;2007-02-20 00:00:00;2016-11-14 00:00:00
W0105090301;"HIV 1 - TEST RAPIDI E ""POINT OF CARE""";S;;2016-11-15 00:00:00;
W0105090302;HIV 1 / 2 - TEST RAPIDO;S;;2007-02-20 00:00:00;2016-11-14 00:00:00
W0105090302;"HIV 1 / 2 - TEST RAPIDI E ""POINT OF CARE""";S;;2016-11-15 00:00:00;
W0105090303;HIV RICERCA COMBINATA ANTIGENI/ANTICORPI - TEST RAPIDO;S;;2016-11-15 00:00:00;
W0105090399;TEST RAPIDI PER RETROVIRUS - ALTRI;S;;2007-02-20 00:00:00;2016-11-14 00:00:00
W0105090399;"RETROVIRUS - TEST RAPIDI E ""POINT OF CARE"" - ALTRI";S;;2016-11-15 00:00:00;
W01050904;PARASSITOLOGIA - TEST RAPIDI;S;;2016-11-15 00:00:00;
W0105090401;PLASMODIUM MALARIAE - TEST RAPIDO;S;;2016-11-15 00:00:00;
W0105090499;TEST RAPIDI PER PARASSITOLOGIA - ALTRI;S;;2016-11-15 00:00:00;
W01050940;CONTROLLI , STANDARD, CALIBRATORI  PER IMMUNOLOGIA INFETTIVA/NAT- TEST RAPIDI E POINT OF CARE;N;;2022-02-23 00:00:00;
W0105094001;CONTROLLI PER IMMUNOLOGIA INFETTIVA/NAT- TEST RAPIDI E POINT OF CARE;S;;2022-02-23 00:00:00;
W0105094002;STANDARD, CALIBRATORI PER IMMUNOLOGIA INFETTIVA/NAT- TEST RAPIDI E POINT OF CARE;S;;2022-02-23 00:00:00;
W01050990;TEST RAPIDI PER VIROLOGIA - VARI;N;;2007-02-20 00:00:00;2016-11-14 00:00:00
W01050990;"VIROLOGIA - TEST RAPIDI E ""POINT OF CARE"" - VARI";N;;2016-11-15 00:00:00;
W0105099001;CYTOMEGALOVIRUS (CMV) - TEST RAPIDO;S;;2007-02-20 00:00:00;2011-08-29 00:00:00
W0105099001;CITOMEGALOVIRUS (CMV) - TEST RAPIDO;S;;2011-08-30 00:00:00;2016-11-14 00:00:00
W0105099001;"CITOMEGALOVIRUS (CMV) - TEST RAPIDI E ""POINT OF CARE""";S;;2016-11-15 00:00:00;
W0105099002;VIRUS RESPIRATORIO SINCIZIALE (RSV) - TEST RAPIDO;S;;2007-02-20 00:00:00;2016-11-14 00:00:00
W0105099002;"VIRUS RESPIRATORIO SINCIZIALE (RSV) - TEST RAPIDI E ""POINT OF CARE""";S;;2016-11-15 00:00:00;
W0105099003;MONONUCLEOSI - TEST RAPIDO;S;;2007-02-20 00:00:00;2016-11-14 00:00:00
W0105099003;"MONONUCLEOSI - TEST RAPIDI E ""POINT OF CARE""";S;;2016-11-15 00:00:00;
W0105099004;INFLUENZA DI TIPO A E/O B - TEST RAPIDO;S;;2011-08-30 00:00:00;2016-11-14 00:00:00
W0105099004;"INFLUENZA DI TIPO A E/O B - TEST RAPIDI E ""POINT OF CARE""";S;;2016-11-15 00:00:00;
W0105099005;VIRUS RESPIRATORIO SINCIZIALE (RSV) - TEST RAPIDO;S;;2011-08-30 00:00:00;2016-11-15 00:00:00
W0105099006;VIRUS VARICELLA ZOSTER - TEST RAPIDO;S;;2011-08-30 00:00:00;2016-11-14 00:00:00
W0105099006;"VIRUS VARICELLA ZOSTER - TEST RAPIDI E ""POINT OF CARE""";S;;2016-11-15 00:00:00;
W0105099007;DENGUE - TEST RAPIDO;S;;2016-11-15 00:00:00;
W0105099099;TEST RAPIDI PER VIROLOGIA - ALTRI;S;;2007-02-20 00:00:00;2016-11-14 00:00:00
W0105099099;"VIROLOGIA - TEST RAPIDI E ""POINT OF CARE"" - ALTRI";S;;2016-11-15 00:00:00;
W010590;TEST PER IMMUNOINFETTIVOLOGIA - VARI;N;;2016-11-15 00:00:00;2022-02-22 00:00:00
W010590;TEST PER IMMUNOINFETTIVOLOGIA/NAT - VARI;N;;2022-02-23 00:00:00;
W01059001;IMMUNOINFETTIVOLOGIA - REAGENTI NAS;N;;2016-11-15 00:00:00;
W0105900101;REAGENTI PER ESTRAZIONE E PREPARAZIONE DNA E/O RNA: BATTERICO E/O VIRALE;S;;2016-11-15 00:00:00;
W0105900102;REAGENTI PER AMPLIFICAZIONE E/O RICONOSCIMENTO DNA E/O RNA: BATTERICO E/O VIRALE;S;;2016-11-15 00:00:00;
W0105900103;REAGENTI NAS ADDIZIONALI;S;;2016-11-15 00:00:00;
W01059002;REAGENTI IMMUNOINFETTIVOLOGIA - ALTRI;N;;2016-11-15 00:00:00;
W0105900201;TAMPONI (NON CLASSIFICABILI), REAGENTI ADDIZIONALI ECC;S;;2016-11-15 00:00:00;
W0105900299;IMMUNOINFETTIVOLOGIA - ALTRO;S;;2016-11-15 00:00:00;
W010599;TEST PER L'IMMUNOLOGIA DELLE MALATTIE INFETTIVE - ALTRI;S;;2007-02-20 00:00:00;2011-08-29 00:00:00
W010599;TEST PER L'IMMUNOLOGIA DELLE MALATTIE INFETTIVE - VARI;N;;2011-08-30 00:00:00;2016-11-15 00:00:00
W01059901;REAGENTI PER L'ESTRAZIONE E LA PREPARAZIONE DI DNA ED RNA;N;;2011-08-30 00:00:00;2016-11-15 00:00:00
W0105990101;REAGENTI PER L'ESTRAZIONE E LA PREPARAZIONE DI DNA BATTERICO;S;;2011-08-30 00:00:00;2016-11-15 00:00:00
W0105990102;REAGENTI PER L'ESTRAZIONE E LA PREPARAZIONE DI DNA E/O RNA VIRALE;S;;2011-08-30 00:00:00;2016-11-15 00:00:00
W0106;TEST GENETICI;N;;2007-02-20 00:00:00;
W010601;ALTERAZIONI GENETICHE O CROMOSOMICHE CONGENITE;N;;2007-02-20 00:00:00;
W01060101;DISORDINI MONOGENETICI;N;;2007-02-20 00:00:00;
W0106010101;FIBROSI CISTICA;S;;2007-02-20 00:00:00;
W0106010102;DISTROFIA MUSCOLARE DI DUCHENNE;S;;2007-02-20 00:00:00;
W0106010103;FATTORE V DI LEIDEN;S;;2007-02-20 00:00:00;
W0106010104;SINDROME DELL' X FRAGILE;S;;2007-02-20 00:00:00;
W0106010105;EMOCROMATOSI;S;;2007-02-20 00:00:00;
W0106010106;EMOFILIA;S;;2007-02-20 00:00:00;
W0106010107;COREA DI HUNTINGTON;S;;2007-02-20 00:00:00;
W0106010108;NEFROPATIA POLICISTICA;S;;2007-02-20 00:00:00;
W0106010109;ANEMIA FALCIFORME;S;;2007-02-20 00:00:00;
W0106010110;MALATTIA DI TAY SACHS;S;;2007-02-20 00:00:00;
W0106010111;TALASSEMIA;S;;2007-02-20 00:00:00;
W0106010112;ATASSIA DI FRIEDREICH;S;;2007-02-20 00:00:00;
W0106010113;ATASSIE SPINOCEREBRALI DI TIPO 1, 2, 3, 6, 7, 8;S;;2007-02-20 00:00:00;
W0106010114;MUTAZIONE DELLA PROTROMBINA;S;;2007-02-20 00:00:00;
W0106010115;FATTORE II E FATTORE V DI LEIDEN COMBINATO;S;;2016-11-15 00:00:00;
W0106010199;TEST PER DISORDINI MONOGENETICI - ALTRI;S;;2007-02-20 00:00:00;
W01060102;DISORDINI POLIGENETICI;N;;2007-02-20 00:00:00;
W0106010201;MALATTIA DI ALZHEIMER;S;;2007-02-20 00:00:00;
W0106010202;ASMA;S;;2007-02-20 00:00:00;
W0106010203;ATEROSCLEROSI;S;;2007-02-20 00:00:00;
W0106010204;DIABETE;S;;2007-02-20 00:00:00;
W0106010205;IPERTENSIONE;S;;2007-02-20 00:00:00;
W0106010206;SCLEROSI MULTIPLA;S;;2007-02-20 00:00:00;
W0106010207;OSTEOPOROSI;S;;2007-02-20 00:00:00;
W0106010299;TEST PER DISORDINI POLIGENETICI - ALTRI;S;;2007-02-20 00:00:00;
W01060103;DISORDINI CROMOSOMICI;N;;2007-02-20 00:00:00;
W0106010301;SINDROME DI DOWN;S;;2007-02-20 00:00:00;
W0106010302;SINDROME DI EDWARDS;S;;2007-02-20 00:00:00;
W0106010303;SINDROME DI KLINEFELTER;S;;2007-02-20 00:00:00;
W0106010304;SINDROME DI PATAU;S;;2007-02-20 00:00:00;
W0106010305;SINDROME DI TURNER;S;;2007-02-20 00:00:00;
W0106010399;TEST PER DISORDINI CROMOSOMICI - ALTRI;S;;2007-02-20 00:00:00;
W01060104;POLIMORFISMI;N;;2007-02-20 00:00:00;
W0106010401;TIPIZZAZIONE HLA;S;;2007-02-20 00:00:00;
W0106010499;TEST PER POLIMORFISMO - ALTRI;S;;2007-02-20 00:00:00;
W010602;ALTERAZIONI GENETICHE O CROMOSOMICHE ACQUISITE;N;;2007-02-20 00:00:00;
W01060201;P53;S;;2007-02-20 00:00:00;
W01060202;K-RAS;S;;2007-02-20 00:00:00;
W01060203;BRCA 1+2;S;;2007-02-20 00:00:00;
W01060204;RET;S;;2007-02-20 00:00:00;
W01060205;C-MYC;S;;2007-02-20 00:00:00;
W01060206;HNPCC;S;;2007-02-20 00:00:00;
W01060207;APC;S;;2007-02-20 00:00:00;
W01060208;"T(9;22)";S;;2007-02-20 00:00:00;
W01060209;"T(8;14)";S;;2007-02-20 00:00:00;
W01060210;"T(14;18)";S;;2007-02-20 00:00:00;
W01060211;INV (16);S;;2007-02-20 00:00:00;
W01060212;TELOMERASI;S;;2007-02-20 00:00:00;
W01060213;HER-2/NEU;S;;2007-02-20 00:00:00;
W01060214;CANCRO COLORETTALE (MSI-H/DMMR);S;;2022-02-23 00:00:00;
W01060215;CANCRO DELLA VESCICA RILEVAMENTO/MONITORAGGIO;S;;2022-02-23 00:00:00;
W01060299;TEST PER ALTERAZIONI GENETICHE O CROMOSOMICHE ACQUISITE - ALTRI;S;;2007-02-20 00:00:00;
W010603;TEST GENETICI MULTIPARAMETRICI;N;;2011-08-30 00:00:00;
W01060301;TEST DI FARMACOGENOMICA;N;;2011-08-30 00:00:00;
W0106030101;CYP 450 - TEST INDIVIDUALE;S;;2011-08-30 00:00:00;
W0106030102;CYP 450 - TEST MULTIPLO SON MICRO-ARRAY;S;;2011-08-30 00:00:00;
W010699;TEST GENETICI - ALTRI;S;;2007-02-20 00:00:00;
W02;STRUMENTAZIONE IVD;N;;2007-02-20 00:00:00;
W0201;STRUMENTAZIONE PER CHIMICA CLINICA / IMMUNOCHIMICA;N;;2007-02-20 00:00:00;
W020101;STRUMENTAZIONE PER CHIMICA CLINICA;N;;2007-02-20 00:00:00;
W02010101;ANALIZZATORI MULTIPARAMETRICI PER CHIMICA CLINICA;N;AME;2007-02-20 00:00:00;
W0201010101;ANALIZZATORI MULTIPARAMETRICI PER CHIMICA CLINICA - PER PICCOLA ROUTINE (Analisi/h random access senza ISE <=400);S;AME01;2007-02-20 00:00:00;
W0201010102;ANALIZZATORI MULTIPARAMETRICI PER CHIMICA CLINICA - PER MEDIA ROUTINE (Analisi/h random access senza ISE > 400 e <=800);S;AME02;2007-02-20 00:00:00;
W0201010103;ANALIZZATORI MULTIPARAMETRICI PER CHIMICA CLINICA - PER MEDIA/GRANDE ROUTINE (Analisi/h random access senza ISE > 800 e <=1.200);S;AME03;2007-02-20 00:00:00;
W0201010104;ANALIZZATORI MULTIPARAMETRICI PER CHIMICA CLINICA - PER GRANDE ROUTINE ((Analisi/h random access senza ISE > 1.200);S;AME04;2007-02-20 00:00:00;
W0201010105;ANALIZZATORI MULTIPARAMETRICI PER CHIMICA CLINICA - PER PICCOLA ROUTINE ((Analisi/h con ISE <400);S;;2022-02-23 00:00:00;
W0201010106;ANALIZZATORI MULTIPARAMETRICI PER CHIMICA CLINICA - PER MEDIA ROUTINE (Analisi/h con ISE > 400 e <=800);S;;2022-02-23 00:00:00;
W0201010107;ANALIZZATORI MULTIPARAMETRICI PER CHIMICA CLINICA - PER MEDIA/GRANDE ROUTINE (Analisi/h con ISE > 800 e <=1.200);S;;2022-02-23 00:00:00;
W0201010108;ANALIZZATORI MULTIPARAMETRICI PER CHIMICA CLINICA - PER GRANDE ROUTINE ((Analisi/h con ISE > 1.200);S;;2022-02-23 00:00:00;
W0201010180;ANALIZZATORI MULTIPARAMETRICI PER CHIMICA CLINICA - COMPONENTI ACCESSORI HARDWARE;S;;2007-02-20 00:00:00;2022-02-22 00:00:00
W0201010180;ANALIZZATORI MULTIPARAMETRICI PER CHIMICA CLINICA - ACCESSORI HARDWARE;S;;2022-02-23 00:00:00;
W0201010182;ANALIZZATORI MULTIPARAMETRICI PER CHIMICA CLINICA - COMPONENTI ACCESSORI SOFTWARE;S;;2007-02-20 00:00:00;2022-02-22 00:00:00
W0201010182;ANALIZZATORI MULTIPARAMETRICI PER CHIMICA CLINICA - ACCESSORI SOFTWARE;S;;2022-02-23 00:00:00;
W0201010185;ANALIZZATORI MULTIPARAMETRICI PER CHIMICA CLINICA - MATERIALI SPECIFICI;S;;2007-02-20 00:00:00;
W0201010192;ANALIZZATORI MULTIPARAMETRICI PER CHIMICA CLINICA -  DISPOSITIVI MEDICI SOFTWARE IVD;S;;2022-02-23 00:00:00;
W02010102;ANALIZZATORI A PANNELLI LIMITATI SPECIALISTICI PER CHIMICA CLINICA;N;;2007-02-20 00:00:00;
W0201010201;ANALIZZATORI PER URINE;N;AUR;2007-02-20 00:00:00;
W020101020101;LETTORI STRISCE REATTIVE URINE;S;AUR01;2007-02-20 00:00:00;
W020101020102;ANALIZZATORI PER URINE SEMIAUTOMATICI;S;AUR02;2007-02-20 00:00:00;
W020101020103;ANALIZZATORI PER URINE AUTOMATICI;S;AUR03;2007-02-20 00:00:00;
W020101020180;ANALIZZATORI PER URINE - COMPONENTI ACCESSORI HARDWARE;S;;2007-02-20 00:00:00;2022-02-22 00:00:00
W020101020180;ANALIZZATORI PER URINE - ACCESSORI HARDWARE;S;;2022-02-23 00:00:00;
W020101020182;ANALIZZATORI PER URINE - COMPONENTI ACCESSORI SOFTWARE;S;;2007-02-20 00:00:00;2022-02-22 00:00:00
W020101020182;ANALIZZATORI PER URINE - ACCESSORI SOFTWARE;S;;2022-02-23 00:00:00;
W020101020185;ANALIZZATORI PER URINE - MATERIALI SPECIFICI;S;;2007-02-20 00:00:00;
W020101020192;ANALIZZATORI PER URINE -  DISPOSITIVI MEDICI SOFTWARE IVD;S;;2022-02-23 00:00:00;
W0201010202;APPARECCHIATURE PER LETTURA DEL SEDIMENTO URINARIO;S;SDA;2007-02-20 00:00:00;
W0201010203;ANALIZZATORI AMMONIEMIA;S;AMO;2007-02-20 00:00:00;
W0201010280;ANALIZZATORI A PANNELLI LIMITATI SPECIALISTICI PER CHIMICA CLINICA - COMPONENTI ACCESSORI HARDWARE;S;;2007-02-20 00:00:00;2022-02-22 00:00:00
W0201010280;ANALIZZATORI A PANNELLI LIMITATI SPECIALISTICI PER CHIMICA CLINICA - ACCESSORI HARDWARE;S;;2022-02-23 00:00:00;
W0201010282;ANALIZZATORI A PANNELLI LIMITATI SPECIALISTICI PER CHIMICA CLINICA - COMPONENTI ACCESSORI SOFTWARE;S;;2007-02-20 00:00:00;2022-02-22 00:00:00
W0201010282;ANALIZZATORI A PANNELLI LIMITATI SPECIALISTICI PER CHIMICA CLINICA - ACCESSORI SOFTWARE;S;;2022-02-23 00:00:00;
W0201010285;ANALIZZATORI A PANNELLI LIMITATI SPECIALISTICI PER CHIMICA CLINICA - MATERIALI SPECIFICI;S;;2007-02-20 00:00:00;
W0201010292;ANALIZZATORI A PANNELLI LIMITATI SPECIALISTICI PER CHIMICA CLINICA -  DISPOSITIVI MEDICI SOFTWARE IVD;S;;2022-02-23 00:00:00;
W0201010299;ANALIZZATORI A PANNELLI LIMITATI SPECIALISTICI PER CHIMICA CLINICA - ALTRI;S;;2007-02-20 00:00:00;
W02010199;STRUMENTAZIONE PER CHIMICA CLINICA NON ALTRIMENTI CLASSIFICATA;S;;2007-02-20 00:00:00;2022-02-22 00:00:00
W02010199;STRUMENTAZIONE PER CHIMICA CLINICA - ALTRA;S;;2022-02-23 00:00:00;
W020102;STRUMENTAZIONE PER IMMUNOCHIMICA;N;;2007-02-20 00:00:00;
W02010201;ANALIZZATORI AUTOMATICI PER IMMUNOCHIMICA;N;AIC;2007-02-20 00:00:00;
W0201020101;ANALIZZATORI AUTOMATICI PER IMMUNOCHIMICA - PER PICCOLA ROUTINE (PotenzialitÃ  operativa <= 100 test/h);S;AIC01;2007-02-20 00:00:00;
W0201020102;ANALIZZATORI AUTOMATICI PER IMMUNOCHIMICA - PER MEDIA ROUTINE (PotenzialitÃ  operativa >100 e <=250 test/h);S;AIC02;2007-02-20 00:00:00;
W0201020103;ANALIZZATORI AUTOMATICI PER IMMUNOCHIMICA - PER MEDIA/GRANDE ROUTINE (PotenzialitÃ  operativa > 250 e <=700 test/h);S;AIC03;2007-02-20 00:00:00;
W0201020104;ANALIZZATORI AUTOMATICI PER IMMUNOCHIMICA - PER GRANDE ROUTINE (PotenzialitÃ  operativa > 700 test/h);S;AIC04;2007-02-20 00:00:00;
W0201020180;ANALIZZATORI AUTOMATICI PER IMMUNOCHIMICA - COMPONENTI ACCESSORI HARDWARE;S;;2007-02-20 00:00:00;2022-02-22 00:00:00
W0201020180;ANALIZZATORI AUTOMATICI PER IMMUNOCHIMICA - ACCESSORI HARDWARE;S;;2022-02-23 00:00:00;
W0201020182;ANALIZZATORI AUTOMATICI PER IMMUNOCHIMICA - COMPONENTI ACCESSORI SOFTWARE;S;;2007-02-20 00:00:00;2022-02-22 00:00:00
W0201020182;ANALIZZATORI AUTOMATICI PER IMMUNOCHIMICA - ACCESSORI SOFTWARE;S;;2022-02-23 00:00:00;
W0201020185;ANALIZZATORI AUTOMATICI PER IMMUNOCHIMICA - MATERIALI SPECIFICI;S;;2007-02-20 00:00:00;
W0201020192;ANALIZZATORI AUTOMATICI PER IMMUNOCHIMICA -  DISPOSITIVI MEDICI SOFTWARE IVD;S;;2022-02-23 00:00:00;
W02010202;ANALIZZATORI A PANNELLI LIMITATI SPECIALISTICI PER IMMUNOCHIMICA;N;;2007-02-20 00:00:00;
W0201020201;LETTORI PER IMMUNOCHIMICA;S;LIC;2007-02-20 00:00:00;
W0201020202;CONTATORI DI PARTICELLE BETA;S;CPB;2007-02-20 00:00:00;
W0201020203;CONTATORI DI RAGGI GAMMA;S;CRG;2007-02-20 00:00:00;
W0201020204;NEFELOMETRI;S;NEM;2007-02-20 00:00:00;
W0201020205;TURBIDIMETRI;S;TUM;2007-02-20 00:00:00;
W0201020280;ANALIZZATORI A PANELLI LIMITATI SPECIALISTICI PER IMMUNOCHIMICA - COMPONENTI ACCESSORI HARDWARE;S;;2007-02-20 00:00:00;2022-02-22 00:00:00
W0201020280;ANALIZZATORI A PANELLI LIMITATI SPECIALISTICI PER IMMUNOCHIMICA - ACCESSORI HARDWARE;S;;2022-02-23 00:00:00;
W0201020282;ANALIZZATORI A PANELLI LIMITATI SPECIALISTICI PER IMMUNOCHIMICA - COMPONENTI ACCESSORI SOFTWARE;S;;2007-02-20 00:00:00;2022-02-22 00:00:00
W0201020282;ANALIZZATORI A PANELLI LIMITATI SPECIALISTICI PER IMMUNOCHIMICA - ACCESSORI SOFTWARE;S;;2022-02-23 00:00:00;
W0201020285;ANALIZZATORI A PANELLI LIMITATI SPECIALISTICI PER IMMUNOCHIMICA - MATERIALI SPECIFICI;S;;2007-02-20 00:00:00;
W0201020292;ANALIZZATORI A PANELLI LIMITATI SPECIALISTICI PER IMMUNOCHIMICA -  DISPOSITIVI MEDICI SOFTWARE IVD;S;;2022-02-23 00:00:00;
W0201020299;ANALIZZATORI A PANELLI LIMITATI SPECIALISTICI PER IMMUNOCHIMICA - ALTRI;S;;2007-02-20 00:00:00;
W02010299;STRUMENTAZIONE PER IMMUNOCHIMICA NON ALTRIMENTI CLASSIFICATA;S;;2007-02-20 00:00:00;2022-02-22 00:00:00
W02010299;STRUMENTAZIONE PER IMMUNOCHIMICA - ALTRA;S;;2022-02-23 00:00:00;
W020103;STRUMENTAZIONE PER CHIMICA CLINICA / IMMUNOCHIMICA INTEGRATA/MODULARE;N;;2007-02-20 00:00:00;
W02010301;ANALIZZATORI MULTIPARAMETRICI A PANNELLO MISTO;N;PPM;2007-02-20 00:00:00;
W0201030101;ANALIZZATORI MULTIPARAMETRICI A PANNELLO MISTO - PER PICCOLA ROUTINE (PotenzialitÃ  operativa <=800 test/h);S;PPM01;2007-02-20 00:00:00;
W0201030102;ANALIZZATORI MULTIPARAMETRICI A PANNELLO MISTO - PER MEDIA ROUTINE (PotenzialitÃ  operativa > 800 e <=2000 test/h);S;PPM02;2007-02-20 00:00:00;
W0201030103;ANALIZZATORI MULTIPARAMETRICI A PANNELLO MISTO - PER GRANDE ROUTINE (PotenzialitÃ  operativa > 2000 test/h);S;PPM03;2007-02-20 00:00:00;
W0201030180;ANALIZZATORI MULTIPARAMETRICI A PANNELLO MISTO - COMPONENTI ACCESSORI HARDWARE;S;;2007-02-20 00:00:00;2022-02-22 00:00:00
W0201030180;ANALIZZATORI MULTIPARAMETRICI A PANNELLO MISTO - ACCESSORI HARDWARE;S;;2022-02-23 00:00:00;
W0201030182;ANALIZZATORI MULTIPARAMETRICI A PANNELLO MISTO - COMPONENTI ACCESSORI SOFTWARE;S;;2007-02-20 00:00:00;2022-02-22 00:00:00
W0201030182;ANALIZZATORI MULTIPARAMETRICI A PANNELLO MISTO - ACCESSORI SOFTWARE;S;;2022-02-23 00:00:00;
W0201030185;ANALIZZATORI MULTIPARAMETRICI A PANNELLO MISTO - MATERIALI SPECIFICI;S;;2007-02-20 00:00:00;
W0201030192;ANALIZZATORI MULTIPARAMETRICI A PANNELLO MISTO -  DISPOSITIVI MEDICI SOFTWARE IVD;S;;2022-02-23 00:00:00;
W02010399;STRUMENTAZIONE PER CHIMICA CLINICA / IMMUNOCHIMICA INTEGRATA/MODULARE NON ALTRIMENTI CLASSIFICATA;S;;2007-02-20 00:00:00;2022-02-22 00:00:00
W02010399;STRUMENTAZIONE PER CHIMICA CLINICA / IMMUNOCHIMICA INTEGRATA/MODULARE - ALTRA;S;;2022-02-23 00:00:00;
W020104;STRUMENTAZIONE PER EMOGASANALISI / ELETTROLITI;N;;2007-02-20 00:00:00;
W02010401;EMOGASANALIZZATORI;N;EGA;2007-02-20 00:00:00;
W0201040101;EMOGASANALIZZATORI - CON PROFILO CLASSICO (pH, pO2, pCO2, Hct + elettroliti);S;EGA01;2007-02-20 00:00:00;
W0201040102;EMOGASANALIZZATORI - CON PARAMETRI AGGIUNTIVI (pH, pO2, pCO2, Hct + elettroliti + metaboliti, parametri CO-ossimetrici e parametri coagulativi);S;EGA02;2007-02-20 00:00:00;
W0201040180;EMOGASANALIZZATORI - COMPONENTI ACCESSORI HARDWARE;S;;2007-02-20 00:00:00;2022-02-22 00:00:00
W0201040180;EMOGASANALIZZATORI - ACCESSORI HARDWARE;S;;2022-02-23 00:00:00;
W0201040182;EMOGASANALIZZATORI - COMPONENTI ACCESSORI SOFTWARE;S;;2007-02-20 00:00:00;2022-02-22 00:00:00
W0201040182;EMOGASANALIZZATORI - ACCESSORI SOFTWARE;S;;2022-02-23 00:00:00;
W0201040185;EMOGASANALIZZATORI - MATERIALI SPECIFICI;S;;2007-02-20 00:00:00;
W0201040192;EMOGASANALIZZATORI -  DISPOSITIVI MEDICI SOFTWARE IVD;S;;2022-02-23 00:00:00;
W02010402;ANALIZZATORI A PANNELLI LIMITATI SPECIALISTICI PER EMOGASANALISI / ELETTROLITI;N;;2007-02-20 00:00:00;
W0201040201;ANALIZZATORI IONOSELETTIVI PER ELETTROLITI;S;AIE;2007-02-20 00:00:00;
W0201040202;FOTOMETRI A FIAMMA;S;FFI;2007-02-20 00:00:00;
W0201040203;CLORURIMETRI;S;CLM;2007-02-20 00:00:00;
W0201040280;ANALIZZATORI A PANNELLI LIMITATI SPECIALISTICI PER EMOGASANALISI / ELETTROLITI - COMPONENTI ACCESSORI HARDWARE;S;;2007-02-20 00:00:00;2022-02-22 00:00:00
W0201040280;ANALIZZATORI A PANNELLI LIMITATI SPECIALISTICI PER EMOGASANALISI / ELETTROLITI - ACCESSORI HARDWARE;S;;2022-02-23 00:00:00;
W0201040282;ANALIZZATORI A PANNELLI LIMITATI SPECIALISTICI PER EMOGASANALISI / ELETTROLITI - COMPONENTI ACCESSORI SOFTWARE;S;;2007-02-20 00:00:00;2022-02-22 00:00:00
W0201040282;ANALIZZATORI A PANNELLI LIMITATI SPECIALISTICI PER EMOGASANALISI / ELETTROLITI - ACCESSORI SOFTWARE;S;;2022-02-23 00:00:00;
W0201040285;ANALIZZATORI A PANNELLI LIMITATI SPECIALISTICI PER EMOGASANALISI / ELETTROLITI - MATERIALI SPECIFICI;S;;2007-02-20 00:00:00;
W0201040292;ANALIZZATORI A PANNELLI LIMITATI SPECIALISTICI PER EMOGASANALISI / ELETTROLITI -  DISPOSITIVI MEDICI SOFTWARE IVD;S;;2022-02-23 00:00:00;
W0201040299;ANALIZZATORI A PANNELLI LIMITATI SPECIALISTICI PER EMOGASANALISI / ELETTROLITI - ALTRI;S;;2007-02-20 00:00:00;
W02010499;STRUMENTAZIONE PER EMOGASANALISI / ELETTROLITI NON ALTRIMENTI CLASSIFICATA;S;;2007-02-20 00:00:00;2022-02-22 00:00:00
W02010499;STRUMENTAZIONE PER EMOGASANALISI / ELETTROLITI - ALTRA;S;;2022-02-23 00:00:00;
W020105;STRUMENTAZIONE PER ELETTROFORESI / CROMATOGRAFIA;N;;2007-02-20 00:00:00;
W02010501;STRUMENTAZIONE PER ELETTROFORESI;N;;2007-02-20 00:00:00;
W0201050101;APPARECCHIATURE PER ELETTROFORESI AUTOMATICA;S;EAU;2007-02-20 00:00:00;
W0201050102;ANALIZZATORI A PANNELLI LIMITATI SPECIALISTICI PER EP;N;;2007-02-20 00:00:00;
W020105010201;APPARECCHIATURE PER ELETTROFORESI SEMIAUTOMATICA;S;ELF;2007-02-20 00:00:00;
W020105010202;APPARECCHIATURE PER ELETTROFORESI CAPILLARE;S;EFC;2007-02-20 00:00:00;
W020105010203;DENSITOMETRI;S;DTM;2007-02-20 00:00:00;
W020105010280;ANALIZZATORI A PANNELLI LIMITATI SPECIALISTICI PER ELETTROFORESI - COMPONENTI ACCESSORI HARDWARE;S;;2007-02-20 00:00:00;2022-02-22 00:00:00
W020105010280;ANALIZZATORI A PANNELLI LIMITATI SPECIALISTICI PER ELETTROFORESI - ACCESSORI HARDWARE;S;;2022-02-23 00:00:00;
W020105010282;ANALIZZATORI A PANNELLI LIMITATI SPECIALISTICI PER ELETTROFORESI - COMPONENTI ACCESSORI SOFTWARE;S;;2007-02-20 00:00:00;2022-02-22 00:00:00
W020105010282;ANALIZZATORI A PANNELLI LIMITATI SPECIALISTICI PER ELETTROFORESI - ACCESSORI SOFTWARE;S;;2022-02-23 00:00:00;
W020105010285;ANALIZZATORI A PANNELLI LIMITATI SPECIALISTICI PER ELETTROFORESI - MATERIALI SPECIFICI;S;;2007-02-20 00:00:00;
W020105010292;ANALIZZATORI A PANNELLI LIMITATI SPECIALISTICI PER ELETTROFORESI -  DISPOSITIVI MEDICI SOFTWARE IVD;S;;2022-02-23 00:00:00;
W020105010299;ANALIZZATORI A PANELLI LIMITATI SPECIALISTICI PER ELETTROFORESI - ALTRI;S;;2007-02-20 00:00:00;
W0201050190;STRUMENTAZIONE VARIA PER ELETTROFORESI;N;;2007-02-20 00:00:00;
W020105019001;PROCESSATORI DI GEL ELETTROFORETICI;S;PLE;2007-02-20 00:00:00;
W020105019002;SISTEMI PER L'ANALISI E DOCUMENTAZIONE DI GEL;S;ACG;2007-02-20 00:00:00;
W020105019080;STRUMENTAZIONE VARIA PER ELETTROFORESI - COMPONENTI ACCESSORI HARDWARE;S;;2007-02-20 00:00:00;2022-02-22 00:00:00
W020105019080;STRUMENTAZIONE VARIA PER ELETTROFORESI - ACCESSORI HARDWARE;S;;2022-02-23 00:00:00;
W020105019082;STRUMENTAZIONE VARIA PER ELETTROFORESI - COMPONENTI ACCESSORI SOFTWARE;S;;2007-02-20 00:00:00;2022-02-22 00:00:00
W020105019082;STRUMENTAZIONE VARIA PER ELETTROFORESI - ACCESSORI SOFTWARE;S;;2022-02-23 00:00:00;
W020105019085;STRUMENTAZIONE VARIA PER ELETTROFORESI - MATERIALI SPECIFICI;S;;2007-02-20 00:00:00;
W020105019092;STRUMENTAZIONE VARIA PER ELETTROFORESI -  DISPOSITIVI MEDICI SOFTWARE IVD;S;;2022-02-23 00:00:00;
W020105019099;STRUMENTAZIONE VARIA PER ELETTROFORESI NON ALTRIMENTI CLASSIFICATA;S;;2007-02-20 00:00:00;2022-02-22 00:00:00
W020105019099;STRUMENTAZIONE VARIA PER ELETTROFORESI - ALTRA;S;;2022-02-23 00:00:00;
W02010502;STRUMENTAZIONE PER CROMATOGRAFIA (HPLC);N;;2007-02-20 00:00:00;
W0201050201;CROMATOGRAFI IN FASE LIQUIDA AD ELEVATE PRESTAZIONI;S;CFL;2007-02-20 00:00:00;
W0201050280;CROMATOGRAFI IN FASE LIQUIDA AD ELEVATE PRESTAZIONI - COMPONENTI ACCESSORI HARDWARE;S;;2007-02-20 00:00:00;2022-02-22 00:00:00
W0201050280;CROMATOGRAFI IN FASE LIQUIDA AD ELEVATE PRESTAZIONI - ACCESSORI HARDWARE;S;;2022-02-23 00:00:00;
W0201050282;CROMATOGRAFI IN FASE LIQUIDA AD ELEVATE PRESTAZIONI - COMPONENTI ACCESSORI SOFTWARE;S;;2007-02-20 00:00:00;2022-02-22 00:00:00
W0201050282;CROMATOGRAFI IN FASE LIQUIDA AD ELEVATE PRESTAZIONI - ACCESSORI SOFTWARE;S;;2022-02-23 00:00:00;
W0201050285;CROMATOGRAFI IN FASE LIQUIDA AD ELEVATE PRESTAZIONI - MATERIALI SPECIFICI;S;;2007-02-20 00:00:00;
W0201050292;CROMATOGRAFI IN FASE LIQUIDA AD ELEVATE PRESTAZIONI -  DISPOSITIVI MEDICI SOFTWARE IVD;S;;2022-02-23 00:00:00;
W0201050299;STRUMENTAZIONE PER CROMATOGRAFIA (HPLC) NON ALTRIMENTI CLASSIFICATA;S;;2007-02-20 00:00:00;2022-02-22 00:00:00
W0201050299;STRUMENTAZIONE PER CROMATOGRAFIA (HPLC) - ALTRA;S;;2022-02-23 00:00:00;
W020106;STRUMENTAZIONE PER CHIMICA CLINICA / IMMUNOCHIMICA TEST RAPIDI;N;;2007-02-20 00:00:00;2022-02-22 00:00:00
W020106;"STRUMENTAZIONE PER CHIMICA CLINICA / IMMUNOCHIMICA TEST RAPIDI E ""POINT OF CARE""";N;;2022-02-23 00:00:00;
W02010601;MONITORAGGIO DEL DIABETE;N;;2007-02-20 00:00:00;
W0201060101;APPARECCHIATURE PER EMOGLOBINA GLICATA;S;EAC;2007-02-20 00:00:00;
W0201060102;APPARECCHIATURA PER GLICEMIA;S;GLI;2007-02-20 00:00:00;
W0201060190;STRUMENTAZIONE VARIA PER IL MONITORAGGIO DEL DIABETE;N;;2007-02-20 00:00:00;
W020106019080;STRUMENTAZIONE VARIA PER IL MONITORAGGIO DEL DIABETE - COMPONENTI ACCESSORI HARDWARE;S;;2007-02-20 00:00:00;2022-02-22 00:00:00
W020106019080;STRUMENTAZIONE VARIA PER IL MONITORAGGIO DEL DIABETE - ACCESSORI HARDWARE;S;;2022-02-23 00:00:00;
W020106019082;STRUMENTAZIONE VARIA PER IL MONITORAGGIO DEL DIABETE - COMPONENTI ACCESSORI SOFTWARE;S;;2007-02-20 00:00:00;2022-02-22 00:00:00
W020106019082;STRUMENTAZIONE VARIA PER IL MONITORAGGIO DEL DIABETE - ACCESSORI SOFTWARE;S;;2022-02-23 00:00:00;
W020106019085;STRUMENTAZIONE VARIA PER IL MONITORAGGIO DEL DIABETE - MATERIALI SPECIFICI;S;;2007-02-20 00:00:00;
W020106019092;STRUMENTAZIONE VARIA PER IL MONITORAGGIO DEL DIABETE -  DISPOSITIVI MEDICI SOFTWARE IVD;S;;2022-02-23 00:00:00;
W020106019099;STRUMENTAZIONE VARIA PER IL MONITORAGGIO DEL DIABETE NON ALTRIMENTI CLASSIFICATA;S;;2007-02-20 00:00:00;2022-02-22 00:00:00
W020106019099;STRUMENTAZIONE VARIA PER IL MONITORAGGIO DEL DIABETE - ALTRA;S;;2022-02-23 00:00:00;
W02010690;"STRUMENTAZIONE VARIA CHIMICA CLINICA / IMMUNOCHIMICA TEST RAPIDI (""POINT OF CARE"" E/O URGENZA) ";N;;2007-02-20 00:00:00;
W0201069001;ANALIZZATORI MARCATORI CARDIACI;S;APC;2007-02-20 00:00:00;
W0201069002;EMOGASANALIZZATORI PORTATILI;S;EGP;2007-02-20 00:00:00;
W0201069003;ANALIZZATORI ALCOOL;S;AAL;2007-02-20 00:00:00;
W0201069004;BILIRUBINOMETRI;S;BIM;2007-02-20 00:00:00;
W0201069005;EMOSSIMETRI;S;EOM;2007-02-20 00:00:00;
W0201069080;STRUMENTAZIONE VARIA PER CHIMICA CLINICA / IMMUNOCHIMICA TEST RAPIDI - COMPONENTI ACCESSORI HARDWARE;S;;2007-02-20 00:00:00;2022-02-22 00:00:00
W0201069080;STRUMENTAZIONE VARIA PER CHIMICA CLINICA / IMMUNOCHIMICA TEST RAPIDI - ACCESSORI HARDWARE;S;;2022-02-23 00:00:00;
W0201069082;STRUMENTAZIONE VARIA PER CHIMICA CLINICA / IMMUNOCHIMICA TEST RAPIDI - COMPONENTI ACCESSORI SOFTWARE;S;;2007-02-20 00:00:00;2022-02-22 00:00:00
W0201069082;STRUMENTAZIONE VARIA PER CHIMICA CLINICA / IMMUNOCHIMICA TEST RAPIDI - ACCESSORI SOFTWARE;S;;2022-02-23 00:00:00;
W0201069085;STRUMENTAZIONE VARIA PER CHIMICA CLINICA / IMMUNOCHIMICA TEST RAPIDI - MATERIALI SPECIFICI;S;;2007-02-20 00:00:00;
W0201069092;STRUMENTAZIONE VARIA PER CHIMICA CLINICA / IMMUNOCHIMICA TEST RAPIDI -  DISPOSITIVI MEDICI SOFTWARE IVD;S;;2022-02-23 00:00:00;
W0201069099;STRUMENTAZIONE VARIA PER CHIMICA CLINICA / IMMUNOCHIMICA TEST RAPIDI NON ALTRIMENTI CLASSIFICATA;S;;2007-02-20 00:00:00;2022-02-22 00:00:00
W0201069099;STRUMENTAZIONE VARIA PER CHIMICA CLINICA / IMMUNOCHIMICA TEST RAPIDI - ALTRA;S;;2022-02-23 00:00:00;
W02010699;STRUMENTAZIONE PER CHIMICA CLINICA/IMMUNOCHIMICA NON ALTRIMENTI CLASSIFICATA;S;;2007-02-20 00:00:00;2016-11-15 00:00:00
W020107;ANALIZZATORI DA LABORATORIO PER URINE;N;;2022-02-23 00:00:00;
W02010701;ANALIZZATORI DA LABORATORIO PER URINE-  STRUMENTAZIONE;S;;2022-02-23 00:00:00;
W02010780;ANALIZZATORI DA LABORATORIO PER URINE - ACCESSORI HARDWARE;S;;2022-02-23 00:00:00;
W02010782;ANALIZZATORI DA LABORATORIO PER URINE - ACCESSORI SOFTWARE;S;;2022-02-23 00:00:00;
W02010785;ANALIZZATORI DA LABORATORIO PER URINE- COMPONENTI ACCESSORI CONSUMABILI;S;;2022-02-23 00:00:00;
W02010792;ANALIZZATORI DA LABORATORIO PER URINE - DISPOSITIVI MEDICI SOFTWARE IVD;S;;2022-02-23 00:00:00;
W0202;STRUMENTAZIONE PER EMATOLOGIA / ISTOLOGIA / CITOLOGIA;N;;2007-02-20 00:00:00;2016-11-14 00:00:00
W0202;STRUMENTAZIONE PER EMATOLOGIA / EMOSTASI / IMMUNOEMATOLOGIA / ISTOLOGIA / CITOLOGIA;N;;2016-11-15 00:00:00;
W020201;CONTA CELLULARE;N;;2007-02-20 00:00:00;
W02020101;CONTAGLOBULI AUTOMATICI DIFFERENZIALI A 5 POPOLAZIONI;N;CGD;2007-02-20 00:00:00;
W0202010101;CONTAGLOBULI AUTOMATICI DIFFERENZIALI - PER PICCOLA ROUTINE (PotenzialitÃ  operativa <=100 campioni/h);S;CGD01;2007-02-20 00:00:00;
W0202010102;CONTAGLOBULI AUTOMATICI DIFFERENZIALI - PER MEDIA ROUTINE (PotenzialitÃ  operativa >100 e <=120 campioni/h);S;CGD02;2007-02-20 00:00:00;
W0202010103;CONTAGLOBULI AUTOMATICI DIFFERENZIALI - PER GRANDE ROUTINE (PotenzialitÃ  operativa >120 campioni/h);S;CGD03;2007-02-20 00:00:00;
W0202010180;CONTAGLOBULI AUTOMATICI DIFFERENZIALI - COMPONENTI ACCESSORI HARDWARE;S;;2007-02-20 00:00:00;2022-02-22 00:00:00
W0202010180;CONTAGLOBULI AUTOMATICI DIFFERENZIALI - ACCESSORI HARDWARE;S;;2022-02-23 00:00:00;
W0202010182;CONTAGLOBULI AUTOMATICI DIFFERENZIALI - COMPONENTI ACCESSORI SOFTWARE;S;;2007-02-20 00:00:00;2022-02-22 00:00:00
W0202010182;CONTAGLOBULI AUTOMATICI DIFFERENZIALI - ACCESSORI SOFTWARE;S;;2022-02-23 00:00:00;
W0202010185;CONTAGLOBULI AUTOMATICI DIFFERENZIALI - MATERIALI SPECIFICI;S;;2007-02-20 00:00:00;
W0202010192;CONTAGLOBULI AUTOMATICI DIFFERENZIALI -  DISPOSITIVI MEDICI SOFTWARE IVD;S;;2022-02-23 00:00:00;
W02020102;ANALIZZATORI A PANNELLI LIMITATI SPECIALISTICI PER CONTA CELLULARE;N;;2007-02-20 00:00:00;
W0202010201;CONTAGLOBULI AUTOMATICI A 3 POPOLAZIONI;S;CGA;2007-02-20 00:00:00;
W0202010202;CONTAGLOBULI SEMIAUTOMATICI;S;CGS;2007-02-20 00:00:00;
W0202010280;ANALIZZATORI A PANNELLI LIMITATI SPECIALISTICI PER CONTA CELLULARE - COMPONENTI ACCESSORI HARDWARE;S;;2007-02-20 00:00:00;2022-02-22 00:00:00
W0202010280;ANALIZZATORI A PANNELLI LIMITATI SPECIALISTICI PER CONTA CELLULARE - ACCESSORI HARDWARE;S;;2022-02-23 00:00:00;
W0202010282;ANALIZZATORI A PANNELLI LIMITATI SPECIALISTICI PER CONTA CELLULARE - COMPONENTI ACCESSORI SOFTWARE;S;;2007-02-20 00:00:00;2022-02-22 00:00:00
W0202010282;ANALIZZATORI A PANNELLI LIMITATI SPECIALISTICI PER CONTA CELLULARE - ACCESSORI SOFTWARE;S;;2022-02-23 00:00:00;
W0202010285;ANALIZZATORI A PANNELLI LIMITATI SPECIALISTICI PER CONTA CELLULARE - MATERIALI SPECIFICI;S;;2007-02-20 00:00:00;
W0202010292;ANALIZZATORI A PANNELLI LIMITATI SPECIALISTICI PER CONTA CELLULARE -  DISPOSITIVI MEDICI SOFTWARE IVD;S;;2022-02-23 00:00:00;
W0202010299;ANALIZZATORI A PANNELLI LIMITATI SPECIALISTICI PER CONTA CELLULARE - ALTRI;S;;2007-02-20 00:00:00;
W02020199;STRUMENTAZIONE PER CONTA CELLULARE NON ALTRIMENTI CLASSIFICATA;S;;2007-02-20 00:00:00;2022-02-22 00:00:00
W02020199;STRUMENTAZIONE PER CONTA CELLULARE - ALTRA;S;;2022-02-23 00:00:00;
W020202;EMOSTASI;N;;2007-02-20 00:00:00;
W02020201;COAGULOMETRI;N;COM;2007-02-20 00:00:00;
W0202020101;COAGULOMETRI - SEMIAUTOMATICI;S;COM01;2007-02-20 00:00:00;
W0202020102;COAGULOMETRI - AUTOMATICI;S;COM02;2007-02-20 00:00:00;
W0202020180;COAGULOMETRI - COMPONENTI ACCESSORI HARDWARE;S;;2007-02-20 00:00:00;2022-02-22 00:00:00
W0202020180;COAGULOMETRI - ACCESSORI HARDWARE;S;;2022-02-23 00:00:00;
W0202020182;COAGULOMETRI - COMPONENTI ACCESSORI SOFTWARE;S;;2007-02-20 00:00:00;2022-02-22 00:00:00
W0202020182;COAGULOMETRI - ACCESSORI SOFTWARE;S;;2022-02-23 00:00:00;
W0202020185;COAGULOMETRI - MATERIALI SPECIFICI;S;;2007-02-20 00:00:00;
W0202020192;COAGULOMETRI -  DISPOSITIVI MEDICI SOFTWARE IVD;S;;2022-02-23 00:00:00;
W02020290;STRUMENTAZIONE VARIA PER EMOSTASI;N;;2007-02-20 00:00:00;
W0202029001;TROMBOELASTOGRAFI;S;TEG;2007-02-20 00:00:00;
W0202029080;STRUMENTAZIONE VARIA PER EMOSTASI - COMPONENTI ACCESSORI HARDWARE;S;;2007-02-20 00:00:00;2022-02-22 00:00:00
W0202029080;STRUMENTAZIONE VARIA PER EMOSTASI - ACCESSORI HARDWARE;S;;2022-02-23 00:00:00;
W0202029082;STRUMENTAZIONE VARIA PER EMOSTASI - COMPONENTI ACCESSORI SOFTWARE;S;;2007-02-20 00:00:00;2022-02-22 00:00:00
W0202029082;STRUMENTAZIONE VARIA PER EMOSTASI - ACCESSORI SOFTWARE;S;;2022-02-23 00:00:00;
W0202029085;STRUMENTAZIONE VARIA PER EMOSTASI - MATERIALI SPECIFICI;S;;2007-02-20 00:00:00;
W0202029092;STRUMENTAZIONE VARIA PER EMOSTASI -  DISPOSITIVI MEDICI SOFTWARE IVD;S;;2022-02-23 00:00:00;
W0202029099;STRUMENTAZIONE VARIA PER EMOSTASI NON ALTRIMENTI CLASSIFICATA;S;;2007-02-20 00:00:00;2022-02-22 00:00:00
W0202029099;STRUMENTAZIONE VARIA PER EMOSTASI - ALTRA;S;;2022-02-23 00:00:00;
W020203;STRUMENTAZIONE PER LA DETERMINAZIONE DEL GRUPPO SANGUIGNO;N;;2007-02-20 00:00:00;
W02020301;ANALIZZATORI GRUPPO SANGUIGNO;N;AGR;2007-02-20 00:00:00;
W0202030101;ANALIZZATORI GRUPPO SANGUIGNO - MANUALE O SEMIAUTOMATICO;S;AGR01;2007-02-20 00:00:00;
W0202030102;ANALIZZATORI GRUPPO SANGUIGNO - AUTOMATICO;S;AGR02;2007-02-20 00:00:00;
W0202030180;ANALIZZATORI GRUPPO SANGUIGNO - COMPONENTI ACCESSORI HARDWARE;S;;2007-02-20 00:00:00;2022-02-22 00:00:00
W0202030180;ANALIZZATORI GRUPPO SANGUIGNO - ACCESSORI HARDWARE;S;;2022-02-23 00:00:00;
W0202030182;ANALIZZATORI GRUPPO SANGUIGNO - COMPONENTI ACCESSORI SOFTWARE;S;;2007-02-20 00:00:00;2022-02-22 00:00:00
W0202030182;ANALIZZATORI GRUPPO SANGUIGNO - ACCESSORI SOFTWARE;S;;2022-02-23 00:00:00;
W0202030185;ANALIZZATORI GRUPPO SANGUIGNO - MATERIALI SPECIFICI;S;;2007-02-20 00:00:00;
W0202030192;ANALIZZATORI GRUPPO SANGUIGNO -  DISPOSITIVI MEDICI SOFTWARE IVD;S;;2022-02-23 00:00:00;
W02020302;ANALIZZATORI A PANNELLI LIMITATI SPECIALISTICI PER LA DETERMINAZIONE DEL GRUPPO SANGUIGNO;N;;2007-02-20 00:00:00;
W0202030201;LETTORI PER IMMUNOEMATOLOGIA;S;LAG;2007-02-20 00:00:00;
W0202030202;TRANSILLUMINATORI;S;TIL;2007-02-20 00:00:00;
W0202030203;ANALIZZATORI A PANNELLI LIMITATI SPECIALISTICI PER GRUPPAGGIO SANGUIGNO - ALTRI;S;;2007-02-20 00:00:00;
W0202030280;ANALIZZATORI A PANNELLI LIMITATI SPECIALISTICI PER GRUPPAGGIO SANGUIGNO - COMPONENTI ACCESSORI HARDWARE;S;;2007-02-20 00:00:00;2022-02-22 00:00:00
W0202030280;ANALIZZATORI A PANNELLI LIMITATI SPECIALISTICI PER GRUPPAGGIO SANGUIGNO - ACCESSORI HARDWARE;S;;2022-02-23 00:00:00;
W0202030282;ANALIZZATORI A PANNELLI LIMITATI SPECIALISTICI PER GRUPPAGGIO SANGUIGNO - COMPONENTI ACCESSORI SOFTWARE;S;;2007-02-20 00:00:00;2022-02-22 00:00:00
W0202030282;ANALIZZATORI A PANNELLI LIMITATI SPECIALISTICI PER GRUPPAGGIO SANGUIGNO - ACCESSORI SOFTWARE;S;;2022-02-23 00:00:00;
W0202030285;ANALIZZATORI A PANNELLI LIMITATI SPECIALISTICI PER GRUPPAGGIO SANGUIGNO - MATERIALI SPECIFICI;S;;2007-02-20 00:00:00;
W0202030292;ANALIZZATORI A PANNELLI LIMITATI SPECIALISTICI PER GRUPPAGGIO SANGUIGNO -  DISPOSITIVI MEDICI SOFTWARE IVD;S;;2022-02-23 00:00:00;
W02020399;STRUMENTAZIONE PER LA DETERMINAZIONE DEL GRUPPO SANGUIGNO NON ALTRIMENTI CLASSIFICATA;S;;2007-02-20 00:00:00;2022-02-22 00:00:00
W02020399;STRUMENTAZIONE PER LA DETERMINAZIONE DEL GRUPPO SANGUIGNO - ALTRA;S;;2022-02-23 00:00:00;
W020204;CITOMETRIA A FLUSSO;N;;2007-02-20 00:00:00;
W02020401;CITOFLUORIMETRI;N;CFM;2007-02-20 00:00:00;
W0202040101;CITOFLUORIMETRI - PER PICCOLA ROUTINE;S;CFM01;2007-02-20 00:00:00;
W0202040102;CITOFLUORIMETRI - PER MEDIA ROUTINE;S;CFM02;2007-02-20 00:00:00;
W0202040103;CITOFLUORIMETRI - PER GRANDE ROUTINE;S;CFM03;2007-02-20 00:00:00;
W0202040180;CITOFLUORIMETRI - COMPONENTI ACCESSORI HARDWARE;S;;2007-02-20 00:00:00;2022-02-22 00:00:00
W0202040180;CITOFLUORIMETRI - ACCESSORI HARDWARE;S;;2022-02-23 00:00:00;
W0202040182;CITOFLUORIMETRI - COMPONENTI ACCESSORI SOFTWARE;S;;2007-02-20 00:00:00;2022-02-22 00:00:00
W0202040182;CITOFLUORIMETRI - ACCESSORI SOFTWARE;S;;2022-02-23 00:00:00;
W0202040185;CITOFLUORIMETRI - MATERIALI SPECIFICI;S;;2007-02-20 00:00:00;
W0202040192;CITOFLUORIMETRI -  DISPOSITIVI MEDICI SOFTWARE IVD;S;;2022-02-23 00:00:00;
W02020499;STRUMENTAZIONE PER CITOMETRIA A FLUSSO NON ALTRIMENTI CLASSIFICATA;S;;2007-02-20 00:00:00;2022-02-22 00:00:00
W02020499;STRUMENTAZIONE PER CITOMETRIA A FLUSSO - ALTRA;S;;2022-02-23 00:00:00;
W020205;ISTOLOGIA / CITOLOGIA;N;;2007-02-20 00:00:00;
W02020501;ANALIZZATORI CAMPIONI ISTOLOGICI;S;ANC;2007-02-20 00:00:00;
W02020502;SISTEMI PER SCREENING CERVICALE (PAP TEST);S;SCG;2007-02-20 00:00:00;
W02020503;STRUMENTAZIONE PER INDAGINI MICROSCOPICHE DI LABORATORIO;N;;2007-02-20 00:00:00;
W0202050301;MICROSCOPI ELETTRONICI;S;MEL;2007-02-20 00:00:00;
W0202050302;MICROSCOPI A SCANSIONE LASER;S;MIR;2007-02-20 00:00:00;
W0202050303;MICROSCOPI OTTICI DA LABORATORIO;S;MOL;2007-02-20 00:00:00;
W0202050304;MICROSCOPI DIGITALI DA LABORATORIO;S;MCB;2007-02-20 00:00:00;
W0202050380;STRUMENTAZIONE PER INDAGINI MICROSCOPICHE DI LABORATORIO - COMPONENTI ACCESSORI HARDWARE;S;;2007-02-20 00:00:00;2022-02-22 00:00:00
W0202050380;STRUMENTAZIONE PER INDAGINI MICROSCOPICHE DI LABORATORIO - ACCESSORI HARDWARE;S;;2022-02-23 00:00:00;
W0202050382;STRUMENTAZIONE PER INDAGINI MICROSCOPICHE DI LABORATORIO - COMPONENTI ACCESSORI SOFTWARE;S;;2007-02-20 00:00:00;2022-02-22 00:00:00
W0202050382;STRUMENTAZIONE PER INDAGINI MICROSCOPICHE DI LABORATORIO - ACCESSORI SOFTWARE;S;;2022-02-23 00:00:00;
W0202050385;STRUMENTAZIONE PER INDAGINI MICROSCOPICHE DI LABORATORIO - MATERIALI SPECIFICI;S;;2007-02-20 00:00:00;
W0202050392;STRUMENTAZIONE PER INDAGINI MICROSCOPICHE DI LABORATORIO -  DISPOSITIVI MEDICI SOFTWARE IVD;S;;2022-02-23 00:00:00;
W02020590;STRUMENTAZIONE VARIA PER PROCESSAZIONE IN ISTOLOGIA / CITOLOGIA;N;;2007-02-20 00:00:00;
W0202059001;PROCESSATORI PER IMMUNOISTOCHIMICA;S;PCU;2007-02-20 00:00:00;
W0202059002;COLORATORI AUTOMATICI DI VETRINI ISTOLOGICI;S;CAT;2007-02-20 00:00:00;
W0202059003;MICROTOMI CRIOSTATI;S;CRI;2007-02-20 00:00:00;
W0202059004;INCLUSORI AUTOMATICI DI TESSUTI IN DI PARAFFINA;S;IAP;2007-02-20 00:00:00;
W0202059005;MICROTOMI;S;MCT;2007-02-20 00:00:00;
W0202059006;SISTEMI PER MICRODISSEZIONE CELLULARE;S;MLL;2007-02-20 00:00:00;
W0202059007;MICROMANIPOLATORI;S;MMN;2007-02-20 00:00:00;
W0202059008;MONTA-VETRINI AUTOMATICI;S;MVA;2007-02-20 00:00:00;
W0202059009;CONTENITORI DI PARAFFINA;S;CPA;2007-02-20 00:00:00;
W0202059010;PROCESSATORI DI TESSUTI;S;PAT;2007-02-20 00:00:00;
W0202059011;PREPARATORI DEI CAMPIONI PER L'ANALISI CROMOSOMICA;S;PCM;2007-02-20 00:00:00;
W0202059012;PIASTRE RAFFREDDANTI PER PARAFFINA;S;PRP;2007-02-20 00:00:00;
W0202059013;PINZE RISCALDATE;S;PAM;2007-02-20 00:00:00;
W0202059014;RICICLATORI DI SOLVENTI;S;RSL;2007-02-20 00:00:00;
W0202059015;STAZIONI DI TAGLIO PER CAMPIONI ISTOLOGICI;S;SGL;2007-02-20 00:00:00;
W0202059016;SISTEMI PER SPARAFFINATURA;S;SPF;2007-02-20 00:00:00;
W0202059017;STAMPANTI PER VETRINI E/O CASSETTE;S;SVE;2007-02-20 00:00:00;
W0202059080;STRUMENTAZIONE VARIA PER PROCESSAZIONE IN ISTOLOGIA / CITOLOGIA - COMPONENTI ACCESSORI HARDWARE;S;;2007-02-20 00:00:00;2022-02-22 00:00:00
W0202059080;STRUMENTAZIONE VARIA PER PROCESSAZIONE IN ISTOLOGIA / CITOLOGIA - ACCESSORI HARDWARE;S;;2022-02-23 00:00:00;
W0202059082;STRUMENTAZIONE VARIA PER PROCESSAZIONE IN ISTOLOGIA / CITOLOGIA - COMPONENTI ACCESSORI SOFTWARE;S;;2007-02-20 00:00:00;2022-02-22 00:00:00
W0202059082;STRUMENTAZIONE VARIA PER PROCESSAZIONE IN ISTOLOGIA / CITOLOGIA - ACCESSORI SOFTWARE;S;;2022-02-23 00:00:00;
W0202059085;STRUMENTAZIONE VARIA PER PROCESSAZIONE IN ISTOLOGIA / CITOLOGIA - MATERIALI SPECIFICI;S;;2007-02-20 00:00:00;
W0202059092;STRUMENTAZIONE VARIA PER PROCESSAZIONE IN ISTOLOGIA / CITOLOGIA -  DISPOSITIVI MEDICI SOFTWARE IVD;S;;2022-02-23 00:00:00;
W0202059099;STRUMENTAZIONE VARIA PER PROCESSAZIONE IN ISTOLOGIA / CITOLOGIA NON ALTRIMENTI CLASSIFICATA;S;;2007-02-20 00:00:00;2022-02-22 00:00:00
W0202059099;STRUMENTAZIONE VARIA PER PROCESSAZIONE IN ISTOLOGIA / CITOLOGIA - ALTRA;S;;2022-02-23 00:00:00;
W020206;STRUMENTAZIONE PER EMATOLOGIA / ISTOLOGIA / CITOLOGIA TEST RAPIDI;N;;2011-08-30 00:00:00;2016-11-14 00:00:00
W020206;STRUMENTAZIONE PER EMATOLOGIA / EMOSTASI / IMMUNOEMATOLOGIA / ISTOLOGIA / CITOLOGIA TEST RAPIDI;N;;2016-11-15 00:00:00;
W02020601;STRUMENTAZIONE PER CONTA CELLULARE TEST RAPIDI;S;;2011-08-30 00:00:00;
W02020602;STRUMENTAZIONE PER EMOSTASI TEST RAPIDI;S;;2011-08-30 00:00:00;
W02020680;STRUMENTAZIONE PER EMATOLOGIA / ISTOLOGIA / CITOLOGIA TEST RAPIDI - COMPONENTI ACCESSORI HARDWARE;S;;2011-08-30 00:00:00;2016-11-14 00:00:00
W02020680;STRUMENTAZIONE PER EMATOLOGIA / EMOSTASI / IMMUNOEMATOLOGIA / ISTOLOGIA / CITOLOGIA TEST RAPIDI - COMPONENTI ACCESSORI HARDWARE;S;;2016-11-15 00:00:00;2022-02-22 00:00:00
W02020680;STRUMENTAZIONE PER EMATOLOGIA / EMOSTASI / IMMUNOEMATOLOGIA / ISTOLOGIA / CITOLOGIA TEST RAPIDI - ACCESSORI HARDWARE;S;;2022-02-23 00:00:00;
W02020682;STRUMENTAZIONE PER EMATOLOGIA / ISTOLOGIA / CITOLOGIA TEST RAPIDI - COMPONENTI ACCESSORI SOFTWARE;S;;2011-08-30 00:00:00;2016-11-14 00:00:00
W02020682;STRUMENTAZIONE PER EMATOLOGIA / EMOSTASI / IMMUNOEMATOLOGIA / ISTOLOGIA / CITOLOGIA TEST RAPIDI - COMPONENTI ACCESSORI SOFTWARE;S;;2016-11-15 00:00:00;2022-02-22 00:00:00
W02020682;STRUMENTAZIONE PER EMATOLOGIA / EMOSTASI / IMMUNOEMATOLOGIA / ISTOLOGIA / CITOLOGIA TEST RAPIDI - ACCESSORI SOFTWARE;S;;2022-02-23 00:00:00;
W02020685;STRUMENTAZIONE PER EMATOLOGIA / ISTOLOGIA / CITOLOGIA TEST RAPIDI - MATERIALI SPECIFICI;S;;2011-08-30 00:00:00;2016-11-14 00:00:00
W02020685;STRUMENTAZIONE PER EMATOLOGIA / EMOSTASI / IMMUNOEMATOLOGIA / ISTOLOGIA / CITOLOGIA TEST RAPIDI - MATERIALI SPECIFICI;S;;2016-11-15 00:00:00;
W02020692;STRUMENTAZIONE PER EMATOLOGIA / EMOSTASI / IMMUNOEMATOLOGIA / ISTOLOGIA / CITOLOGIA TEST RAPIDI -  DISPOSITIVI MEDICI SOFTWARE IVD;S;;2022-02-23 00:00:00;
W02020699;STRUMENTAZIONE PER EMATOLOGIA / ISTOLOGIA / CITOLOGIA TEST RAPIDI NON ALTRIMENTI CLASSIFICATA;S;;2011-08-30 00:00:00;2016-11-14 00:00:00
W02020699;STRUMENTAZIONE PER EMATOLOGIA / EMOSTASI / IMMUNOEMATOLOGIA / ISTOLOGIA / CITOLOGIA TEST RAPIDI NON ALTRIMENTI CLASSIFICATA;S;;2016-11-15 00:00:00;2022-02-22 00:00:00
W02020699;STRUMENTAZIONE PER EMATOLOGIA / EMOSTASI / IMMUNOEMATOLOGIA / ISTOLOGIA / CITOLOGIA TEST RAPIDI - ALTRA;S;;2022-02-23 00:00:00;
W020290;STRUMENTAZIONE VARIA PER EMATOLOGIA / ISTOLOGIA / CITOLOGIA;N;;2007-02-20 00:00:00;2016-11-14 00:00:00
W020290;STRUMENTAZIONE VARIA PER EMATOLOGIA / EMOSTASI / IMMUNOEMATOLOGIA / ISTOLOGIA / CITOLOGIA;N;;2016-11-15 00:00:00;
W02029001;APPARECCHIATURE PER VELOCITA` DI ERITRO-SEDIMENTAZIONE;S;VES;2007-02-20 00:00:00;
W02029002;APPARECCHIATURE PER IL TRATTAMENTO FOTODINAMICO DEL SANGUE;S;AHD;2007-02-20 00:00:00;
W02029003;ESTRATTORI AUTOMATICI DI EMOCOMPONENTI;S;EAE;2007-02-20 00:00:00;
W02029004;FRIGOEMOTECHE;S;FRE;2007-02-20 00:00:00;2008-06-30 00:00:00
W02029005;PREPARATORI PER CITOFLUORIMETRIA;S;PAF;2007-02-20 00:00:00;
W02029006;SEPARATORI CELLULARE;S;SCE;2007-02-20 00:00:00;
W02029007;APPARECCHIATURE PER SEPARAZIONE CELLULARE IMMUNOMAGNETICA;S;SGT;2007-02-20 00:00:00;
W02029008;SALDATORI DI TUBI;S;SDD;2007-02-20 00:00:00;
W02029009;SPREMISACCHE;S;SPS;2007-02-20 00:00:00;
W02029010;SALDATORI DI SACCHE;S;SSH;2007-02-20 00:00:00;
W02029080;STRUMENTAZIONE VARIA PER EMATOLOGIA / ISTOLOGIA / CITOLOGIA - COMPONENTI ACCESSORI HARDWARE;S;;2007-02-20 00:00:00;2016-11-14 00:00:00
W02029080;STRUMENTAZIONE VARIA PER EMATOLOGIA / EMOSTASI / IMMUNOEMATOLOGIA / ISTOLOGIA / CITOLOGIA - COMPONENTI ACCESSORI HARDWARE;S;;2016-11-15 00:00:00;2022-02-22 00:00:00
W02029080;STRUMENTAZIONE VARIA PER EMATOLOGIA / EMOSTASI / IMMUNOEMATOLOGIA / ISTOLOGIA / CITOLOGIA - ACCESSORI HARDWARE;S;;2022-02-23 00:00:00;
W02029082;STRUMENTAZIONE VARIA PER EMATOLOGIA / ISTOLOGIA / CITOLOGIA - COMPONENTI ACCESSORI SOFTWARE;S;;2007-02-20 00:00:00;2016-11-14 00:00:00
W02029082;STRUMENTAZIONE VARIA PER EMATOLOGIA / EMOSTASI / IMMUNOEMATOLOGIA / ISTOLOGIA / CITOLOGIA - COMPONENTI ACCESSORI SOFTWARE;S;;2016-11-15 00:00:00;2022-02-22 00:00:00
W02029082;STRUMENTAZIONE VARIA PER EMATOLOGIA / EMOSTASI / IMMUNOEMATOLOGIA / ISTOLOGIA / CITOLOGIA - ACCESSORI SOFTWARE;S;;2022-02-23 00:00:00;
W02029085;STRUMENTAZIONE VARIA PER EMATOLOGIA / ISTOLOGIA / CITOLOGIA - MATERIALI SPECIFICI;S;;2007-02-20 00:00:00;2016-11-14 00:00:00
W02029085;STRUMENTAZIONE VARIA PER EMATOLOGIA / EMOSTASI / IMMUNOEMATOLOGIA / ISTOLOGIA / CITOLOGIA - MATERIALI SPECIFICI;S;;2016-11-15 00:00:00;
W02029092;STRUMENTAZIONE VARIA PER EMATOLOGIA / EMOSTASI / IMMUNOEMATOLOGIA / ISTOLOGIA / CITOLOGIA -  DISPOSITIVI MEDICI SOFTWARE IVD;S;;2022-02-23 00:00:00;
W02029099;STRUMENTAZIONE VARIA PER EMATOLOGIA / ISTOLOGIA / CITOLOGIA NON ALTRIMENTI CLASSIFICATA;S;;2007-02-20 00:00:00;2016-11-14 00:00:00
W02029099;STRUMENTAZIONE VARIA PER EMATOLOGIA / EMOSTASI / IMMUNOEMATOLOGIA / ISTOLOGIA / CITOLOGIA NON ALTRIMENTI CLASSIFICATA;S;;2016-11-15 00:00:00;2022-02-22 00:00:00
W02029099;STRUMENTAZIONE VARIA PER EMATOLOGIA / EMOSTASI / IMMUNOEMATOLOGIA / ISTOLOGIA / CITOLOGIA - ALTRA;S;;2022-02-23 00:00:00;
W0203;STRUMENTAZIONE PER MICROBIOLOGIA (COLTURE);N;;2007-02-20 00:00:00;
W020301;MICROBIOLOGIA SUSCETTIBILITA' / IDENTIFICAZIONE;N;;2007-02-20 00:00:00;
W02030101;APPARECCHIATURE PER ANTIBIOGRAMMA ED IDENTIFICAZIONE MICROBICA;N;ASN;2007-02-20 00:00:00;
W0203010180;APPARECCHIATURE PER ANTIBIOGRAMMA ED IDENTIFICAZIONE MICROBICA - COMPONENTI ACCESSORI HARDWARE;S;;2007-02-20 00:00:00;2022-02-22 00:00:00
W0203010180;APPARECCHIATURE PER ANTIBIOGRAMMA ED IDENTIFICAZIONE MICROBICA - ACCESSORI HARDWARE;S;;2022-02-23 00:00:00;
W0203010182;APPARECCHIATURE PER ANTIBIOGRAMMA ED IDENTIFICAZIONE MICROBICA - COMPONENTI ACCESSORI SOFTWARE;S;;2007-02-20 00:00:00;2022-02-22 00:00:00
W0203010182;APPARECCHIATURE PER ANTIBIOGRAMMA ED IDENTIFICAZIONE MICROBICA - ACCESSORI SOFTWARE;S;;2022-02-23 00:00:00;
W0203010185;APPARECCHIATURE PER ANTIBIOGRAMMA ED IDENTIFICAZIONE MICROBICA - MATERIALI SPECIFICI;S;;2007-02-20 00:00:00;
W0203010192;APPARECCHIATURE PER ANTIBIOGRAMMA ED IDENTIFICAZIONE MICROBICA -  DISPOSITIVI MEDICI SOFTWARE IVD;S;;2022-02-23 00:00:00;
W02030199;STRUMENTAZIONE PER MICROBIOLOGIA SUSCETTIBILITA' / IDENTIFICAZIONE NON ALTRIMENTI CLASSIFICATA;S;;2007-02-20 00:00:00;2022-02-22 00:00:00
W02030199;STRUMENTAZIONE PER MICROBIOLOGIA SUSCETTIBILITA' / IDENTIFICAZIONE - ALTRA;S;;2022-02-23 00:00:00;
W020302;EMOCOLTURE E MICOBATTERI;N;;2007-02-20 00:00:00;
W02030201;ANALIZZATORI AUTOMATICI EMOCOLTURE;S;AAE;2007-02-20 00:00:00;
W02030299;STRUMENTAZIONE PER EMOCOLTURE E MICOBATTERI NON ALTRIMENTI CLASSIFICATA;S;;2007-02-20 00:00:00;2022-02-22 00:00:00
W02030299;STRUMENTAZIONE PER EMOCOLTURE E MICOBATTERI - ALTRA;S;;2022-02-23 00:00:00;
W020303;SISTEMI PER SPETTROMETRIA DI MASSA;S;;2016-11-15 00:00:00;
W020304;STRUMENTAZIONE PER COLORAZIONE DI GRAM;S;;2016-11-15 00:00:00;
W020305;STRUMENTAZIONE PER LO STREAKING DI PIASTRE;S;;2016-11-15 00:00:00;
W020306;SISTEMI DI SCREENING DELLE URINE;S;;2016-11-15 00:00:00;
W020390;STRUMENTAZIONE VARIA PER MICROBIOLOGIA;N;;2007-02-20 00:00:00;
W02039001;CONTATORI DI COLONIE;S;CCO;2007-02-20 00:00:00;
W02039002;INCUBATORI AD ANIDRIDE CARBONICA;S;IAC;2007-02-20 00:00:00;
W02039003;PREPARATORI AUTOMATICI PIASTRE;S;PAP;2007-02-20 00:00:00;
W02039004;PREPARATORI AUTOMATICI DI VETRINI;S;PAV;2007-02-20 00:00:00;
W02039005;PREPARATORI DI TERRENI;S;PTT;2007-02-20 00:00:00;
W02039006;AMPLIFICATORI DI SEQUENZE NUCLEOTIDICHE;S;SNA;2007-02-20 00:00:00;
W02039080;STRUMENTAZIONE VARIA PER MICROBIOLOGIA - COMPONENTI ACCESSORI HARDWARE;S;;2007-02-20 00:00:00;2022-02-22 00:00:00
W02039080;STRUMENTAZIONE VARIA PER MICROBIOLOGIA - ACCESSORI HARDWARE;S;;2022-02-23 00:00:00;
W02039082;STRUMENTAZIONE VARIA PER MICROBIOLOGIA - COMPONENTI ACCESSORI SOFTWARE;S;;2007-02-20 00:00:00;2022-02-22 00:00:00
W02039082;STRUMENTAZIONE VARIA PER MICROBIOLOGIA - ACCESSORI SOFTWARE;S;;2022-02-23 00:00:00;
W02039085;STRUMENTAZIONE VARIA PER MICROBIOLOGIA - MATERIALI SPECIFICI;S;;2007-02-20 00:00:00;
W02039092;STRUMENTAZIONE VARIA PER MICROBIOLOGIA -  DISPOSITIVI MEDICI SOFTWARE IVD;S;;2022-02-23 00:00:00;
W02039099;STRUMENTAZIONE VARIA PER MICROBIOLOGIA NON ALTRIMENTI CLASSIFICATA;S;;2007-02-20 00:00:00;2022-02-22 00:00:00
W02039099;STRUMENTAZIONE VARIA PER MICROBIOLOGIA - ALTRA;S;;2022-02-23 00:00:00;
W0204;STRUMENTAZIONE PER IMMUNOLOGIA INFETTIVA;S;;2007-02-20 00:00:00;
W0205;STRUMENTAZIONE PER ANALISI DI ACIDI NUCLEICI;N;;2007-02-20 00:00:00;
W020501;STRUMENTAZIONE PER ANALISI DI ACIDI NUCLEICI TRANNE I MICRO-ARRAYS;N;;2007-02-20 00:00:00;
W02050101;APPARECCHIATURE PER IBRIDAZIONE DI ACIDI NUCLEICI;S;ABD;2007-02-20 00:00:00;
W02050102;BIOREATTORI PER CELLULE EUCARIOTICHE;S;BCE;2007-02-20 00:00:00;
W02050103;APPARECCHIATURE PER BLOTTING;S;BLT;2007-02-20 00:00:00;
W02050104;SISTEMI AUTOMATICI DI ELABORAZIONE DI CARIOTIPI;S;CRP;2007-02-20 00:00:00;
W02050105;APPARECCHIATURE PER ELETTROPORAZIONE;S;EAH;2007-02-20 00:00:00;
W02050106;ESTRATTORI DI ACIDI NUCLEICI;S;EAD;2007-02-20 00:00:00;
W02050107;LETTORI PRODOTTI FINALI AMPLIFICAZIONE;S;LAC;2007-02-20 00:00:00;
W02050108;LETTORI PER SISTEMA GENETICO;S;LAN;2007-02-20 00:00:00;
W02050109;STAZIONI DI LAVAGGIO PER INDAGINI CELLULARI E/O MOLECOLARI;S;LCC;2007-02-20 00:00:00;
W02050110;MICROINIETTORI;S;MCN;2007-02-20 00:00:00;
W02050111;MISURATORI DI RESISTENZA ELETTRICA TRANSEPITELIALE;S;MRT;2007-02-20 00:00:00;
W02050112;SISTEMI PER IL MONITORAGGIO DELL'ESPRESSIONE GENICA;S;SDL;2007-02-20 00:00:00;
W02050113;SINTETIZZATORI DI PEPTIDI;S;SIP;2007-02-20 00:00:00;
W02050114;SCANNER PER BIOLOGIA MOLECOLARE;S;SML;2007-02-20 00:00:00;
W02050115;ANALIZZATORI DI SEQUENZE NUCLEOTIDICHE;S;SNN;2007-02-20 00:00:00;
W02050116;SISTEMI INTEGRATI PER ESTRAZIONE/AMPIFICAZIONE/DETECTION DI ACIDI NUCLEICI;S;;2016-11-15 00:00:00;
W02050180;STRUMENTAZIONE PER ANALISI DI ACIDI NUCLEICI TRANNE I MICRO-ARRAYS - COMPONENTI ACCESSORI HARDWARE;S;;2007-02-20 00:00:00;2022-02-22 00:00:00
W02050180;STRUMENTAZIONE PER ANALISI DI ACIDI NUCLEICI TRANNE I MICRO-ARRAYS - ACCESSORI HARDWARE;S;;2022-02-23 00:00:00;
W02050182;STRUMENTAZIONE PER ANALISI DI ACIDI NUCLEICI TRANNE I MICRO-ARRAYS - COMPONENTI ACCESSORI SOFTWARE;S;;2007-02-20 00:00:00;2022-02-22 00:00:00
W02050182;STRUMENTAZIONE PER ANALISI DI ACIDI NUCLEICI TRANNE I MICRO-ARRAYS - ACCESSORI SOFTWARE;S;;2022-02-23 00:00:00;
W02050185;STRUMENTAZIONE PER ANALISI DI ACIDI NUCLEICI TRANNE I MICRO-ARRAYS - MATERIALI SPECIFICI;S;;2007-02-20 00:00:00;
W02050192;STRUMENTAZIONE PER ANALISI DI ACIDI NUCLEICI TRANNE I MICRO-ARRAYS -  DISPOSITIVI MEDICI SOFTWARE IVD;S;;2022-02-23 00:00:00;
W02050199;STRUMENTAZIONE PER ANALISI DI ACIDI NUCLEICI TRANNE I MICRO-ARRAYS NON ALTRIMENTI CLASSIFICATA;S;;2007-02-20 00:00:00;2022-02-22 00:00:00
W02050199;STRUMENTAZIONE PER ANALISI DI ACIDI NUCLEICI TRANNE I MICRO-ARRAYS - ALTRA;S;;2022-02-23 00:00:00;
W020502;STRUMENTAZIONE PER MICRO-ARRAYS;N;;2007-02-20 00:00:00;
W02050201;ANALIZZATORI DI MICRO-ARRAYS;S;MRY;2007-02-20 00:00:00;
W02050202;PREPARATORI DI MICRO-ARRAYS;S;PAY;2007-02-20 00:00:00;
W02050280;STRUMENTAZIONE PER STRUMENTAZIONE PER MICRO-ARRAYS - COMPONENTI ACCESSORI HARDWARE;S;;2007-02-20 00:00:00;2022-02-22 00:00:00
W02050280;STRUMENTAZIONE PER MICRO-ARRAYS - ACCESSORI HARDWARE;S;;2022-02-23 00:00:00;
W02050282;STRUMENTAZIONE PER STRUMENTAZIONE PER MICRO-ARRAYS - COMPONENTI ACCESSORI SOFTWARE;S;;2007-02-20 00:00:00;2022-02-22 00:00:00
W02050282;STRUMENTAZIONE PER MICRO-ARRAYS - ACCESSORI SOFTWARE;S;;2022-02-23 00:00:00;
W02050285;STRUMENTAZIONE PER STRUMENTAZIONE PER MICRO-ARRAYS - MATERIALI SPECIFICI;S;;2007-02-20 00:00:00;2022-02-22 00:00:00
W02050285;STRUMENTAZIONE PER MICRO-ARRAYS - MATERIALI SPECIFICI;S;;2022-02-23 00:00:00;
W02050292;STRUMENTAZIONE PER MICRO-ARRAYS -  DISPOSITIVI MEDICI SOFTWARE IVD;S;;2022-02-23 00:00:00;
W02050299;STRUMENTAZIONE PER STRUMENTAZIONE PER MICRO-ARRAYS NON ALTRIMENTI CLASSIFICATA;S;;2007-02-20 00:00:00;2022-02-22 00:00:00
W02050299;STRUMENTAZIONE PER MICRO-ARRAYS - ALTRA;S;;2022-02-23 00:00:00;
W020503;"STRUMENTAZIONE PER TEST SULL'ACIDO NUCLEICO - TEST RAPIDI E POINT OF CARE""";N;;2022-02-23 00:00:00;
W02050301;"APPARECCHIATURE PER TEST SULL'ACIDO NUCLEICO - ""TEST RAPIDI E POINT OF CARE""";S;;2022-02-23 00:00:00;
W02050380;"STRUMENTAZIONE PER TEST SULL'ACIDO NUCLEICO - ""TEST RAPIDI E POINT OF CARE"" - ACCESSORI HARDWARE";S;;2022-02-23 00:00:00;
W02050382;"STRUMENTAZIONE PER TEST SULL'ACIDO NUCLEICO - ""TEST RAPIDI E POINT OF CARE"" - ACCESSORI SOFTWARE";S;;2022-02-23 00:00:00;
W02050385;"STRUMENTAZIONE PER TEST SULL'ACIDO NUCLEICO - ""TEST RAPIDI E POINT OF CARE"" - MATERIALI SPECIFICI";S;;2022-02-23 00:00:00;
W02050392;"STRUMENTAZIONE PER TEST SULL'ACIDO NUCLEICO - ""TEST RAPIDI E POINT OF CARE"" - DISPOSITIVI MEDICI SOFTWARE IVD";S;;2022-02-23 00:00:00;
W02050399;"STRUMENTAZIONE PER TEST SULL'ACIDO NUCLEICO - ""TEST RAPIDI E POINT OF CARE"" - ALTRI";S;;2022-02-23 00:00:00;
W0206;SISTEMI PER LA PROCESSAZIONE DEI CAMPIONI (ALIQUOTATORI - SEPARATORI - CENTRIFUGHE - SISTEMI DI DECAPPING);N;;2007-02-20 00:00:00;2022-02-22 00:00:00
W0206;SISTEMI PER LA PROCESSAZIONE DEI CAMPIONI ;N;;2022-02-23 00:00:00;
W020601;SISTEMI ROBOTIZZATI PER LA PROCESSAZIONE DEI CAMPIONI;N;;2007-02-20 00:00:00;
W02060101;SISTEMI AUTOMATICI PER LA GESTIONE DELLA FASE PRE E POST-ANALITICA;S;SCP;2007-02-20 00:00:00;
W02060102;SISTEMI AUTOMATICI PER IL TRASPORTO DEI CAMPIONI;S;SLN;2007-02-20 00:00:00;
W02060180;SISTEMI ROBOTIZZATI PER LA PROCESSAZIONE DEI CAMPIONI - COMPONENTI ACCESSORI HARDWARE;S;;2007-02-20 00:00:00;2022-02-22 00:00:00
W02060180;SISTEMI ROBOTIZZATI PER LA PROCESSAZIONE DEI CAMPIONI - ACCESSORI HARDWARE;S;;2022-02-23 00:00:00;
W02060182;SISTEMI ROBOTIZZATI PER LA PROCESSAZIONE DEI CAMPIONI - COMPONENTI ACCESSORI SOFTWARE;S;;2007-02-20 00:00:00;2022-02-22 00:00:00
W02060182;SISTEMI ROBOTIZZATI PER LA PROCESSAZIONE DEI CAMPIONI - ACCESSORI SOFTWARE;S;;2022-02-23 00:00:00;
W02060185;SISTEMI ROBOTIZZATI PER LA PROCESSAZIONE DEI CAMPIONI - MATERIALI SPECIFICI;S;;2007-02-20 00:00:00;
W02060192;SISTEMI ROBOTIZZATI PER LA PROCESSAZIONE DEI CAMPIONI -  DISPOSITIVI MEDICI SOFTWARE IVD;S;;2022-02-23 00:00:00;
W02060199;SISTEMI ROBOTIZZATI PER LA PROCESSAZIONE DEI CAMPIONI NON ALTRIMENTI CLASSIFICATI;S;;2007-02-20 00:00:00;2022-02-22 00:00:00
W02060199;SISTEMI ROBOTIZZATI PER LA PROCESSAZIONE DEI CAMPIONI - ALTRI;S;;2022-02-23 00:00:00;
W020602;SISTEMI PER ARCHIVIAZIONE DEI CAMPIONI POST ANALISI;N;;2022-02-23 00:00:00;
W02060201;SISTEMI PER ARCHIVIAZIONE DEI CAMPIONI POST ANALISI- STRUMENTAZIONE;S;;2022-02-23 00:00:00;
W02060280;SISTEMI PER ARCHIVIAZIONE DEI CAMPIONI POST ANALISI - ACCESSORI HARDWARE;S;;2022-02-23 00:00:00;
W02060282;SISTEMI PER ARCHIVIAZIONE DEI CAMPIONI POST ANALISI - ACCESSORI SOFTWARE;S;;2022-02-23 00:00:00;
W02060285;SISTEMI PER ARCHIVIAZIONE DEI CAMPIONI POST ANALISI- MATERIALI SPECIFICI;S;;2022-02-23 00:00:00;
W02060292;SISTEMI PER ARCHIVIAZIONE DEI CAMPIONI POST ANALISI-  DISPOSITIVI MEDICI SOFTWARE IVD;S;;2022-02-23 00:00:00;
W02060299;SISTEMI PER ARCHIVIAZIONE DEI CAMPIONI POST ANALISI -ALTRI;S;;2022-02-23 00:00:00;
W020690;STRUMENTAZIONE VARIA PER LA PROCESSAZIONE DEI CAMPIONI;N;;2007-02-20 00:00:00;
W02069001;CAMPIONATORI AUTOMATICI;S;ACM;2007-02-20 00:00:00;
W02069002;APPARECCHIATURE PER APERTURA PROVETTE;S;AEV;2007-02-20 00:00:00;
W02069003;CENTRIFUGHE;S;CEN;2007-02-20 00:00:00;
W02069004;CITOCENTRIFUGHE;S;CIC;2007-02-20 00:00:00;
W02069005;CENTRIFUGHE REFRIGERATE;S;CRE;2007-02-20 00:00:00;
W02069006;ULTRACENTRIFUGHE;S;ULC;2007-02-20 00:00:00;
W02069080;STRUMENTAZIONE VARIA PER LA PROCESSAZIONE DEI CAMPIONI - COMPONENTI ACCESSORI HARDWARE;S;;2007-02-20 00:00:00;2022-02-22 00:00:00
W02069080;STRUMENTAZIONE VARIA PER LA PROCESSAZIONE DEI CAMPIONI - ACCESSORI HARDWARE;S;;2022-02-23 00:00:00;
W02069082;STRUMENTAZIONE VARIA PER LA PROCESSAZIONE DEI CAMPIONI - COMPONENTI ACCESSORI SOFTWARE;S;;2007-02-20 00:00:00;2022-02-22 00:00:00
W02069082;STRUMENTAZIONE VARIA PER LA PROCESSAZIONE DEI CAMPIONI - ACCESSORI SOFTWARE;S;;2022-02-23 00:00:00;
W02069085;STRUMENTAZIONE VARIA PER LA PROCESSAZIONE DEI CAMPIONI - MATERIALI SPECIFICI;S;;2007-02-20 00:00:00;
W02069092;STRUMENTAZIONE VARIA PER LA PROCESSAZIONE DEI CAMPIONI -  DISPOSITIVI MEDICI SOFTWARE IVD;S;;2022-02-23 00:00:00;
W02069099;STRUMENTAZIONE VARIA PER LA PROCESSAZIONE DEI CAMPIONI NON ALTRIMENTI CLASSIFICATA;S;;2007-02-20 00:00:00;2022-02-22 00:00:00
W02069099;STRUMENTAZIONE VARIA PER LA PROCESSAZIONE DEI CAMPIONI - ALTRA;S;;2022-02-23 00:00:00;
W0207;STRUMENTAZIONE IVD DI USO GENERALE;N;;2007-02-20 00:00:00;
W020701;BILANCE;N;;2007-02-20 00:00:00;
W02070101;BILANCE ANALITICHE;S;BAE;2007-02-20 00:00:00;
W02070102;BILANCE TECNICHE;S;BTL;2007-02-20 00:00:00;
W02070103;BILANCE PRELIEVI;S;BPR;2007-02-20 00:00:00;
W020702;CRIOGENIA / FREDDO;S;;2007-02-20 00:00:00;
W02070201;CONTENITORI CRIOGENICI;S;CCR;2007-02-20 00:00:00;2008-06-30 00:00:00
W02070202;CONGELATORI DA LABORATORIO;S;CLA;2007-02-20 00:00:00;2008-06-30 00:00:00
W02070203;FRIGORIFERI BIOLOGICO;S;FBI;2007-02-20 00:00:00;2008-06-30 00:00:00
W02070204;PRODUTTORI DI GHIACCIO;S;PDG;2007-02-20 00:00:00;2008-06-30 00:00:00
W020703;CAPPE E CABINE BIOLOGICHE;N;;2007-02-20 00:00:00;
W02070301;CAPPE BIOLOGICHE;S;CBI;2007-02-20 00:00:00;
W02070302;CAPPE ASPIRANTI;S;CIR;2007-02-20 00:00:00;
W02070303;CAPPE STERILI;S;CSF;2007-02-20 00:00:00;
W02070304;ARMADI ASPIRATI A FILTRAZIONE CHIMICA;S;ADI;2007-02-20 00:00:00;
W020704;AGITATORI E OMOGENEIZZATORI;N;;2007-02-20 00:00:00;
W02070401;AGITATORI DA LABORATORIO;S;ALA;2007-02-20 00:00:00;
W02070402;MOLINI DA LABORATORIO;S;MLA;2007-02-20 00:00:00;
W02070403;OMOGENEIZZATORI;S;OMO;2007-02-20 00:00:00;
W02070404;MISCELATORI DI SACCHE;S;MSA;2007-02-20 00:00:00;
W020790;STRUMENTAZIONE IVD VARIA DI USO GENERALE;N;;2007-02-20 00:00:00;
W02079001;BAGNI TERMOSTATICI;S;BTE;2007-02-20 00:00:00;
W02079002;DILUITORI;S;DIL;2007-02-20 00:00:00;
W02079003;DOSATORI;S;DOS;2007-02-20 00:00:00;
W02079004;EVAPORATORI;S;EVA;2007-02-20 00:00:00;
W02079005;INCUBATORI;S;INC;2007-02-20 00:00:00;2008-06-30 00:00:00
W02079006;BECCHI BUNSEN;S;LDB;2007-02-20 00:00:00;
W02079007;LIOFILIZZATORI;S;LIO;2007-02-20 00:00:00;
W02079008;MANTELLI RISCALDANTE;S;MAA;2007-02-20 00:00:00;
W02079009;PH-METRI;S;PHM;2007-02-20 00:00:00;
W02079010;APPARECCHIATURE PER PRODUZIONE ACQUA PURA;S;PAU;2007-02-20 00:00:00;2008-06-30 00:00:00
W02079011;APPARECCHIATURE PER PUNTO DI FUSIONE;S;PCH;2007-02-20 00:00:00;
W02079012;PIASTRE RISCALDANTI;S;PST;2007-02-20 00:00:00;
W02079013;RIFRATTOMETRI CLINICI;S;RCL;2007-02-20 00:00:00;
W02079014;STUFE ESSICCATRICI;S;SES;2007-02-20 00:00:00;
W02079015;TITOLATORI CHIMICI;S;TCH;2007-02-20 00:00:00;
W02079016;VISCOSIMETRI;S;VCE;2007-02-20 00:00:00;
W02079017;OSMOMETRI;S;OSM;2007-02-20 00:00:00;
W02079080;STRUMENTAZIONE IVD VARIA DI USO GENERALE - COMPONENTI ACCESSORI HARDWARE;S;;2007-02-20 00:00:00;2022-02-22 00:00:00
W02079080;STRUMENTAZIONE IVD VARIA DI USO GENERALE - ACCESSORI HARDWARE;S;;2022-02-23 00:00:00;
W02079082;STRUMENTAZIONE IVD VARIA DI USO GENERALE - COMPONENTI ACCESSORI SOFTWARE;S;;2007-02-20 00:00:00;2022-02-22 00:00:00
W02079082;STRUMENTAZIONE IVD VARIA DI USO GENERALE - ACCESSORI SOFTWARE;S;;2022-02-23 00:00:00;
W02079085;STRUMENTAZIONE IVD VARIA DI USO GENERALE - MATERIALI SPECIFICI;S;;2007-02-20 00:00:00;
W02079092;STRUMENTAZIONE IVD VARIA DI USO GENERALE -  DISPOSITIVI MEDICI SOFTWARE IVD;S;;2022-02-23 00:00:00;
W02079099;STRUMENTAZIONE IVD VARIA DI USO GENERALE NON ALTRIMENTI CLASSIFICATA;S;;2007-02-20 00:00:00;2022-02-22 00:00:00
W02079099;STRUMENTAZIONE IVD VARIA DI USO GENERALE - ALTRA;S;;2022-02-23 00:00:00;
W0299;STRUMENTAZIONE IVD - ALTRI;S;;2008-06-30 00:00:00;
W05;CONTENITORI E DISPOSITIVI IVD CONSUMABILI DI USO GENERALE;N;;2007-02-20 00:00:00;2011-08-29 00:00:00
W05;DISPOSITIVI IVD CONSUMABILI DI USO GENERALE;N;;2011-08-30 00:00:00;
W0501;DISPOSITIVI PER PRELIEVO DI CAMPIONI;N;;2007-02-20 00:00:00;2011-08-29 00:00:00
W0501;DISPOSITIVI PER RACCOLTA DI CAMPIONI;N;;2011-08-30 00:00:00;
W050101;DISPOSITIVI PER PRELIEVO DI SANGUE;N;;2007-02-20 00:00:00;2011-08-29 00:00:00
W050101;DISPOSITIVI PER RACCOLTA DI SANGUE;N;;2011-08-30 00:00:00;
W05010101;DISPOSITIVI PER PRELIEVO DI SANGUE VENOSO O ARTERIOSO;N;;2007-02-20 00:00:00;2011-08-29 00:00:00
W05010101;DISPOSITIVI PER RACCOLTA DI SANGUE VENOSO O ARTERIOSO;N;;2011-08-30 00:00:00;
W0501010101;SIRINGHE A SISTEMA CHIUSO PER PRELIEVO DI SANGUE;N;;2007-02-20 00:00:00;2011-08-29 00:00:00
W0501010101;SIRINGHE A SISTEMA CHIUSO PER RACCOLTA DI SANGUE;N;;2011-08-30 00:00:00;
W050101010101;SIRINGHE A SISTEMA CHIUSO CON ADDITIVI PER PRELIEVO DI SANGUE;S;;2007-02-20 00:00:00;2011-08-29 00:00:00
W050101010101;SIRINGHE A SISTEMA CHIUSO CON ADDITIVI PER RACCOLTA DI SANGUE;S;;2011-08-30 00:00:00;
W050101010102;SIRINGHE A SISTEMA CHIUSO SENZA ADDITIVI PER PRELIEVO DI SANGUE;S;;2007-02-20 00:00:00;2011-08-29 00:00:00
W050101010102;SIRINGHE A SISTEMA CHIUSO SENZA ADDITIVI PER RACCOLTA DI SANGUE;S;;2011-08-30 00:00:00;
W0501010102;PROVETTE PER PRELIEVO DI SANGUE;N;;2007-02-20 00:00:00;2011-08-29 00:00:00
W0501010102;PROVETTE PER RACCOLTA DI SANGUE;N;;2011-08-30 00:00:00;
W050101010201;PROVETTE CON ADDITIVI O SEPARATORI DI SIERO PER PRELIEVO DI SANGUE;S;;2007-02-20 00:00:00;2011-08-29 00:00:00
W050101010201;PROVETTE CON ADDITIVI O SEPARATORI DI SIERO PER RACCOLTA DI SANGUE;S;;2011-08-30 00:00:00;
W050101010202;PROVETTE SENZA ADDITIVI O SEPARATORI DI SIERO PER PRELIEVO DI SANGUE;S;;2007-02-20 00:00:00;2011-08-29 00:00:00
W050101010202;PROVETTE SENZA ADDITIVI O SEPARATORI DI SIERO PER RACCOLTA DI SANGUE;S;;2011-08-30 00:00:00;
W0501010103;SIRINGHE PER EMOGASANALISI;S;;2007-02-20 00:00:00;2011-08-29 00:00:00
W0501010103;SIRINGHE SENZA AGO PER RACCOLTA DI CAMPIONI PER EMOGASANALISI;S;;2011-08-30 00:00:00;
W0501010180;DISPOSITIVI PER PRELIEVO DI SANGUE VENOSO O ARTERIOSO - ACCESSORI;S;;2007-02-20 00:00:00;2011-08-29 00:00:00
W0501010180;DISPOSITIVI PER RACCOLTA DI SANGUE VENOSO O ARTERIOSO - ACCESSORI;S;;2011-08-30 00:00:00;
W0501010199;DISPOSITIVI PER PRELIEVO DI SANGUE VENOSO O ARTERIOSO - ALTRI;S;;2007-02-20 00:00:00;2011-08-29 00:00:00
W0501010199;DISPOSITIVI PER RACCOLTA DI SANGUE VENOSO O ARTERIOSO - ALTRI;S;;2011-08-30 00:00:00;
W05010102;DISPOSITIVI PER PRELIEVO DI SANGUE CAPILLARE;N;;2007-02-20 00:00:00;2011-08-29 00:00:00
W05010102;DISPOSITIVI PER RACCOLTA DI SANGUE CAPILLARE;N;;2011-08-30 00:00:00;
W0501010201;SISTEMI PER PRELIEVO DI SANGUE CAPILLARE;S;;2007-02-20 00:00:00;2011-08-29 00:00:00
W0501010201;SISTEMI PER RACCOLTA DI SANGUE CAPILLARE;S;;2011-08-30 00:00:00;
W0501010202;SISTEMI INTEGRATI PER PRELIEVO DI SANGUE CAPILLARE E VENOSO;S;;2007-02-20 00:00:00;2011-08-29 00:00:00
W0501010202;SISTEMI INTEGRATI PER RACCOLTA DI SANGUE CAPILLARE E VENOSO;S;;2011-08-30 00:00:00;
W0501010203;CAPILLARI PER PRELIEVO EMATICO;S;;2007-02-20 00:00:00;2011-08-29 00:00:00
W0501010203;CAPILLARI PER RACCOLTA EMATICO;S;;2011-08-30 00:00:00;
W0501010280;DISPOSITIVI PER PRELIEVO DI SANGUE CAPILLARE - ACCESSORI;S;;2007-02-20 00:00:00;2011-08-29 00:00:00
W0501010280;DISPOSITIVI PER RACCOLTA DI SANGUE CAPILLARE - ACCESSORI;S;;2011-08-30 00:00:00;
W0501010299;DISPOSITIVI PER PRELIEVO DI SANGUE CAPILLARE - ALTRI;S;;2007-02-20 00:00:00;2011-08-29 00:00:00
W0501010299;DISPOSITIVI PER RACCOLTA DI SANGUE CAPILLARE - ALTRI;S;;2011-08-30 00:00:00;
W050102;DISPOSITIVI PER PRELIEVO DI URINA;N;;2007-02-20 00:00:00;2011-08-29 00:00:00
W050102;DISPOSITIVI PER RACCOLTA DI URINA;N;;2011-08-30 00:00:00;
W05010201;SIRINGHE PER PRELIEVO DI URINA;N;;2007-02-20 00:00:00;2011-08-29 00:00:00
W05010201;SIRINGHE PER RACCOLTA DI URINA;N;;2011-08-30 00:00:00;
W0501020101;SIRINGHE CON STABILIZZATORE PER PRELIEVO DI URINA;S;;2007-02-20 00:00:00;2011-08-29 00:00:00
W0501020101;SIRINGHE CON STABILIZZATORE PER RACCOLTA DI URINA;S;;2011-08-30 00:00:00;
W0501020102;SIRINGHE SENZA STABILIZZATORE PER PRELIEVO DI URINA;S;;2007-02-20 00:00:00;2011-08-29 00:00:00
W0501020102;SIRINGHE SENZA STABILIZZATORE PER RACCOLTA DI URINA;S;;2011-08-30 00:00:00;
W05010202;PROVETTE PER RACCOLTA DI URINA;S;;2007-02-20 00:00:00;
W05010203;CONTENITORI PER RACCOLTA DI URINA;S;;2007-02-20 00:00:00;
W05010280;DISPOSITIVI PER PRELIEVO DI URINA - ACCESSORI;S;;2007-02-20 00:00:00;2011-08-29 00:00:00
W05010280;DISPOSITIVI PER RACCOLTA DI URINA - ACCESSORI;S;;2011-08-30 00:00:00;
W05010299;DISPOSITIVI PER PRELIEVO DI URINA - ALTRI;S;;2007-02-20 00:00:00;2011-08-29 00:00:00
W05010299;DISPOSITIVI PER RACCOLTA DI URINA - ALTRI;S;;2011-08-30 00:00:00;
W050180;DISPOSITIVI PER PRELIEVO DI CAMPIONI - ALTRI ACCESSORI;S;;2007-02-20 00:00:00;2011-08-29 00:00:00
W050180;DISPOSITIVI PER RACCOLTA DI CAMPIONI - ALTRI ACCESSORI;S;;2011-08-30 00:00:00;
W050190;DISPOSITIVI PER PRELIEVO DI CAMPIONI - VARI;N;;2007-02-20 00:00:00;2011-08-29 00:00:00
W050190;DISPOSITIVI PER RACCOLTA DI CAMPIONI - VARI;N;;2011-08-30 00:00:00;
W05019001;DISPOSITIVI PER PRELIEVO DI FECI;S;;2007-02-20 00:00:00;2011-08-29 00:00:00
W05019001;DISPOSITIVI PER RACCOLTA DI FECI;S;;2011-08-30 00:00:00;
W05019002;DISPOSITIVI PER RACCOLTA DI SALIVA;S;;2007-02-20 00:00:00;
W05019003;DISPOSITIVI PER RACCOLTA DI ESCREATO;S;;2007-02-20 00:00:00;
W05019004;TAMPONI PER PRELIEVO DI CAMPIONI;N;;2007-02-20 00:00:00;2011-08-30 00:00:00
W0501900401;TAMPONI NEUTRI PER PRELIEVO DI CAMPIONI;S;;2007-02-20 00:00:00;2011-08-30 00:00:00
W0501900402;TAMPONI CON TERRENO DI TRASPORTO PER PRELIEVO DI CAMPIONI;S;;2007-02-20 00:00:00;2011-08-30 00:00:00
W05019005;FILTRI PER PRELIEVI BIOPTICI E TRAVASI;S;;2007-02-20 00:00:00;
W05019006;SPATOLE PER PRELIEVO DI CAMPIONI;S;;2007-02-20 00:00:00;2008-06-30 00:00:00
W05019099;DISPOSITIVI PER PRELIEVO DI CAMPIONI - ALTRI;S;;2007-02-20 00:00:00;2011-08-29 00:00:00
W05019099;DISPOSITIVI PER RACCOLTA  DI CAMPIONI - ALTRI;S;;2011-08-30 00:00:00;
W0502;DISPOSITIVI PER TRASPORTO DI CAMPIONI;N;;2007-02-20 00:00:00;2011-08-29 00:00:00
W0502;DISPOSITIVI PER TRASPORTO DI CAMPIONI (escluso i prodotti per uso generico di laboratorio);N;;2011-08-30 00:00:00;
W050201;CONTENITORI PER TRASPORTO DI CAMPIONI;N;;2007-02-20 00:00:00;
W05020101;SACCHETTI PORTACAMPIONI;S;;2007-02-20 00:00:00;
W05020102;SCATOLE PORTACAMPIONI;S;;2007-02-20 00:00:00;
W05020103;FLACONI PER TRASPORTO DI CAMPIONI;S;;2007-02-20 00:00:00;
W05020104;VASI PER TRASPORTO DI CAMPIONI;S;;2007-02-20 00:00:00;
W05020105;BUSTE E SACCHE PER TRASPORTO DI CAMPIONI;S;;2007-02-20 00:00:00;
W05020106;CASSETTE PER BIOPSIA;S;;2007-02-20 00:00:00;
W05020180;CONTENITORI PER TRASPORTO DI CAMPIONI - ACCESSORI;S;;2007-02-20 00:00:00;
W05020199;CONTENITORI PER TRASPORTO DI CAMPIONI - ALTRI;S;;2007-02-20 00:00:00;
W050280;DISPOSITIVI PER TRASPORTO DI CAMPIONI - ALTRI ACCESSORI;S;;2007-02-20 00:00:00;
W050299;DISPOSITIVI PER TRASPORTO DI CAMPIONI - ALTRI;S;;2007-02-20 00:00:00;
W0503;DISPOSITIVI PER ANALISI DI CAMPIONI;N;;2007-02-20 00:00:00;2011-08-29 00:00:00
W0503;DISPOSITIVI PER ANALISI DI CAMPIONI (escluso i prodotti per uso generico di laboratorio);N;;2011-08-30 00:00:00;
W050301;CONTENITORI PER ANALISI;N;;2007-02-20 00:00:00;
W05030101;CONTENITORI IN VETRO PER ANALISI;N;;2007-02-20 00:00:00;
W0503010101;PROVETTE IN VETRO PER ANALISI;S;;2007-02-20 00:00:00;
W0503010102;CUVETTE IN VETRO PER ANALISI;S;;2007-02-20 00:00:00;
W0503010103;BICCHIERI IN VETRO PER ANALISI;S;;2007-02-20 00:00:00;
W0503010104;BOTTIGLIE IN VETRO PER ANALISI;S;;2007-02-20 00:00:00;
W0503010105;TUBI IN VETRO PER ANALISI;S;;2007-02-20 00:00:00;
W0503010106;VASCHETTE IN VETRO PER ANALISI;S;;2007-02-20 00:00:00;
W0503010180;CONTENITORI IN VETRO PER ANALISI - ACCESSORI;S;;2007-02-20 00:00:00;
W0503010199;CONTENITORI IN VETRO PER ANALISI - ALTRI;S;;2007-02-20 00:00:00;
W05030102;CONTENITORI IN MATERIALE PLASTICO PER ANALISI;N;;2007-02-20 00:00:00;
W0503010201;PROVETTE IN MATERIALE PLASTICO PER ANALISI;N;;2007-02-20 00:00:00;
W050301020101;PROVETTE CON ADDITIVI IN MATERIALE PLASTICO PER ANALISI;S;;2007-02-20 00:00:00;
W050301020102;PROVETTE SENZA ADDITIVI IN MATERIALE PLASTICO PER ANALISI;S;;2007-02-20 00:00:00;
W050301020180;PROVETTE IN MATERIALE PLASTICO PER ANALISI - ACCESSORI;S;;2007-02-20 00:00:00;
W0503010202;MICROPROVETTE E COPPETTE IN MATERIALE PLASTICO PER ANALISI;N;;2007-02-20 00:00:00;
W050301020201;MICROPROVETTE E COPPETTE CON ADDITIVI IN MATERIALE PLASTICO PER ANALISI;S;;2007-02-20 00:00:00;
W050301020202;MICROPROVETTE E COPPETTE SENZA ADDITIVI IN MATERIALE PLASTICO PER ANALISI;S;;2007-02-20 00:00:00;
W050301020280;MICROPROVETTE E COPPETTE IN MATERIALE PLASTICO PER ANALISI - ACCESSORI;S;;2007-02-20 00:00:00;
W0503010203;CUVETTE IN MATERIALE PLASTICO PER ANALISI;S;;2007-02-20 00:00:00;
W0503010204;PIASTRE IN MATERIALE PLASTICO PER ANALISI CON MICROMETODICHE;S;;2007-02-20 00:00:00;
W0503010205;VASI IN MATERIALE PLASTICO PER ANALISI;S;;2007-02-20 00:00:00;
W0503010206;BICCHIERI IN MATERIALE PLASTICO PER ANALISI;S;;2007-02-20 00:00:00;
W0503010207;BOTTIGLIE IN MATERIALE PLASTICO PER ANALISI;S;;2007-02-20 00:00:00;
W0503010208;TUBI IN MATERIALE PLASTICO PER ANALISI;S;;2007-02-20 00:00:00;
W0503010209;VASCHETTE IN MATERIALE PLASTICO PER ANALISI;S;;2007-02-20 00:00:00;
W0503010280;CONTENITORI IN MATERIALE PLASTICO PER ANALISI - ALTRI ACCESSORI;S;;2007-02-20 00:00:00;
W0503010290;CONTENITORI IN MATERIALE PLASTICO PER ANALISI - VARI;N;;2007-02-20 00:00:00;
W050301029001;SEPARATORI DI COMPONENTI EMATICI IN MATERIALE PLASTICO;S;;2007-02-20 00:00:00;
W050301029099;CONTENITORI IN MATERIALE PLASTICO PER ANALISI - ALTRI;S;;2007-02-20 00:00:00;
W05030199;CONTENITORI PER ANALISI - ALTRI;S;;2007-02-20 00:00:00;
W050302;PIPETTE E PUNTALI;N;;2007-02-20 00:00:00;
W05030201;PIPETTE ;N;;2007-02-20 00:00:00;
W0503020101;PIPETTE SIEROLOGICHE E PER DILUIZIONE;N;;2007-02-20 00:00:00;
W050302010101;PIPETTE SIEROLOGICHE E PER DILUIZIONE IN VETRO;S;;2007-02-20 00:00:00;
W050302010102;PIPETTE SIEROLOGICHE E PER DILUIZIONE IN MATERIALE PLASTICO;S;;2007-02-20 00:00:00;
W0503020180;PIPETTE - ACCESSORI;S;;2007-02-20 00:00:00;
W0503020199;PIPETTE - ALTRE;S;;2007-02-20 00:00:00;
W05030202;PUNTALI PER PIPETTE;N;;2007-02-20 00:00:00;
W0503020201;PUNTALI PER PIPETTE CON FILTRO;S;;2007-02-20 00:00:00;
W0503020202;PUNTALI PER PIPETTE SENZA FILTRO;S;;2007-02-20 00:00:00;
W0503020280;PUNTALI PER PIPETTE - ACCESSORI;S;;2007-02-20 00:00:00;
W050303;DISPOSITIVI PER LABORATORIO MICROBIOLOGICO;N;;2007-02-20 00:00:00;
W05030301;DISPOSITIVI PER COLTURA MICROBIOLOGICA;N;;2007-02-20 00:00:00;
W0503030101;CAPSULE DI PETRI;S;;2007-02-20 00:00:00;
W0503030199;DISPOSITIVI PER COLTURA MICROBIOLOGICA - ALTRI;S;;2007-02-20 00:00:00;
W05030302;ANSE PER MICROBIOLOGIA;S;;2007-02-20 00:00:00;
W05030380;DISPOSITIVI PER LABORATORIO MICROBIOLOGICO - ACCESSORI;S;;2007-02-20 00:00:00;
W05030399;DISPOSITIVI PER LABORATORIO MICROBIOLOGICO - ALTRI;S;;2007-02-20 00:00:00;
W050304;DISPOSITIVI PER COLTURE CELLULARI E TESSUTALI;N;;2007-02-20 00:00:00;
W05030401;CONTENITORI PER COLTURE CELLULARI E TESSUTALI;N;;2007-02-20 00:00:00;
W0503040101;FIASCHE PER COLTURE CELLULARI E TESSUTALI;S;;2007-02-20 00:00:00;
W0503040102;PIASTRE PER COLTURE CELLULARI E TESSUTALI;S;;2007-02-20 00:00:00;
W0503040103;BOTTIGLIE PER COLTURE CELLULARI E TESSUTALI;S;;2007-02-20 00:00:00;
W0503040104;PROVETTE PER COLTURE CELLULARI E TESSUTALI;S;;2007-02-20 00:00:00;
W0503040105;DISCHI PER COLTURE CELLULARI E TESSUTALI;S;;2007-02-20 00:00:00;
W0503040180;CONTENITORI PER COLTURE CELLULARI E TESSUTALI - ACCESSORI;S;;2007-02-20 00:00:00;
W0503040199;CONTENITORI PER COLTURE CELLULARI E TESSUTALI - ALTRI;S;;2007-02-20 00:00:00;
W05030402;FILTRI PER COLTURE CELLULARI E TESSUTALI;S;;2007-02-20 00:00:00;
W05030480;DISPOSITIVI PER COLTURE CELLULARI E TESSUTALI - ALTRI ACCESSORI;S;;2007-02-20 00:00:00;
W05030499;DISPOSITIVI PER COLTURE CELLULARI E TESSUTALI - ALTRI;S;;2007-02-20 00:00:00;
W050305;DISPOSITIVI PER ANALISI ANATOMOPATOLOGICHE;N;;2007-02-20 00:00:00;
W05030501;CASSETTE PER INCLUSIONE;S;;2007-02-20 00:00:00;
W05030502;ANELLI RING PER INCLUSIONE;S;;2007-02-20 00:00:00;
W05030580;DISPOSITIVI PER ANALISI ANATOMOPATOLOGICHE - ACCESSORI;S;;2007-02-20 00:00:00;
W05030599;DISPOSITIVI PER ANALISI ANATOMOPATOLOGICHE - ALTRI;S;;2007-02-20 00:00:00;
W050390;DISPOSITIVI PER ANALISI DI CAMPIONI - VARI;N;;2007-02-20 00:00:00;
W05039001;DISPOSITIVI PER AGITAZIONE;N;;2007-02-20 00:00:00;
W0503900101;BACCHETTE PER AGITAZIONE;S;;2007-02-20 00:00:00;
W0503900102;ANCORETTE PER AGITAZIONE;S;;2007-02-20 00:00:00;
W0503900199;DISPOSITIVI PER AGITAZIONE - ALTRI;S;;2007-02-20 00:00:00;
W05039002;VETRINI PER ANALISI DI CAMPIONI;N;;2007-02-20 00:00:00;
W0503900201;VETRINI PORTAOGGETTO;S;;2007-02-20 00:00:00;
W0503900202;VETRINI COPRIOGGETTO;S;;2007-02-20 00:00:00;
W05039080;DISPOSITIVI PER ANALISI DI CAMPIONI - ALTRI ACCESSORI;S;;2007-02-20 00:00:00;
W05039099;DISPOSITIVI PER ANALISI DI CAMPIONI - ALTRI;S;;2007-02-20 00:00:00;
W0580;CONTENITORI E DISPOSITIVI IVD CONSUMABILI DI USO GENERALE - ALTRI ACCESSORI;S;;2007-02-20 00:00:00;2011-08-29 00:00:00
W0580;DISPOSITIVI IVD CONSUMABILI DI USO GENERALE - ALTRI ACCESSORI;S;;2011-08-30 00:00:00;
W0599;CONTENITORI E DISPOSITIVI IVD CONSUMABILI DI USO GENERALE - ALTRI;S;;2007-02-20 00:00:00;2011-08-29 00:00:00
W0599;DISPOSITIVI IVD CONSUMABILI DI USO GENERALE - ALTRI;S;;2011-08-30 00:00:00;
Y;SUPPORTI O AUSILI TECNICI PER PERSONE DISABILI;N;;2007-02-20 00:00:00;2022-02-22 00:00:00
Y;DISPOSITIVI PER PERSONE CON DISABILITAÂ¿ NON COMPRESI IN ALTRE CATEGORIE;N;;2022-02-23 00:00:00;
Y03;AUSILI PER TERAPIA ED ADDESTRAMENTO (N.T.COD. En Iso 03);N;;2007-02-20 00:00:00;2022-02-23 00:00:00
Y0303;AUSILI PER TERAPIA RESPIRATORIA (N.T.COD. En Iso 0303);N;;2007-02-20 00:00:00;2022-02-23 00:00:00
Y030306;INALATORI (COMPRESI NEBULIZZATORI E UMIDIFICATORI non compresi nella cat. R);S;;2007-02-20 00:00:00;2022-02-23 00:00:00
Y030318;OSSIGENATORI (ESCLUSI I CONCENTRATORI DI OSSIGENO);S;;2007-02-20 00:00:00;2022-02-23 00:00:00
Y030327;INCENTIVATORI DEL FLUSSO INSPIRATORIO ED ESPIRATORIO / ALLENATORI DEI MUSCOLI RESPIRATORI;S;;2007-02-20 00:00:00;2022-02-23 00:00:00
Y030399;AUSILI PER TERAPIA RESPIRATORIA - ALTRI;S;;2007-02-20 00:00:00;2022-02-23 00:00:00
Y0312;AUSILI PER LA TERAPIA DELL'ERNIA O AUSILI ADDOMINALI (N.T.COD. En Iso 0312);N;;2007-02-20 00:00:00;2022-02-23 00:00:00
Y031203;CINGHIE ERNIARIE;S;;2007-02-20 00:00:00;2022-02-23 00:00:00
Y031206;VENTRIERE E CINTI ERNIARI;S;;2007-02-20 00:00:00;2022-02-23 00:00:00
Y031299;AUSILI PER LA TERAPIA DELL'ERNIA O AUSILI ADDOMINALI - ALTRI;S;;2007-02-20 00:00:00;2022-02-23 00:00:00
Y0321;ATTREZZATURE PER INIEZIONE (N.T.COD. En Iso 0321);N;;2007-02-20 00:00:00;2022-02-23 00:00:00
Y032121;MICROINFUSORI PER TERAPIA FERROCHELANTE;S;;2007-02-20 00:00:00;2022-02-23 00:00:00
Y032199;ATTREZZATURE PER INIEZIONE - ALTRE;S;;2007-02-20 00:00:00;2022-02-23 00:00:00
Y0333;AUSILI ANTIDECUBITO / PREVENZIONE DELLE ULCERE (N.T.COD. En Iso 0333);N;;2007-02-20 00:00:00;2022-02-23 00:00:00
Y033303;CUSCINI ANTIDECUBITO;S;;2007-02-20 00:00:00;2022-02-23 00:00:00
Y033306;MATERASSI E TRAVERSE ANTIDECUBITO;S;;2007-02-20 00:00:00;2022-02-23 00:00:00
Y033309;PROTEZIONI PER TALLONE, GOMITO E GINOCCHIO;S;;2007-02-20 00:00:00;2022-02-23 00:00:00
Y033399;AUSILI ANTIDECUBITO / PREVENZIONE DELLE ULCERE - ALTRI;S;;2007-02-20 00:00:00;2022-02-23 00:00:00
Y0348;AUSILI PER RIEDUCAZIONE DI FORZA, MOVIMENTO ED EQUILIBRIO (N.T.COD. En Iso 0348);N;;2007-02-20 00:00:00;2022-02-23 00:00:00
Y034821;STABILIZZATORI;S;;2007-02-20 00:00:00;2022-02-23 00:00:00
Y034899;AUSILI PER RIEDUCAZIONE DI FORZA, MOVIMENTO ED EQUILIBRIO - ALTRI;S;;2007-02-20 00:00:00;2022-02-23 00:00:00
Y0378;AUSILI PER RIEDUCAZIONE NELLE ATTIVITA' QUOTIDIANE (N.T.COD. En Iso 0378);N;;2007-02-20 00:00:00;2022-02-23 00:00:00
Y037809;STABILIZZATORI DEAMBULATORI IN POSIZIONE ERETTA;S;;2007-02-20 00:00:00;2022-02-23 00:00:00
Y037899;AUSILI PER RIEDUCAZIONE NELLE ATTIVITA' QUOTIDIANE - ALTRI;S;;2007-02-20 00:00:00;2022-02-23 00:00:00
Y0399;AUSILI PER TERAPIA ED ADDESTRAMENTO - ALTRI;S;;2007-02-20 00:00:00;2022-02-23 00:00:00
Y05;DISPOSITIVI PER L'APPRENDIMENTO E L'ESERCIZIO DI ABILITA` ;N;;2022-02-23 00:00:00;
Y0501;DISPOSITIVI PER ADDESTRAMENTO ALLA CONTINENZA (inclusi sistemi di allarme per l'incontinenza);S;;2022-02-23 00:00:00;
Y0502;STABILIZZATORI ;N;;2022-02-23 00:00:00;
Y050201;STABILIZZATORI DEAMBULATORI;S;;2022-02-23 00:00:00;
Y050202;STABILIZZATORI PER STATICA;S;;2022-02-23 00:00:00;
Y0503;DISPOSITIVI PER LA RIEDUCAZIONE DELLA MANO E DELLE DITA;S;;2022-02-23 00:00:00;
Y0504;DISPOSITIVI PER LA RIEDUCAZIONE DELLE BRACCIA, DEL TRONCO E DELLE GAMBE;S;;2022-02-23 00:00:00;
Y0580;DISPOSITIVI PER L'APPRENDIMENTO E L'ESERCIZIO DI ABILITA` - ACCESSORI;S;;2022-02-23 00:00:00;
Y0599;DISPOSITIVI PER L'APPRENDIMENTO E L'ESERCIZIO DI ABILITA` - ALTRI;S;;2022-02-23 00:00:00;
Y06;PROTESI E ORTESI (N.T.COD. En Iso 06);N;;2007-02-20 00:00:00;
Y0603;ORTESI SPINALI (N.T.COD. En Iso 0603);N;;2007-02-20 00:00:00;
Y060303;ORTESI SACRO-ILIACHE;S;;2007-02-20 00:00:00;
Y060306;ORTESI TORACO-LOMBARI;S;;2022-02-23 00:00:00;
Y060307;ORTESI TORACICHE;S;;2022-02-23 00:00:00;
Y060308;ORTESI LOMBO-SACRALI;S;;2007-02-20 00:00:00;
Y060309;ORTESI TORACO-LOMBO-SACRALI;S;;2007-02-20 00:00:00;
Y060312;ORTESI CERVICALI (COLLARI);S;;2007-02-20 00:00:00;
Y060315;ORTESI CERVICO-TORACICHE;S;;2007-02-20 00:00:00;
Y060318;ORTESI CERVICO-TORACO-LOMBO-SACRALI;S;;2007-02-20 00:00:00;
Y060380;ORTESI SPINALI - ACCESSORI;S;;2022-02-23 00:00:00;
Y060399;ORTESI SPINALI - ALTRE;S;;2007-02-20 00:00:00;
Y0604;ORTESI ADDOMINALI (N.T. En ISO 0604) ;N;;2022-02-23 00:00:00;
Y060403;SUPPORTI PER MUSCOLI ADDOMINALI;S;;2022-02-23 00:00:00;
Y060406;SUPPORTI PER LÂ¿ERNIA ADDOMINALE ;S;;2022-02-23 00:00:00;
Y060499;ORTESI ADDOMINALI Â¿ ALTRE ;S;;2022-02-23 00:00:00;
Y0606;ORTESI PER ARTO SUPERIORE (docce e tutori) (N.T.COD. En Iso 0606);N;;2007-02-20 00:00:00;
Y060603;ORTESI PER DITA;S;;2007-02-20 00:00:00;
Y060606;ORTESI PER MANO;S;;2007-02-20 00:00:00;
Y060609;ORTESI PER POLSO (AVAMBRACCIO);S;;2007-02-20 00:00:00;
Y060612;ORTESI PER POLSO-MANO;S;;2007-02-20 00:00:00;
Y060613;ORTESI PER POLSO-MANO-DITA;S;;2007-02-20 00:00:00;
Y060615;ORTESI PER GOMITO;S;;2007-02-20 00:00:00;
Y060618;ORTESI PER GOMITO-POLSO;S;;2007-02-20 00:00:00;
Y060619;ORTESI PER GOMITO-POLSO-MANO;S;;2007-02-20 00:00:00;
Y060621;ORTESI PER SPALLA;S;;2007-02-20 00:00:00;
Y060624;ORTESI PER SPALLA-GOMITO;S;;2007-02-20 00:00:00;
Y060627;ORTESI PER SPALLA-GOMITO-POLSO;S;;2007-02-20 00:00:00;
Y060630;ORTESI PER SPALLA-GOMITO-POLSO-MANO;S;;2007-02-20 00:00:00;
Y060680;ORTESI PER ARTO SUPERIORE - ACCESSORI;S;;2022-02-23 00:00:00;
Y060699;ORTESI PER ARTO SUPERIORE - ALTRE;S;;2007-02-20 00:00:00;
Y0612;ORTESI PER ARTO INFERIORE (N.T.COD. En Iso 0612) (plantari, rialzi, docce, tutori, staffe);N;;2007-02-20 00:00:00;
Y061203;ORTESI PER PIEDE (INCLUSI PLANTARI E INSERTI);S;;2007-02-20 00:00:00;
Y061206;ORTESI PER CAVIGLIA-PIEDE;S;;2007-02-20 00:00:00;2022-02-22 00:00:00
Y061206;ORTESI PER CAVIGLIA-PIEDE;N;;2022-02-23 00:00:00;
Y06120601;ORTESI PER CAVIGLIA-PIEDE PASSIVE;S;;2022-02-23 00:00:00;
Y06120602;ORTESI PER CAVIGLIA-PIEDE A RITORNO DI ENERGIA;S;;2022-02-23 00:00:00;
Y061209;ORTESI PER GINOCCHIO;S;;2007-02-20 00:00:00;
Y061212;ORTESI PER GINOCCHIO-CAVIGLIA-PIEDE;S;;2007-02-20 00:00:00;2022-02-22 00:00:00
Y061212;ORTESI PER GINOCCHIO-CAVIGLIA-PIEDE;N;;2022-02-23 00:00:00;
Y06121201;ORTESI PER GINOCCHIO-CAVIGLIA-PIEDE PASSIVE;S;;2022-02-23 00:00:00;
Y06121202;ORTESI PER GINOCCHIO-CAVIGLIA-PIEDE A RITORNO DI ENERGIA;S;;2022-02-23 00:00:00;
Y06121203;ORTESI PER GINOCCHIO-CAVIGLIA-PIEDE ATTIVE;S;;2022-02-23 00:00:00;
Y061215;ORTESI PER ANCA (INCLUSE LE ORTESI PER ABDUZIONE);S;;2007-02-20 00:00:00;
Y061216;ORTESI PER ANCA-GINOCCHIO;S;;2007-02-20 00:00:00;
Y061217;ORTESI DI COSCIA;S;;2022-02-23 00:00:00;
Y061218;ORTESI PER ANCA-GINOCCHIO-CAVIGLIA-PIEDE;S;;2007-02-20 00:00:00;
Y061219;ORTESI TORACO-LOMBO-SACRALE-ANCA-GINOCCHIO-CAVIGLIA-PIEDE;S;;2022-02-23 00:00:00;
Y061280;ORTESI PER ARTO INFERIORE - ACCESSORI;S;;2022-02-23 00:00:00;
Y061299;ORTESI PER ARTO INFERIORE - ALTRE;S;;2007-02-20 00:00:00;
Y0618;PROTESI DI ARTO SUPERIORE (N.T.COD. En Iso 0618);N;;2007-02-20 00:00:00;
Y061803;PROTESI PARZIALI DI MANO (INCLUSE LE PROTESI DI DITA);S;;2007-02-20 00:00:00;
Y061806;PROTESI PER DISARTICOLAZIONE DI POLSO;S;;2007-02-20 00:00:00;
Y061809;PROTESI TRANSRADIALI (PER AMPUTAZIONE SOTTO IL GOMITO);S;;2007-02-20 00:00:00;
Y061812;PROTESI PER DISARTICOLAZIONE DEL GOMITO;S;;2007-02-20 00:00:00;
Y061815;PROTESI TRANSOMERALI (PER AMPUTAZIONE SOPRA IL GOMITO);S;;2007-02-20 00:00:00;
Y061818;PROTESI PER DISARTICOLAZIONE DI SPALLA;S;;2007-02-20 00:00:00;
Y061821;PROTESI PER AMPUTAZIONE DI SPALLA;S;;2007-02-20 00:00:00;2022-02-23 00:00:00
Y061899;PROTESI DI ARTO SUPERIORE - ALTRE;S;;2007-02-20 00:00:00;
Y0624;PROTESI DI ARTO INFERIORE (N.T.COD. En Iso 0624);N;;2007-02-20 00:00:00;
Y062403;PROTESI PARZIALI DI PIEDE (INCLUSE LE PROTESI DEL DITO);S;;2007-02-20 00:00:00;
Y062406;PROTESI PER DISARTICOLAZIONE DI CAVIGLIA;S;;2007-02-20 00:00:00;2022-02-23 00:00:00
Y062409;PROTESI TRANSTIBIALI (PER AMPUTAZIONE SOTTO IL GINOCCHIO);S;;2007-02-20 00:00:00;
Y062412;PROTESI PER DISARTICOLAZIONE DEL GINOCCHIO;S;;2007-02-20 00:00:00;
Y062415;PROTESI TRANSFEMORALI (PER AMPUTAZIONE SOPRA IL GINOCCHIO);S;;2007-02-20 00:00:00;
Y062418;PROTESI PER DISARTICOLAZIONE DELL' ANCA;S;;2007-02-20 00:00:00;
Y062421;PROTESI PER EMIPELVECTOMIA;S;;2007-02-20 00:00:00;2022-02-23 00:00:00
Y062499;PROTESI DI ARTO INFERIORE - ALTRE;S;;2007-02-20 00:00:00;
Y0627;PROTESI COSMETICHE E NON FUNZIONALI DI ARTO INFERIORE (N.T.COD. En Iso 0624);N;;2007-02-20 00:00:00;2022-02-22 00:00:00
Y0627;PROTESI COSMETICHE E NON FUNZIONALI DI ARTO INFERIORE (N.T.COD. En Iso 0624/0627);N;;2022-02-23 00:00:00;
Y062703;RIEMPITIVO DI ESTETIZZAZIONE DI POLPACCIO E COSCIA;S;;2007-02-20 00:00:00;
Y062799;PROTESI COSMETICHE E NON FUNZIONALI DI ARTO INFERIORE - ALTRE;S;;2007-02-20 00:00:00;2022-02-23 00:00:00
Y0630;PROTESI NON DI ARTO (N.T.COD. En Iso 0630);N;;2007-02-20 00:00:00;
Y063018;PROTESI MAMMARIE ESTERNE;S;;2007-02-20 00:00:00;
Y063021;PROTESI OCULARI;S;;2007-02-20 00:00:00;
Y063099;PROTESI NON DI ARTO - ALTRE;S;;2007-02-20 00:00:00;
Y0633;CALZATURE ORTOPEDICHE (N.T.COD. En Iso 0633);N;;2007-02-20 00:00:00;
Y063303;CALZATURE ORTOPEDICHE DI SERIE;S;;2007-02-20 00:00:00;
Y063306;CALZATURE ORTOPEDICHE SU MISURA;S;;2007-02-20 00:00:00;2022-02-23 00:00:00
Y063399;CALZATURE ORTOPEDICHE - ALTRE;S;;2007-02-20 00:00:00;2022-02-23 00:00:00
Y0699;PROTESI E ORTESI - ALTRE;S;;2007-02-20 00:00:00;
Y09;AUSILI PER LA CURA E LA PROTEZIONE PERSONALE (N.T.COD. En Iso 09);N;;2007-02-20 00:00:00;2022-02-22 00:00:00
Y09;AUSILI PER LA CURA PERSONALE (N.T.COD. En ISO 09);N;;2022-02-23 00:00:00;
Y0903;VESTITI, CALZATURE E RIVESTIMENTI PER PROTESI (N.T.COD. En Iso 0903);N;;2007-02-20 00:00:00;
Y090312;GUANTI E MANOPOLE PER PROTESI;S;;2007-02-20 00:00:00;
Y090327;CALZE PER PROTESI;S;;2007-02-20 00:00:00;
Y090342;SCARPE E STIVALI PER PROTESI;S;;2007-02-20 00:00:00;
Y090399;VESTITI, CALZATURE E RIVESTIMENTI PER PROTESI - ALTRI;S;;2007-02-20 00:00:00;
Y0906;AUSILI PER LA PROTEZIONE DEL CORPO (N.T.COD. En Iso 0906);N;;2007-02-20 00:00:00;
Y090612;PROTEZIONI DEL BRACCIO E DEL GOMITO;S;;2007-02-20 00:00:00;
Y090618;PROTEZIONI DELLA GAMBA E DEL GINOCCHIO, INCLUSE CALZE PER GAMBE AMPUTATE;S;;2007-02-20 00:00:00;
Y090699;AUSILI PER LA PROTEZIONE DEL CORPO - ALTRI;S;;2007-02-20 00:00:00;
Y0912;AUSILI PER EVACUAZIONE (N.T.COD. En Iso 0912);N;;2007-02-20 00:00:00;
Y091203;SEDIE PER WC E DOCCIA;S;;2007-02-20 00:00:00;
Y091209;SEDILI COPRIWATER;S;;2007-02-20 00:00:00;
Y091212;SGABELLI WC;S;;2007-02-20 00:00:00;
Y091215;RIALZI STABILIZZANTI PER WC;S;;2007-02-20 00:00:00;
Y091299;AUSILI PER EVACUAZIONE - ALTRI;S;;2007-02-20 00:00:00;
Y0933;AUSILI PER LAVARSI, PER FARE IL BAGNO E LA DOCCIA (N.T.COD. En Iso 0933);N;;2007-02-20 00:00:00;
Y093303;SEDILI FISSI E GIREVOLI PER DOCCIA E VASCA;S;;2007-02-20 00:00:00;
Y093312;BARELLE PER DOCCIA;S;;2007-02-20 00:00:00;
Y093399;AUSILI PER LAVARSI, PER FARE IL BAGNO E LA DOCCIA - ALTRI;S;;2007-02-20 00:00:00;
Y0951;OROLOGI PER NON VEDENTI (N.T.COD. En Iso 0951);S;;2007-02-20 00:00:00;2022-02-23 00:00:00
Y0999;AUSILI PER LA CURA E LA PROTEZIONE PERSONALE - ALTRI;S;;2007-02-20 00:00:00;2022-02-22 00:00:00
Y0999;AUSILI PER LA CURA PERSONALE - ALTRI;S;;2022-02-23 00:00:00;
Y12;AUSILI PER LA MOBILITA' PERSONALE (N.T.COD. En Iso 12);N;;2007-02-20 00:00:00;
Y1203;AUSILI PER LA DEAMBULAZIONE UTILIZZATI CON UN BRACCIO (N.T.COD. En Iso 1203);N;;2007-02-20 00:00:00;
Y120303;BASTONI PER NON VEDENTI;S;;2007-02-20 00:00:00;
Y120306;STAMPELLE;S;;2007-02-20 00:00:00;2022-02-22 00:00:00
Y120306;STAMPELLE;N;;2022-02-23 00:00:00;
Y12030601;STAMPELLE CANADESI;S;;2022-02-23 00:00:00;
Y12030602;STAMPELLE CON APPOGGIO ANTIBRACHIALE;S;;2022-02-23 00:00:00;
Y12030603;STAMPELLE CON APPOGGIO SOTTOASCELLARE;S;;2022-02-23 00:00:00;
Y120312;STAMPELLE CON APPOGGIO SOTTOASCELLARE;S;;2007-02-20 00:00:00;2022-02-23 00:00:00
Y120315;TRIPODI;S;;2007-02-20 00:00:00;
Y120318;QUADRIPODI;S;;2007-02-20 00:00:00;
Y120380;AUSILI PER LA DEAMBULAZIONE UTILIZZATI CON UN BRACCIO - ACCESSORI;S;;2022-02-23 00:00:00;
Y120399;AUSILI PER LA DEAMBULAZIONE UTILIZZATI CON UN BRACCIO - ALTRI;S;;2007-02-20 00:00:00;
Y1206;AUSILI PER LA DEAMBULAZIONE UTILIZZATI CON DUE BRACCIA (N.T.COD. En Iso 1206);N;;2007-02-20 00:00:00;
Y120603;DEAMBULATORI CON QUATTRO PUNTALI;S;;2007-02-20 00:00:00;
Y120606;DEAMBULATORI CON DUE O QUATTRO RUOTE;S;;2007-02-20 00:00:00;2022-02-22 00:00:00
Y120606;DEAMBULATORI A RUOTE;S;;2022-02-23 00:00:00;
Y120609;DEAMBULATORI A SEDILE CON QUATTRO RUOTE;S;;2007-02-20 00:00:00;
Y120612;GIRELLI DEAMBULATORI;S;;2007-02-20 00:00:00;
Y120680;AUSILI PER LA DEAMBULAZIONE UTILIZZATI CON DUE BRACCIA - ACCESSORI;S;;2022-02-23 00:00:00;
Y120699;AUSILI PER LA DEAMBULAZIONE UTILIZZATI CON DUE BRACCIA - ALTRI;S;;2007-02-20 00:00:00;
Y1210;BICICLETTE (N.T.COD.En Iso 1210/18);S;;2007-02-20 00:00:00;2022-02-23 00:00:00
Y1212;ADATTAMENTI DI AUTOMOBILI (N.T.COD.En Iso 1212);S;;2007-02-20 00:00:00;2022-02-23 00:00:00
Y1218;CICLI (BICICLETTE) (N.T.COD. En Iso 1218);N;;2007-02-20 00:00:00;2022-02-22 00:00:00
Y1218;CICLI (BICICLETTE) (N.T.COD. En Iso 1218);N;;2022-02-23 00:00:00;2022-02-23 00:00:00
Y1218;CICLI (N.T.COD. En Iso 1218);N;;2022-02-23 00:00:00;
Y121801;BICICLETTE;S;;2022-02-23 00:00:00;
Y121803;BICICLETTE CON STABILIZZATORE;S;;2007-02-20 00:00:00;2022-02-23 00:00:00
Y121806;TRICICLI A PEDALE;S;;2007-02-20 00:00:00;
Y121809;TRICICLI A PROPULSIONE MANUALE;S;;2007-02-20 00:00:00;
Y121821;DIVARICATORI, SPALLIERE, STAFFE E SOSTEGNI;S;;2007-02-20 00:00:00;
Y121899;CICLI (BICICLETTE) - ALTRI;S;;2007-02-20 00:00:00;2022-02-22 00:00:00
Y121899;CICLI (N.T.COD. En Iso 1218) - ALTRI;S;;2022-02-23 00:00:00;
Y1221;CARROZZINE (N.T.COD.En Iso 1221);N;;2007-02-20 00:00:00;2022-02-22 00:00:00
Y1221;CARROZZINE (N.T.COD.En ISO 1222/1223);N;;2022-02-23 00:00:00;
Y122103;CARROZZINE A SPINTA;S;;2007-02-20 00:00:00;
Y122106;CARROZZINE AD AUTOSPINTA POSTERIORE;S;;2007-02-20 00:00:00;
Y122109;CARROZZINE AD AUTOSPINTA ANTERIORE;S;;2007-02-20 00:00:00;
Y122115;CARROZZINE AD AUTOSPINTA A TRE RUOTE;S;;2007-02-20 00:00:00;2022-02-23 00:00:00
Y122124;SCOOTER ELETTRICI;S;;2007-02-20 00:00:00;
Y122127;CARROZZINE ELETTRICHE;S;;2007-02-20 00:00:00;
Y122130;MOTOCARROZZINE A TRE RUOTE;S;;2007-02-20 00:00:00;
Y122133;BASI DI MOBILITA';S;;2007-02-20 00:00:00;2022-02-23 00:00:00
Y122199;CARROZZINE - ALTRE;S;;2007-02-20 00:00:00;
Y1224;ACCESSORI/AUSILI APPLICABILI ALLE CARROZZINE (N.T.COD.En Iso 1224);N;;2007-02-20 00:00:00;
Y122403;PEDANE, SOSTEGNI E COMANDI PER CARROZZINE;S;;2007-02-20 00:00:00;
Y122406;CINGHIE, SEDILI E BRACCIOLI PER CARROZZINE;S;;2007-02-20 00:00:00;
Y122409;ANELLI PER AUTOSPINTA, UNICICLI, UNITA' DI PROPULSIONE ELETTRICA, SISTEMI MONOGUIDA;S;;2007-02-20 00:00:00;2022-02-22 00:00:00
Y122409;ANELLI PER AUTOSPINTA E SISTEMI MONOGUIDA;S;;2022-02-23 00:00:00;
Y122410;UNITA' DI PROPULSIONE ELETTRICA;S;;2022-02-23 00:00:00;
Y122411;UNICICLI PER CARROZZINE;S;;2022-02-23 00:00:00;
Y122412;FANALERIA PER CARROZZINE;S;;2007-02-20 00:00:00;
Y122499;ACCESSORI/AUSILI APPLICABILI ALLE CARROZZINE - ALTRI;S;;2007-02-20 00:00:00;
Y1227;VEICOLI E MEZZI DI TRASPORTO (N.T.COD. En Iso1227);N;;2007-02-20 00:00:00;2022-02-22 00:00:00
Y1227;VEICOLI E MEZZI DI TRASPORTO NON MOTORIZZATI (N.T.COD. En Iso 1227);N;;2022-02-23 00:00:00;
Y122703;PASSEGGINI;S;;2007-02-20 00:00:00;
Y122799;VEICOLI E MEZZI DI TRASPORTO - ALTRI;S;;2007-02-20 00:00:00;2022-02-22 00:00:00
Y122799;VEICOLI E MEZZI DI TRASPORTO NON MOTORIZZATI - ALTRI;S;;2022-02-23 00:00:00;
Y1230;AUSILI PER IL TRASFERIMENTO (N.T.COD. En Iso 1230);N;;2007-02-20 00:00:00;2022-02-23 00:00:00
Y123003;ASSI PER TRASFERIMENTO;S;;2007-02-20 00:00:00;2022-02-23 00:00:00
Y123009;SUPPORTI PER ALZARSI DAL LETTO;S;;2007-02-20 00:00:00;2022-02-23 00:00:00
Y123099;AUSILI PER IL TRASFERIMENTO - ALTRI;S;;2007-02-20 00:00:00;2022-02-23 00:00:00
Y1236;AUSILI PER IL SOLLEVAMENTO/SOLLEVAPERSONE (N.T.COD. En Iso 1236);N;;2007-02-20 00:00:00;2022-02-23 00:00:00
Y123603;SOLLEVATORI MOBILI;S;;2007-02-20 00:00:00;2022-02-23 00:00:00
Y123606;SOLLEVATORI MOBILI A SEDILE ELETTRICI;S;;2007-02-20 00:00:00;2022-02-23 00:00:00
Y123609;SOLLEVATORI MOBILI A BARELLA ELETTRICI;S;;2007-02-20 00:00:00;2022-02-23 00:00:00
Y123612;SOLLEVATORI FISSI A SOFFITTO ELETTRICI;S;;2007-02-20 00:00:00;2022-02-23 00:00:00
Y123615;SOLLEVATORI PER VASCA DA BAGNO;S;;2007-02-20 00:00:00;2022-02-23 00:00:00
Y123621;IMBRACATURE AD AMACA;S;;2007-02-20 00:00:00;2022-02-23 00:00:00
Y123699;AUSILI PER IL SOLLEVAMENTO/SOLLEVAPERSONE - ALTRI;S;;2007-02-20 00:00:00;2022-02-23 00:00:00
Y1299;AUSILI PER LA MOBILITA' PERSONALE - ALTRI;S;;2007-02-20 00:00:00;
Y15;AUSILI PER LA CURA DELLA CASA (N.T.COD. En Iso 15);N;;2007-02-20 00:00:00;2022-02-22 00:00:00
Y15;AUSILI PER LE ATTIVITA' DOMESTICHE (N.T.COD. En Iso 15);N;;2022-02-23 00:00:00;
Y1509;AUSILI PER MANGIARE E BERE;N;;2007-02-20 00:00:00;
Y150912;POSATE ADATTATE;S;;2007-02-20 00:00:00;
Y150915;BICCHIERI, TAZZE ADATTATE;S;;2007-02-20 00:00:00;
Y150918;PIATTI;S;;2007-02-20 00:00:00;2022-02-22 00:00:00
Y150918;PIATTI ADATTATI ;S;;2022-02-23 00:00:00;
Y150921;TAGLIERI E BORDI PER PIATTI;S;;2007-02-20 00:00:00;2022-02-22 00:00:00
Y150921;TAGLIERI ADATTATI E BORDI PER PIATTI;S;;2022-02-23 00:00:00;
Y150930;APPARECCHI ALIMENTATORI;S;;2007-02-20 00:00:00;2022-02-23 00:00:00
Y150999;AUSILI PER MANGIARE E BERE - ALTRI;S;;2007-02-20 00:00:00;
Y1599;AUSILI PER LA CURA DELLA CASA - ALTRI;S;;2007-02-20 00:00:00;2022-02-22 00:00:00
Y1599;AUSILI PER LE ATTIVITA' DOMESTICHE - ALTRI;S;;2022-02-23 00:00:00;
Y18;MOBILIA E ADATTAMENTI PER LA CASA O PER ALTRI EDIFICI (N.T.COD. En Iso 18);N;;2007-02-20 00:00:00;
Y1803;TAVOLI (N.T.COD. En Iso 1803);S;;2007-02-20 00:00:00;
Y1809;SEGGIOLONI/SISTEMI DI POSTURA/AUSILI PER LA POSIZIONE SEDUTA (N.T.COD. En Iso 1809);N;;2007-02-20 00:00:00;
Y180918;SEGGIOLONI POLIFUNZIONALI;S;;2007-02-20 00:00:00;
Y180939;SISTEMI DI POSTURA MODULARI E SU MISURA;S;;2007-02-20 00:00:00;2022-02-22 00:00:00
Y180939;SISTEMI DI POSTURA MODULARI;S;;2022-02-23 00:00:00;
Y180980;SEGGIOLONI/SISTEMI DI POSTURA/AUSILI PER LA POSIZIONE SEDUTA - ACCESSORI;S;;2022-02-23 00:00:00;
Y180999;SEGGIOLONI/SISTEMI DI POSTURA/AUSILI PER LA POSIZIONE SEDUTA - ALTRI;S;;2007-02-20 00:00:00;
Y1812;LETTI ORTOPEDICI (N.T.COD. En Iso 1812) (TRAVERSE ASSORBENTI (N.T.COD. En Iso 181215) vedi T040102);N;;2007-02-20 00:00:00;2022-02-23 00:00:00
Y181207;LETTI A UNO O DUE SNODI MANUALI;S;;2007-02-20 00:00:00;2022-02-23 00:00:00
Y181210;LETTI A DUE SNODI ELETTRICI;S;;2007-02-20 00:00:00;2022-02-23 00:00:00
Y181212;BASI PER LETTI MECCANICI O ELETTRICI;S;;2007-02-20 00:00:00;2022-02-23 00:00:00
Y181227;SPONDE PER LETTI;S;;2007-02-20 00:00:00;2022-02-23 00:00:00
Y181230;SUPPORTI PER LETTI;S;;2007-02-20 00:00:00;2022-02-23 00:00:00
Y181299;LETTI ORTOPEDICI - ALTRI;S;;2007-02-20 00:00:00;2022-02-23 00:00:00
Y1818;SISTEMI DI SOSTEGNO (N.T.COD. En Iso 1818);N;;2007-02-20 00:00:00;
Y181803;CORRIMANO;S;;2007-02-20 00:00:00;
Y181806;MANIGLIONI;S;;2022-02-23 00:00:00;
Y181809;BRACCIOLI DI SUPPORTO;S;;2007-02-20 00:00:00;
Y181899;SISTEMI DI SOSTEGNO - ALTRI;S;;2007-02-20 00:00:00;
Y1830;APPARECCHIATURE DI SOLLEVAMENTO (MONTASCALE) (N.T.COD. En Iso 1830);N;;2007-02-20 00:00:00;
Y183006;PIATTAFORME;S;;2007-02-20 00:00:00;2022-02-23 00:00:00
Y183009;CARRELLI SERVOSCALE A PIATTAFORMA;S;;2007-02-20 00:00:00;2022-02-23 00:00:00
Y183012;MONTASCALE MOBILI;S;;2007-02-20 00:00:00;
Y183015;RAMPE PORTATILI;S;;2007-02-20 00:00:00;
Y183099;APPARECCHIATURE DI SOLLEVAMENTO (MONTASCALE) - ALTRI;S;;2007-02-20 00:00:00;2022-02-22 00:00:00
Y183099;APPARECCHIATURE DI SOLLEVAMENTO (MONTASCALE) - ALTRE;S;;2022-02-23 00:00:00;
Y1899;MOBILIA E ADATTAMENTI PER LA CASA O PER ALTRI EDIFICI - ALTRI;S;;2007-02-20 00:00:00;
Y21;AUSILI PER COMUNICAZIONE, INFORMAZIONE E SEGNALAZIONE (N.T.COD. En Iso 21);N;;2007-02-20 00:00:00;2022-02-22 00:00:00
Y21;AUSILI PER LA COMUNICAZIONE E LA GESTIONE DELLÂ¿INFORMAZIONE (N.T.COD. En Iso 22);N;;2022-02-23 00:00:00;
Y2103;DISPOSITIVI OTTICI CORRETTIVI O AUSILI OTTICI (N.T.COD.En Iso2103);N;;2007-02-20 00:00:00;2022-02-22 00:00:00
Y2103;AUSILI OTTICI (N.T.COD.En Iso 2203);N;;2022-02-23 00:00:00;
Y210303;LENTI OFTALMICHE E MONTATURE;S;;2007-02-20 00:00:00;2012-02-19 00:00:00
Y210303;LENTI OFTALMICHE E MONTATURE;N;;2012-02-20 00:00:00;2022-02-23 00:00:00
Y21030301;LENTI OFTALMICHE;N;;2012-02-20 00:00:00;2022-02-23 00:00:00
Y2103030101;LENTI OFTALMICHE ORGANICHE (MATERIE PLASTICHE);N;;2012-02-20 00:00:00;2022-02-23 00:00:00
Y210303010101;LENTI OFTALMICHE  ORGANICHE MONOFOCALI;S;;2012-02-20 00:00:00;2022-02-23 00:00:00
Y210303010102;LENTI OFTALMICHE  ORGANICHE BIFOCALI;S;;2012-02-20 00:00:00;2022-02-23 00:00:00
Y210303010103;LENTI OFTALMICHE  ORGANICHE PROGRESSIVE;S;;2012-02-20 00:00:00;2022-02-23 00:00:00
Y210303010199;LENTI OFTALMICHE  ORGANICHE - ALTRE;S;;2012-02-20 00:00:00;2022-02-23 00:00:00
Y2103030102;LENTI OFTALMICHE  MINERALI (VETRO) ;N;;2012-02-20 00:00:00;2022-02-23 00:00:00
Y210303010201;LENTI OFTALMICHE  MINERALI MONOFOCALI ;S;;2012-02-20 00:00:00;2022-02-23 00:00:00
Y210303010202;LENTI OFTALMICHE  MINERALI BIFOCALI ;S;;2012-02-20 00:00:00;2022-02-23 00:00:00
Y210303010203;LENTI OFTALMICHE  MINERALI PROGRESSIVE ;S;;2012-02-20 00:00:00;2022-02-23 00:00:00
Y210303010299;LENTI OFTALMICHE  MINERALI - ALTRE ;S;;2012-02-20 00:00:00;2022-02-23 00:00:00
Y21030302;MONTATURE SENZA LENTI  ;N;;2012-02-20 00:00:00;2022-02-23 00:00:00
Y2103030201;MONTATURE SENZA LENTI IN METALLO  ;S;;2012-02-20 00:00:00;2022-02-23 00:00:00
Y2103030202;MONTATURE SENZA LENTI IN PLASTICA  ;S;;2012-02-20 00:00:00;2022-02-23 00:00:00
Y2103030203;MONTATURE SENZA LENTI IN METALLO E PLASTICA  ;S;;2012-02-20 00:00:00;2022-02-23 00:00:00
Y2103030299;MONTATURE SENZA LENTI - ALTRE ;S;;2012-02-20 00:00:00;2022-02-23 00:00:00
Y21030303;LENTI OFTALMICHE  PRE MONTATE ;N;;2012-02-20 00:00:00;2022-02-23 00:00:00
Y2103030301;LENTI OFTALMICHE  ORGANICHE PRE MONTATE ;N;;2012-02-20 00:00:00;2022-02-23 00:00:00
Y210303030101;LENTI OFTALMICHE ORGANICHE PREMONTATE CON MONTATURE IN METALLO ;S;;2012-02-20 00:00:00;2022-02-23 00:00:00
Y210303030102;LENTI OFTALMICHE  ORGANICHE PREMONTATE CON MONTATURE IN PLASTICA;S;;2012-02-20 00:00:00;2022-02-23 00:00:00
Y210303030103;LENTI OFTALMICHE ORGANICHE PREMONTATE CON MONTATURE IN METALLO - PLASTICA;S;;2012-02-20 00:00:00;2022-02-23 00:00:00
Y210303030199;LENTI OFTALMICHE  ORGANICHE  PRE MONTATE - ALTRE ;S;;2012-02-20 00:00:00;2022-02-23 00:00:00
Y2103030302;LENTI OFTALMICHE  MINERALI PRE MONTATE ;N;;2012-02-20 00:00:00;2022-02-23 00:00:00
Y210303030201;LENTI OFTALMICHE MINERALIPREMONTATE CON MONTATURE IN METALLO ;S;;2012-02-20 00:00:00;2022-02-23 00:00:00
Y210303030202;LENTI OFTALMICHE  MINERALI PREMONTATE CON MONTATURE IN PLASTICA ;S;;2012-02-20 00:00:00;2022-02-23 00:00:00
Y210303030203;LENTI OFTALMICHE  MINERALI PREMONTATE CON MONTATURE IN METALLO - PLASTICA;S;;2012-02-20 00:00:00;2022-02-23 00:00:00
Y210303030299;LENTI OFTALMICHE  MINERALI  PRE MONTATE - ALTRE;S;;2012-02-20 00:00:00;2022-02-23 00:00:00
Y210306;LENTI OFTALMICHE PRISMATICHE PER L'INNALZAMENTO O ABBASSAMENTO DELL'OCCHIO CON PROTESI;S;;2007-02-20 00:00:00;
Y210309;LENTI A CONTATTO;S;;2007-02-20 00:00:00;2022-02-23 00:00:00
Y210321;SISTEMI TELESCOPICI/CANNOCCHIALI DA OCCHIALI PER VISIONE LONTANA;S;;2007-02-20 00:00:00;
Y210324;SISTEMI TELESCOPICI/CANNOCCHIALI DA OCCHIALI PER VISIONE VICINA;S;;2007-02-20 00:00:00;
Y210327;LEGGII SCORREVOLI;S;;2007-02-20 00:00:00;2022-02-23 00:00:00
Y210330;LENTI A DOPPIETTO ACROMATICO INGRANDENTI;S;;2007-02-20 00:00:00;
Y210333;OCCHIALI PRISMATICI;S;;2007-02-20 00:00:00;
Y210336;FILTRI PER OCCLUSIONE E ANTIRADIAZIONI;S;;2007-02-20 00:00:00;
Y210399;DISPOSITIVI OTTICI CORRETTIVI O AUSILI OTTICI - ALTRI;S;;2007-02-20 00:00:00;2022-02-22 00:00:00
Y210399;AUSILI OTTICI - ALTRI;S;;2022-02-23 00:00:00;
Y2106;AUSILI OTTICI ELETTRONICI (N.T.COD.En Iso2106);N;;2007-02-20 00:00:00;
Y210603;VIDEOINGRANDITORI;S;;2007-02-20 00:00:00;
Y210606;SISTEMI OCR;S;;2007-02-20 00:00:00;
Y210609;INGRANDITORI PER PERSONAL COMPUTER;S;;2007-02-20 00:00:00;
Y210699;AUSILI OTTICI ELETTRONICI - ALTRI;S;;2007-02-20 00:00:00;
Y2109;PERIFERICHE DI INPUT E DI OUTPUT PER COMPUTER (N.T.COD.En Iso2109);N;;2007-02-20 00:00:00;
Y210904;DISPOSITIVI DI ASSISTENZA AL P.C.;S;;2007-02-20 00:00:00;2022-02-23 00:00:00
Y210905;INTERFACCIA PER SENSORI ESTERNI;S;;2007-02-20 00:00:00;
Y210906;EMULATORI DI MOUSE E TASTIERA;S;;2007-02-20 00:00:00;
Y210908;AGENDE ELETTRONICHE BRAILLE;S;;2007-02-20 00:00:00;2008-06-30 00:00:00
Y210909;STAMPANTI BRAILLE;S;;2007-02-20 00:00:00;2008-06-30 00:00:00
Y210912;DISPLAY BRAILLE E LETTORI DI SCHERMO;S;;2007-02-20 00:00:00;2008-06-30 00:00:00
Y210915;DISPOSITIVI DI SINTESI VOCALE;S;;2007-02-20 00:00:00;
Y210924;SOSTEGNI PER BRACCIO;S;;2007-02-20 00:00:00;
Y210999;PERIFERICHE DI INPUT E DI OUTPUT PER COMPUTER - ALTRE;S;;2007-02-20 00:00:00;
Y2115;MACCHINE DA SCRIVERE E SISTEMI DI ELABORAZIONE DI TESTI (N.T.COD.En Iso2115);N;;2007-02-20 00:00:00;
Y211512;TAVOLETTE PER SCRITTURA BRAILLE;S;;2007-02-20 00:00:00;2008-06-30 00:00:00
Y211518;SOFTWARE PER SCRITTURA;S;;2007-02-20 00:00:00;
Y211599;MACCHINE DA SCRIVERE E SISTEMI DI ELABORAZIONE DI TESTI - ALTRI;S;;2007-02-20 00:00:00;
Y2127;AUSILI NON OTTICI PER LA LETTURA (N.T.COD.En Iso2127);N;;2007-02-20 00:00:00;
Y212703;VOLTAPAGINE;S;;2007-02-20 00:00:00;
Y212706;LEGGII;S;;2007-02-20 00:00:00;
Y212799;AUSILI NON OTTICI PER LA LETTURA - ALTRI;S;;2007-02-20 00:00:00;2022-02-23 00:00:00
Y2136;TELEFONI E AUSILI PER TELEFONARE (N.T.COD.En Iso2136);N;;2007-02-20 00:00:00;
Y213603;TELEFONI AD ACCESSO FACILITATO;S;;2007-02-20 00:00:00;
Y213609;COMUNICATORI TELEFONICI;S;;2007-02-20 00:00:00;
Y213624;DISPOSITIVI SOSTITUTIVI DELLA CORNETTA TELEFONICA E SEGNALATORI DI CHIAMATA;S;;2007-02-20 00:00:00;
Y213636;SISTEMI DI COMUNICAZIONE TELEFONICA PER P.C.;S;;2007-02-20 00:00:00;2022-02-23 00:00:00
Y213699;TELEFONI E AUSILI PER TELEFONARE - ALTRI;S;;2007-02-20 00:00:00;
Y2139;SISTEMI DI TRASMISSIONE DEL SUONO (N.T.COD.En Iso2139);N;;2007-02-20 00:00:00;
Y213924;RICE-TRASMETTITORI MF;S;;2007-02-20 00:00:00;
Y213927;RICE-TRASMETTITORI IR;S;;2007-02-20 00:00:00;2022-02-23 00:00:00
Y213999;SISTEMI DI TRASMISSIONE DEL SUONO - ALTRI;S;;2007-02-20 00:00:00;
Y2142;AUSILI PER LA COMUNICAZIONE INTERPERSONALE (N.T.COD.En Iso2142);N;;2007-02-20 00:00:00;
Y214203;CORREDI CARTACEI E SOFTWARE PER LA COMUNICAZIONE;S;;2007-02-20 00:00:00;2022-02-23 00:00:00
Y214209;COMUNICATORI ALFABETICI E SIMBOLICI;S;;2007-02-20 00:00:00;
Y214212;GENERATORI DI VOCE;S;;2007-02-20 00:00:00;
Y214224;SOFTWARE PER COMUNICAZIONE AUMENTATIVA;S;;2007-02-20 00:00:00;
Y214299;AUSILI PER LA COMUNICAZIONE INTERPERSONALE - ALTRI;S;;2007-02-20 00:00:00;
Y2145;APPARECCHI ACUSTICI O AUSILI PER L'UDITO (N.T.COD En Iso 2145);N;;2007-02-20 00:00:00;
Y214506;APPARECCHI ACUSTICI RETROAURICOLARI;S;;2007-02-20 00:00:00;2022-02-22 00:00:00
Y214506;APPARECCHI ACUSTICI PER TRASMISSIONE AEREA;N;;2022-02-23 00:00:00;
Y214506;APPARECCHI ACUSTICI RETROAURICOLARI;N;;2022-02-23 00:00:00;2022-02-23 00:00:00
Y21450601;APPARECCHI ACUSTICI RETROAURICOLARI ;N;;2022-02-23 00:00:00;
Y2145060101;APPARECCHI ACUSTICI RETROAURICOLARI CON RICEVITORE NEL DISPOSITIVO (BTE) ;S;;2022-02-23 00:00:00;
Y2145060102;APPARECCHI ACUSTICI RETROAURICOLARI CON RICEVITORE NELL'ORECCHIO (RIC, RITE);S;;2022-02-23 00:00:00;
Y21450602;APPARECCHI ACUSTICI ENDOAURICOLARI;N;;2022-02-23 00:00:00;
Y2145060201;APPARECCHI ACUSTICI ENDOAURICOLARI INTERNAL-IN THE- EAR (ITE);S;;2022-02-23 00:00:00;
Y2145060202;APPARECCHI ACUSTICI ENDOAURICOLARI  IN-THE-CANAL (ITC);S;;2022-02-23 00:00:00;
Y2145060203;APPARECCHI ACUSTICI ENDOAURICOLARI  COMPLETELY-IN-THE-CANAL (CIC);S;;2022-02-23 00:00:00;
Y2145060204;APPARECCHI ACUSTICI ENDOAURICOLARI  INVISIBLE-IN-THE-CANAL (IIC);S;;2022-02-23 00:00:00;
Y21450603;APPARECCHI ACUSTICI A SCATOLA;S;;2022-02-23 00:00:00;
Y214509;APPARECCHI ACUSTICI AD OCCHIALE;S;;2007-02-20 00:00:00;2022-02-22 00:00:00
Y214509;APPARECCHI ACUSTICI  PER TRASMISSIONE OSSEA ;N;;2022-02-23 00:00:00;
Y214509;APPARECCHI ACUSTICI AD OCCHIALE;N;;2022-02-23 00:00:00;2022-02-23 00:00:00
Y21450901;APPARECCHI ACUSTICI AD OCCHIALE ;S;;2022-02-23 00:00:00;
Y21450902;APPARECCHI ACUSTICI AD ARCHETTO;S;;2022-02-23 00:00:00;
Y21450903;APPARECCHI ACUSTICI MEDIANTE FASCIA ELASTICA;S;;2022-02-23 00:00:00;
Y21450904;APPARECCHI ACUSTICI MEDIANTE CEROTTO ADESIVO;S;;2022-02-23 00:00:00;
Y214512;APPARECCHI ACUSTICI A SCATOLA;S;;2007-02-20 00:00:00;2022-02-23 00:00:00
Y214580;APPARECCHI ACUSTICI O AUSILI PER L'UDITO - ACCESSORI;S;;2022-02-23 00:00:00;
Y214599;APPARECCHI ACUSTICI O AUSILI PER L'UDITO - ALTRI;S;;2007-02-20 00:00:00;
Y2151;SISTEMI DI ALLARME (N.T.COD En Iso 2151);N;;2007-02-20 00:00:00;2022-02-22 00:00:00
Y2151;SISTEMI DI ALLARME E AUSILI DI SEGNALAZIONE, INDICAZIONE E PROMEMORIA (N.T.COD En ISO 2223);N;;2022-02-23 00:00:00;
Y215103;SISTEMI DI ALLARME A TELECOMANDO SEMPLICI O MULTIPLI;S;;2007-02-20 00:00:00;2022-02-23 00:00:00
Y215112;OROLOGI PER DISABILI;S;;2022-02-23 00:00:00;
Y215199;SISTEMI DI ALLARME - ALTRI;S;;2007-02-20 00:00:00;2022-02-22 00:00:00
Y215199;SISTEMI DI ALLARME E AUSILI DI SEGNALAZIONE, INDICAZIONE E PROMEMORIA - ALTRI;S;;2022-02-23 00:00:00;
Y2199;AUSILI PER COMUNICAZIONE, INFORMAZIONE E SEGNALAZIONE - ALTRI;S;;2007-02-20 00:00:00;2022-02-22 00:00:00
Y2199;AUSILI PER LA COMUNICAZIONE E LA GESTIONE DELLÂ¿INFORMAZIONE - ALTRI;S;;2022-02-23 00:00:00;
Y24;AUSILI PER MANOVRARE OGGETTI O DISPOSITIVI (N.T.COD. En Iso 24);N;;2007-02-20 00:00:00;
Y2409;DISPOSITIVI E SISTEMI DI COMANDO (N.T.COD En Iso 2409);N;;2007-02-20 00:00:00;
Y240918;SENSORI DI COMANDO;S;;2007-02-20 00:00:00;
Y240999;DISPOSITIVI E SISTEMI DI COMANDO - ALTRI;S;;2007-02-20 00:00:00;
Y2412;SISTEMI DI CONTROLLO D'AMBIENTE (N.T.COD En Iso 2412);N;;2007-02-20 00:00:00;
Y241203;TELECOMANDI PROGRAMMABILI, SISTEMI DOMOTICI, SATELLITI DI CONTROLLO;S;;2007-02-20 00:00:00;
Y241299;SISTEMI DI CONTROLLO D'AMBIENTE - ALTRI;S;;2007-02-20 00:00:00;
Y2418;AUSILI PER ASSISTERE E/O SOSTITUIRE FUNZIONI DI BRACCIA E/O MANI E/O DITA (N.T.COD En Iso 2418);N;;2007-02-20 00:00:00;
Y241815;CASCHETTI FUNZIONALI;S;;2007-02-20 00:00:00;
Y241899;AUSILI PER ASSISTERE E/O SOSTITUIRE FUNZIONI DI BRACCIA E/O MANI E/O DITA - ALTRI;S;;2007-02-20 00:00:00;
Y2421;AUSILI PER RAGGIUNGERE E PRENDERE ALTRI OGGETTI (DISTANTI) (N.T.COD En Iso 2421);N;;2007-02-20 00:00:00;
Y242103;PINZE PRENSILI MANUALI;S;;2007-02-20 00:00:00;
Y242199;AUSILI PER RAGGIUNGERE E PRENDERE ALTRI OGGETTI (DISTANTI) - ALTRI;S;;2007-02-20 00:00:00;
Y2499;AUSILI PER MANOVRARE OGGETTI O DISPOSITIVI - ALTRI;S;;2007-02-20 00:00:00;
Y99;SUPPORTI O AUSILI TECNICI PER PERSONE DISABILI - ALTRI;S;;2007-02-20 00:00:00;2022-02-22 00:00:00
Y99;DISPOSITIVI PER PERSONE CON DISABILITAÂ¿ NON COMPRESI IN ALTRE CATEGORIE - ALTRI;S;;2022-02-23 00:00:00;
Z;APPARECCHIATURE SANITARIE E RELATIVI COMPONENTI ACCESSORI E MATERIALI;N;;2007-02-20 00:00:00;2022-02-22 00:00:00
Z;APPARECCHIATURE SANITARIE E RELATIVI ACCESSORI, SOFTWARE E MATERIALI SPECIFICI;N;;2022-02-23 00:00:00;
Z11;STRUMENTAZIONE PER BIOIMMAGINI E RADIOTERAPIA;N;;2007-02-20 00:00:00;
Z1101;STRUMENTAZIONE PER RADIOTERAPIA E RADIOCHIRURGIA;N;;2007-02-20 00:00:00;
Z110101;ACCELERATORI LINEARI;N;;2007-02-20 00:00:00;
Z11010101;ACCELERATORI LINEARI AD ENERGIA SINGOLA;S;ALI01;2007-02-20 00:00:00;
Z11010102;ACCELERATORI LINEARI AD ENERGIA MEDIA E MULTIPLA;S;ALI02;2007-02-20 00:00:00;
Z11010103;ACCELERATORI LINEARI AD ENERGIA ALTA E MULTIPLA;S;ALI03;2007-02-20 00:00:00;
Z11010104;ACCELERATORI LINEARI INTRAOPERATORI;S;RTP;2007-02-20 00:00:00;
Z11010180;ACCELERATORI LINEARI - COMPONENTI ACCESSORI HARDWARE;S;;2007-02-20 00:00:00;2022-02-22 00:00:00
Z11010180;ACCELERATORI LINEARI  - ACCESSORI HARDWARE;S;;2022-02-23 00:00:00;
Z11010182;ACCELERATORI LINEARI - COMPONENTI ACCESSORI SOFTWARE;S;;2007-02-20 00:00:00;2022-02-22 00:00:00
Z11010182;ACCELERATORI LINEARI  - ACCESSORI SOFTWARE;S;;2022-02-23 00:00:00;
Z11010185;ACCELERATORI LINEARI - MATERIALI SPECIFICI;S;;2007-02-20 00:00:00;
Z11010192;ACCELERATORI LINEARI  - DISPOSITIVI MEDICI SOFTWARE;S;;2022-02-23 00:00:00;
Z11010199;ACCELERATORI LINEARI NON ALTRIMENTI CLASSIFICATI;S;;2007-02-20 00:00:00;2022-02-22 00:00:00
Z11010199;ACCELERATORI LINEARI - ALTRI;S;;2022-02-23 00:00:00;
Z110102;STRUMENTAZIONE PER SIMULAZIONE IN RADIOTERAPIA;N;;2007-02-20 00:00:00;
Z11010201;SIMULATORI PER RADIOTERAPIA;S;SRT;2007-02-20 00:00:00;
Z11010202;TAC PER SIMULAZIONE PER RADIOTERAPIA;S;TCZ;2007-02-20 00:00:00;2022-02-22 00:00:00
Z11010202;TC PER SIMULAZIONE PER RADIOTERAPIA;S;TCZ;2022-02-23 00:00:00;
Z11010280;STRUMENTAZIONE PER SIMULAZIONE IN RADIOTERAPIA - COMPONENTI ACCESSORI HARDWARE;S;;2007-02-20 00:00:00;2022-02-22 00:00:00
Z11010280;STRUMENTAZIONE PER SIMULAZIONE IN RADIOTERAPIA  - ACCESSORI HARDWARE;S;;2022-02-23 00:00:00;
Z11010282;STRUMENTAZIONE PER SIMULAZIONE IN RADIOTERAPIA - COMPONENTI ACCESSORI SOFTWARE;S;;2007-02-20 00:00:00;2022-02-22 00:00:00
Z11010282;STRUMENTAZIONE PER SIMULAZIONE IN RADIOTERAPIA  - ACCESSORI SOFTWARE;S;;2022-02-23 00:00:00;
Z11010285;STRUMENTAZIONE PER SIMULAZIONE IN RADIOTERAPIA - MATERIALI SPECIFICI;S;;2007-02-20 00:00:00;
Z11010292;STRUMENTAZIONE PER SIMULAZIONE IN RADIOTERAPIA  - DISPOSITIVI MEDICI SOFTWARE;S;;2022-02-23 00:00:00;
Z110103;STRUMENTAZIONE PER BRACHITERAPIA RADIANTE;N;;2007-02-20 00:00:00;
Z11010301;SISTEMI PER BRACHITERAPIA RADIANTE;S;BRR;2007-02-20 00:00:00;
Z11010380;STRUMENTAZIONE PER BRACHITERAPIA RADIANTE - COMPONENTI ACCESSORI HARDWARE;S;;2007-02-20 00:00:00;2022-02-22 00:00:00
Z11010380;STRUMENTAZIONE PER BRACHITERAPIA RADIANTE  - ACCESSORI HARDWARE;S;;2022-02-23 00:00:00;
Z11010382;STRUMENTAZIONE PER BRACHITERAPIA RADIANTE - COMPONENTI ACCESSORI SOFTWARE;S;;2007-02-20 00:00:00;2022-02-22 00:00:00
Z11010382;STRUMENTAZIONE PER BRACHITERAPIA RADIANTE  - ACCESSORI SOFTWARE;S;;2022-02-23 00:00:00;
Z11010385;STRUMENTAZIONE PER BRACHITERAPIA RADIANTE - MATERIALI SPECIFICI;S;;2007-02-20 00:00:00;
Z11010392;STRUMENTAZIONE PER BRACHITERAPIA RADIANTE  - DISPOSITIVI MEDICI SOFTWARE;S;;2022-02-23 00:00:00;
Z110104;STRUMENTAZIONE PER ELABORAZIONE DI PIANI DI RADIOTERAPIA;N;;2007-02-20 00:00:00;
Z11010401;SISTEMI PER ELABORAZIONE DI PIANI DI RADIOTERAPIA;S;PRT;2007-02-20 00:00:00;
Z11010480;STRUMENTAZIONE PER ELABORAZIONE DI PIANI DI RADIOTERAPIA - COMPONENTI ACCESSORI HARDWARE;S;;2007-02-20 00:00:00;2022-02-22 00:00:00
Z11010480;STRUMENTAZIONE PER ELABORAZIONE DI PIANI DI RADIOTERAPIA  - ACCESSORI HARDWARE;S;;2022-02-23 00:00:00;
Z11010482;STRUMENTAZIONE PER ELABORAZIONE DI PIANI DI RADIOTERAPIA - COMPONENTI ACCESSORI SOFTWARE;S;;2007-02-20 00:00:00;2022-02-22 00:00:00
Z11010482;STRUMENTAZIONE PER ELABORAZIONE DI PIANI DI RADIOTERAPIA  - ACCESSORI SOFTWARE;S;;2022-02-23 00:00:00;
Z11010485;STRUMENTAZIONE PER ELABORAZIONE DI PIANI DI RADIOTERAPIA - MATERIALI SPECIFICI;S;;2007-02-20 00:00:00;
Z11010492;STRUMENTAZIONE PER ELABORAZIONE DI PIANI DI RADIOTERAPIA  - DISPOSITIVI MEDICI SOFTWARE;S;;2022-02-23 00:00:00;
Z110105;STRUMENTAZIONE PER RADIOTERAPIA INTRAVASCOLARE;N;;2007-02-20 00:00:00;
Z11010501;SISTEMI PER RADIOTERAPIA INTRAVASCOLARE;S;RAN;2007-02-20 00:00:00;
Z11010580;STRUMENTAZIONE PER RADIOTERAPIA INTRAVASCOLARE - COMPONENTI ACCESSORI HARDWARE;S;;2007-02-20 00:00:00;2022-02-22 00:00:00
Z11010580;STRUMENTAZIONE PER RADIOTERAPIA INTRAVASCOLARE  - ACCESSORI HARDWARE;S;;2022-02-23 00:00:00;
Z11010582;STRUMENTAZIONE PER RADIOTERAPIA INTRAVASCOLARE - COMPONENTI ACCESSORI SOFTWARE;S;;2007-02-20 00:00:00;2022-02-22 00:00:00
Z11010582;STRUMENTAZIONE PER RADIOTERAPIA INTRAVASCOLARE  - ACCESSORI SOFTWARE;S;;2022-02-23 00:00:00;
Z11010585;STRUMENTAZIONE PER RADIOTERAPIA INTRAVASCOLARE - MATERIALI SPECIFICI;S;;2007-02-20 00:00:00;
Z11010592;STRUMENTAZIONE PER RADIOTERAPIA INTRAVASCOLARE  - DISPOSITIVI MEDICI SOFTWARE;S;;2022-02-23 00:00:00;
Z110107;STRUMENTAZIONE PER RADIOCHIRURGIA;N;;2007-02-20 00:00:00;
Z11010701;SISTEMI PER RADIOCHIRURGIA;S;RDG;2007-02-20 00:00:00;
Z11010780;STRUMENTAZIONE PER RADIOCHIRURGIA - COMPONENTI ACCESSORI HARDWARE;S;;2007-02-20 00:00:00;2022-02-22 00:00:00
Z11010780;STRUMENTAZIONE PER RADIOCHIRURGIA  - ACCESSORI HARDWARE;S;;2022-02-23 00:00:00;
Z11010782;STRUMENTAZIONE PER RADIOCHIRURGIA - COMPONENTI ACCESSORI SOFTWARE;S;;2007-02-20 00:00:00;2022-02-22 00:00:00
Z11010782;STRUMENTAZIONE PER RADIOCHIRURGIA  - ACCESSORI SOFTWARE;S;;2022-02-23 00:00:00;
Z11010785;STRUMENTAZIONE PER RADIOCHIRURGIA - MATERIALI SPECIFICI;S;;2007-02-20 00:00:00;
Z11010792;STRUMENTAZIONE PER RADIOCHIRURGIA  - DISPOSITIVI MEDICI SOFTWARE;S;;2022-02-23 00:00:00;
Z110108;STRUMENTAZIONE PER TOMOTERAPIA;N;;2007-02-20 00:00:00;
Z11010801;SISTEMI PER TOMOTERAPIA;S;TER;2007-02-20 00:00:00;
Z11010880;STRUMENTAZIONE PER TOMOTERAPIA - COMPONENTI ACCESSORI HARDWARE;S;;2007-02-20 00:00:00;2022-02-22 00:00:00
Z11010880;STRUMENTAZIONE PER TOMOTERAPIA  - ACCESSORI HARDWARE;S;;2022-02-23 00:00:00;
Z11010882;STRUMENTAZIONE PER TOMOTERAPIA - COMPONENTI ACCESSORI SOFTWARE;S;;2007-02-20 00:00:00;2022-02-22 00:00:00
Z11010882;STRUMENTAZIONE PER TOMOTERAPIA  - ACCESSORI SOFTWARE;S;;2022-02-23 00:00:00;
Z11010885;STRUMENTAZIONE PER TOMOTERAPIA - MATERIALI SPECIFICI;S;;2007-02-20 00:00:00;
Z11010892;STRUMENTAZIONE PER TOMOTERAPIA  - DISPOSITIVI MEDICI SOFTWARE;S;;2022-02-23 00:00:00;
Z110109;STRUMENTAZIONE PER RADIOTERAPIA CON RISONANZA MAGNETICA;N;;2022-02-23 00:00:00;
Z11010901;SISTEMI INTEGRATI PER RADIOTERAPIA CON RISONANZA MAGNETICA;S;;2022-02-23 00:00:00;
Z11010980;STRUMENTAZIONE  PER RADIOTERAPIA CON RISONANZA MAGNETICA  - ACCESSORI HARDWARE;S;;2022-02-23 00:00:00;
Z11010982;STRUMENTAZIONE  PER RADIOTERAPIA CON RISONANZA MAGNETICA - ACCESSORI SOFTWARE;S;;2022-02-23 00:00:00;
Z11010985;STRUMENTAZIONE  PER RADIOTERAPIA CON RISONANZA MAGNETICA - MATERIALI SPECIFICI;S;;2022-02-23 00:00:00;
Z11010992;STRUMENTAZIONE  PER RADIOTERAPIA CON RISONANZA MAGNETICA - DISPOSITIVI MEDICI SOFTWARE;S;;2022-02-23 00:00:00;
Z110110;STRUMENTAZIONE PER LA TERAPIA PROTONICA;N;;2022-02-23 00:00:00;
Z11011001;SISTEMI PER LA TERAPIA PROTONICA;S;;2022-02-23 00:00:00;
Z11011080;STRUMENTAZIONE PER LA TERAPIA PROTONICA - ACCESSORI HARDWARE;S;;2022-02-23 00:00:00;
Z11011082;STRUMENTAZIONE PER LA TERAPIA PROTONICA - ACCESSORI SOFTWARE;S;;2022-02-23 00:00:00;
Z11011085;STRUMENTAZIONE PER LA TERAPIA PROTONICA - MATERIALI SPECIFICI;S;;2022-02-23 00:00:00;
Z11011092;STRUMENTAZIONE PER LA TERAPIA PROTONICA - DISPOSITIVI MEDICI SOFTWARE;S;;2022-02-23 00:00:00;
Z110190;STRUMENTAZIONE VARIA PER RADIOTERAPIA;N;;2007-02-20 00:00:00;2011-08-29 00:00:00
Z110190;STRUMENTAZIONE VARIA PER RADIOTERAPIA E RADIOCHIRURGIA;N;;2011-08-30 00:00:00;
Z11019001;APPARECCHIATURE PER CESIOTERAPIA;S;CET;2007-02-20 00:00:00;
Z11019002;APPARECCHIATURE PER COBALTO TERAPIA;S;CTE;2007-02-20 00:00:00;
Z11019003;APPARECCHIATURE PER RADIOTERAPIA;S;RAT;2007-02-20 00:00:00;2011-08-30 00:00:00
Z11019004;TRACCIATORI AUTOMATICO DI CURVE;S;TAO;2007-02-20 00:00:00;
Z11019005;TAGLIATORI PER SCHERMATURE;S;TPS;2007-02-20 00:00:00;
Z11019080;STRUMENTAZIONE VARIA PER RADIOTERAPIA - COMPONENTI ACCESSORI HARDWARE;S;;2007-02-20 00:00:00;2011-08-29 00:00:00
Z11019080;STRUMENTAZIONE VARIA PER RADIOTERAPIA E RADIOCHIRURGIA - COMPONENTI ACCESSORI HARDWARE;S;;2011-08-30 00:00:00;2022-02-22 00:00:00
Z11019080;STRUMENTAZIONE VARIA PER RADIOTERAPIA E RADIOCHIRURGIA  - ACCESSORI HARDWARE;S;;2022-02-23 00:00:00;
Z11019082;STRUMENTAZIONE VARIA PER RADIOTERAPIA - COMPONENTI ACCESSORI SOFTWARE;S;;2007-02-20 00:00:00;2011-08-29 00:00:00
Z11019082;STRUMENTAZIONE VARIA PER RADIOTERAPIA E RADIOCHIRURGIA - COMPONENTI ACCESSORI SOFTWARE;S;;2011-08-30 00:00:00;2022-02-22 00:00:00
Z11019082;STRUMENTAZIONE VARIA PER RADIOTERAPIA E RADIOCHIRURGIA  - ACCESSORI SOFTWARE;S;;2022-02-23 00:00:00;
Z11019085;STRUMENTAZIONE VARIA PER RADIOTERAPIA - MATERIALI SPECIFICI;S;;2007-02-20 00:00:00;2011-08-29 00:00:00
Z11019085;STRUMENTAZIONE VARIA PER RADIOTERAPIA E RADIOCHIRURGIA - MATERIALI SPECIFICI;S;;2011-08-30 00:00:00;
Z11019092;STRUMENTAZIONE VARIA PER RADIOTERAPIA E RADIOCHIRURGIA  - DISPOSITIVI MEDICI SOFTWARE;S;;2022-02-23 00:00:00;
Z11019099;STRUMENTAZIONE VARIA PER RADIOTERAPIA NON ALTRIMENTI CLASSIFICATA;S;;2007-02-20 00:00:00;2011-08-29 00:00:00
Z11019099;STRUMENTAZIONE VARIA PER RADIOTERAPIA E RADIOCHIRURGIA NON ALTRIMENTI CLASSIFICATI;S;;2011-08-30 00:00:00;2022-02-22 00:00:00
Z11019099;STRUMENTAZIONE VARIA PER RADIOTERAPIA E RADIOCHIRURGIA - ALTRA;S;;2022-02-23 00:00:00;
Z1102;STRUMENTAZIONE PER MEDICINA NUCLEARE;N;;2007-02-20 00:00:00;
Z110201;GAMMA CAMERE COMPUTERIZZATE;N;GCC;2007-02-20 00:00:00;
Z11020101;GAMMA CAMERE MOBILI;S;GMO;2007-02-20 00:00:00;
Z11020102;"GAMMA CAMERE IN STAZIONE FISSA A SINGOLA TESTATA - SENZA ACQUISIZIONE ""TOTAL BODY""";S;GCC01;2007-02-20 00:00:00;
Z11020103;"GAMMA CAMERE IN STAZIONE FISSA A SINGOLA TESTATA - CON ACQUISIZIONE ""TOTAL BODY""";S;GCC02;2007-02-20 00:00:00;
Z11020104;"GAMMA CAMERE IN STAZIONE FISSA A TESTATA MULTIPLA - SENZA ACQUISIZIONE ""TOTAL BODY""";S;GCC03;2007-02-20 00:00:00;
Z11020105;"GAMMA CAMERE IN STAZIONE FISSA A TESTATA MULTIPLA - CON ACQUISIZIONE ""TOTAL BODY""";S;GCC04;2007-02-20 00:00:00;
Z11020180;GAMMA CAMERE COMPUTERIZZATA - COMPONENTI ACCESSORI HARDWARE;S;;2007-02-20 00:00:00;2022-02-22 00:00:00
Z11020180;GAMMA CAMERE COMPUTERIZZATE  - ACCESSORI HARDWARE;S;;2022-02-23 00:00:00;
Z11020182;GAMMA CAMERE COMPUTERIZZATA - COMPONENTI ACCESSORI SOFTWARE;S;;2007-02-20 00:00:00;2022-02-22 00:00:00
Z11020182;GAMMA CAMERE COMPUTERIZZATE  - ACCESSORI SOFTWARE;S;;2022-02-23 00:00:00;
Z11020185;GAMMA CAMERE COMPUTERIZZATA - MATERIALI SPECIFICI;S;;2007-02-20 00:00:00;2022-02-22 00:00:00
Z11020185;GAMMA CAMERE COMPUTERIZZATE - MATERIALI SPECIFICI;S;;2022-02-23 00:00:00;
Z11020192;GAMMA CAMERE COMPUTERIZZATE  - DISPOSITIVI MEDICI SOFTWARE;S;;2022-02-23 00:00:00;
Z110202;SISTEMI TAC/GAMMA CAMERA INTEGRATI;N;;2007-02-20 00:00:00;2022-02-22 00:00:00
Z110202;SISTEMI TC/GAMMA CAMERA INTEGRATI;N;;2022-02-23 00:00:00;
Z11020201;SISTEMI TAC/GAMMA CAMERA;S;GTT;2007-02-20 00:00:00;2022-02-22 00:00:00
Z11020201;SISTEMI TC/GAMMA CAMERA;S;GTT;2022-02-23 00:00:00;
Z11020280;SISTEMI TAC/GAMMA CAMERA INTEGRATO - COMPONENTI ACCESSORI HARDWARE;S;;2007-02-20 00:00:00;2022-02-22 00:00:00
Z11020280;SISTEMI TC/GAMMA CAMERA INTEGRATI - ACCESSORI HARDWARE;S;;2022-02-23 00:00:00;
Z11020282;SISTEMI TAC/GAMMA CAMERA INTEGRATO - COMPONENTI ACCESSORI SOFTWARE;S;;2007-02-20 00:00:00;2022-02-22 00:00:00
Z11020282;SISTEMI TC/GAMMA CAMERA INTEGRATI - ACCESSORI SOFTWARE;S;;2022-02-23 00:00:00;
Z11020285;SISTEMI TAC/GAMMA CAMERA INTEGRATO - MATERIALI SPECIFICI;S;;2007-02-20 00:00:00;2022-02-22 00:00:00
Z11020285;SISTEMI TC/GAMMA CAMERA INTEGRATI - MATERIALI SPECIFICI;S;;2022-02-23 00:00:00;
Z11020292;SISTEMI TC/GAMMA CAMERA INTEGRATI - DISPOSITIVI MEDICI SOFTWARE;S;;2022-02-23 00:00:00;
Z110203;SISTEMI TAC/PET INTEGRATI;N;;2007-02-20 00:00:00;2022-02-22 00:00:00
Z110203;SISTEMI TC/PET INTEGRATI;N;;2022-02-23 00:00:00;
Z11020301;SISTEMI TAC/PET;S;SSP;2007-02-20 00:00:00;2022-02-22 00:00:00
Z11020301;SISTEMI TC/PET;S;SSP;2022-02-23 00:00:00;
Z11020380;SISTEMI TAC/PET INTEGRATI - COMPONENTI ACCESSORI HARDWARE;S;;2007-02-20 00:00:00;2022-02-22 00:00:00
Z11020380;SISTEMI TC/PET INTEGRATI - ACCESSORI HARDWARE;S;;2022-02-23 00:00:00;
Z11020382;SISTEMI TAC/PET INTEGRATI - COMPONENTI ACCESSORI SOFTWARE;S;;2007-02-20 00:00:00;2022-02-22 00:00:00
Z11020382;SISTEMI TC/PET INTEGRATI - ACCESSORI SOFTWARE;S;;2022-02-23 00:00:00;
Z11020385;SISTEMI TAC/PET INTEGRATI - MATERIALI SPECIFICI;S;;2007-02-20 00:00:00;2022-02-22 00:00:00
Z11020385;SISTEMI TC/PET INTEGRATI - MATERIALI SPECIFICI;S;;2022-02-23 00:00:00;
Z11020392;SISTEMI TC/PET INTEGRATI - DISPOSITIVI MEDICI SOFTWARE;S;;2022-02-23 00:00:00;
Z110204;STRUMENTAZIONE PER TOMOGRAFIA AD EMISSIONE DI POSITRONI;N;;2007-02-20 00:00:00;
Z11020401;TOMOGRAFI AD EMISSIONE DI POSITRONI;S;TEP;2007-02-20 00:00:00;
Z11020480;STRUMENTAZIONE PER TOMOGRAFIA AD EMISSIONE DI POSITRONI - COMPONENTI ACCESSORI HARDWARE;S;;2007-02-20 00:00:00;2022-02-22 00:00:00
Z11020480;STRUMENTAZIONE PER TOMOGRAFIA AD EMISSIONE DI POSITRONI  - ACCESSORI HARDWARE;S;;2022-02-23 00:00:00;
Z11020482;STRUMENTAZIONE PER TOMOGRAFIA AD EMISSIONE DI POSITRONI - COMPONENTI ACCESSORI SOFTWARE;S;;2007-02-20 00:00:00;2022-02-22 00:00:00
Z11020482;STRUMENTAZIONE PER TOMOGRAFIA AD EMISSIONE DI POSITRONI  - ACCESSORI SOFTWARE;S;;2022-02-23 00:00:00;
Z11020485;STRUMENTAZIONE PER TOMOGRAFIA AD EMISSIONE DI POSITRONI - MATERIALI SPECIFICI;S;;2007-02-20 00:00:00;
Z11020492;STRUMENTAZIONE PER TOMOGRAFIA AD EMISSIONE DI POSITRONI  - DISPOSITIVI MEDICI SOFTWARE;S;;2022-02-23 00:00:00;
Z110205;SCANNER A RADIOISOTOPI;S;SRA;2007-02-20 00:00:00;
Z110206;SCANNER INTRAOPERATORI A RADIOISOTOPI;S;SCN;2007-02-20 00:00:00;
Z110207;SISTEMI RM/PET INTEGRATI;N;;2022-02-23 00:00:00;
Z11020701;SISTEMI RM/PET;S;;2022-02-23 00:00:00;
Z11020780;SISTEMI RM/PET INTEGRATI -  ACCESSORI HARDWARE;S;;2022-02-23 00:00:00;
Z11020782;SISTEMI RM/PET INTEGRATI -  ACCESSORI SOFTWARE;S;;2022-02-23 00:00:00;
Z11020785;SISTEMI RM/PET INTEGRATI - MATERIALI SPECIFICI;S;;2022-02-23 00:00:00;
Z11020792;SISTEMI RM/PET INTEGRATI -  DISPOSITIVI MEDICI SOFTWARE;S;;2022-02-23 00:00:00;
Z110290;STRUMENTAZIONE VARIA PER MEDICINA NUCLEARE;N;;2007-02-20 00:00:00;
Z11029001;BETA/GAMMA DETECTOR;S;BGD;2007-02-20 00:00:00;
Z11029002;CICLOTRONI;S;CIL;2007-02-20 00:00:00;
Z11029003;LINFOSCINTIGRAFI;S;LCF;2007-02-20 00:00:00;
Z11029004;PRODUTTORI GAS RADIOATTIVO;S;PDA;2007-02-20 00:00:00;
Z11029005;RIPARTITORI DI DOSE AUTOMATICO;S;RAS;2007-02-20 00:00:00;
Z11029080;STRUMENTAZIONE VARIA PER MEDICINA NUCLEARE - COMPONENTI ACCESSORI HARDWARE;S;;2007-02-20 00:00:00;2022-02-22 00:00:00
Z11029080;STRUMENTAZIONE VARIA PER MEDICINA NUCLEARE  - ACCESSORI HARDWARE;S;;2022-02-23 00:00:00;
Z11029082;STRUMENTAZIONE VARIA PER MEDICINA NUCLEARE - COMPONENTI ACCESSORI SOFTWARE;S;;2007-02-20 00:00:00;2022-02-22 00:00:00
Z11029082;STRUMENTAZIONE VARIA PER MEDICINA NUCLEARE  - ACCESSORI SOFTWARE;S;;2022-02-23 00:00:00;
Z11029085;STRUMENTAZIONE VARIA PER MEDICINA NUCLEARE - MATERIALI SPECIFICI;S;;2007-02-20 00:00:00;
Z11029092;STRUMENTAZIONE VARIA PER MEDICINA NUCLEARE  - DISPOSITIVI MEDICI SOFTWARE;S;;2022-02-23 00:00:00;
Z11029099;STRUMENTAZIONE VARIA PER MEDICINA NUCLEARE NON ALTRIMENTI CLASSIFICATA;S;;2007-02-20 00:00:00;2022-02-22 00:00:00
Z11029099;STRUMENTAZIONE VARIA PER MEDICINA NUCLEARE - ALTRA;S;;2022-02-23 00:00:00;
Z1103;STRUMENTAZIONE PER RADIOLOGIA DIAGNOSTICA ED INTERVENTISTICA;N;;2007-02-20 00:00:00;
Z110301;SISTEMI PER ANGIOGRAFIA DIGITALE;N;ADG;2007-02-20 00:00:00;
Z11030101;ANGIOGRAFI MOBILI PER ANGIOPLASTICA E CATETERIZZAZIONE;S;ADG01;2007-02-20 00:00:00;
Z11030102;ANGIOGRAFI FISSI PER STUDI ANGIOGRAFICI E CARDIOLOGICI;S;ADG02;2007-02-20 00:00:00;
Z11030103;ANGIOGRAFI BIPLANARI;S;ADG03;2007-02-20 00:00:00;
Z11030180;SISTEMI PER ANGIOGRAFIA DIGITALE - COMPONENTI ACCESSORI HARDWARE;S;;2007-02-20 00:00:00;2022-02-22 00:00:00
Z11030180;SISTEMI PER ANGIOGRAFIA DIGITALE  - ACCESSORI HARDWARE;S;;2022-02-23 00:00:00;
Z11030182;SISTEMI PER ANGIOGRAFIA DIGITALE - COMPONENTI ACCESSORI SOFTWARE;S;;2007-02-20 00:00:00;2022-02-22 00:00:00
Z11030182;SISTEMI PER ANGIOGRAFIA DIGITALE  - ACCESSORI SOFTWARE;S;;2022-02-23 00:00:00;
Z11030185;SISTEMI PER ANGIOGRAFIA DIGITALE - MATERIALI SPECIFICI;S;;2007-02-20 00:00:00;
Z11030192;SISTEMI PER ANGIOGRAFIA DIGITALE  - DISPOSITIVI MEDICI SOFTWARE;S;;2022-02-23 00:00:00;
Z110302;MAMMOGRAFI;N;MAG;2007-02-20 00:00:00;
Z11030201;MAMMOGRAFI CONVENZIONALI;S;MAG01;2007-02-20 00:00:00;
Z11030202;MAMMOGRAFI DIGITALI;S;MAG02;2007-02-20 00:00:00;
Z11030280;MAMMOGRAFI - COMPONENTI ACCESSORI HARDWARE;N;;2007-02-20 00:00:00;2022-02-22 00:00:00
Z11030280;MAMMOGRAFI  - ACCESSORI HARDWARE;N;;2022-02-23 00:00:00;
Z1103028001;SISTEMI STEREOTASSICI PER MAMMOGRAFIA;S;SNF;2007-02-20 00:00:00;2008-06-29 00:00:00
Z1103028001;MODULI STEREOTASSICI PER MAMMOGRAFI;S;SNF;2008-06-30 00:00:00;
Z1103028099;MAMMOGRAFI - COMPONENTI ACCESSORI HARDWARE NON ALTRIMENTI CLASSIFICATI;S;;2007-02-20 00:00:00;2022-02-22 00:00:00
Z1103028099;MAMMOGRAFI  - ACCESSORI HARDWARE - ALTRI;S;;2022-02-23 00:00:00;
Z11030282;MAMMOGRAFI - COMPONENTI ACCESSORI SOFTWARE;S;;2007-02-20 00:00:00;2022-02-22 00:00:00
Z11030282;MAMMOGRAFI  - ACCESSORI SOFTWARE;S;;2022-02-23 00:00:00;
Z11030285;MAMMOGRAFI - MATERIALI SPECIFICI;S;;2007-02-20 00:00:00;
Z11030292;MAMMOGRAFI  - DISPOSITIVI MEDICI SOFTWARE;S;;2022-02-23 00:00:00;
Z110303;STRUMENTAZIONE PER ORTOPANTOMOGRAFIA E RADIOLOGIA DENTALE PANORAMICA;N;;2007-02-20 00:00:00;
Z11030301;ORTOPANTOMOGRAFI;N;ORG;2007-02-20 00:00:00;
Z1103030101;ORTOPANTOMOGRAFI CONVENZIONALI;S;ORG01;2007-02-20 00:00:00;
Z1103030102;ORTOPANTOMOGRAFI DIGITALI;S;ORG02;2007-02-20 00:00:00;
Z11030302;APPARECCHIATURE PER RADIOLOGIA DENTALE PANORAMICA;S;RXD;2007-02-20 00:00:00;
Z11030380;STRUMENTAZIONE PER ORTOPANTOMOGRAFIA E RADIOLOGIA DENTALE PANORAMICA - COMPONENTI ACCESSORI HARDWARE;S;;2007-02-20 00:00:00;2022-02-22 00:00:00
Z11030380;STRUMENTAZIONE PER ORTOPANTOMOGRAFIA E RADIOLOGIA DENTALE PANORAMICA  - ACCESSORI HARDWARE;S;;2022-02-23 00:00:00;
Z11030382;STRUMENTAZIONE PER ORTOPANTOMOGRAFIA E RADIOLOGIA DENTALE PANORAMICA - COMPONENTI ACCESSORI SOFTWARE;S;;2007-02-20 00:00:00;2022-02-22 00:00:00
Z11030382;STRUMENTAZIONE PER ORTOPANTOMOGRAFIA E RADIOLOGIA DENTALE PANORAMICA  - ACCESSORI SOFTWARE;S;;2022-02-23 00:00:00;
Z11030385;STRUMENTAZIONE PER ORTOPANTOMOGRAFIA E RADIOLOGIA DENTALE PANORAMICA - MATERIALI SPECIFICI;S;;2007-02-20 00:00:00;
Z11030392;STRUMENTAZIONE PER ORTOPANTOMOGRAFIA E RADIOLOGIA DENTALE PANORAMICA  - DISPOSITIVI MEDICI SOFTWARE;S;;2022-02-23 00:00:00;
Z110304;STRUMENTAZIONE PER RADIOLOGIA ENDORALE;N;;2007-02-20 00:00:00;
Z11030401;APPARECCHIATURE PER RADIOLOGIA ENDORALE;N;REN;2007-02-20 00:00:00;
Z1103040101;APPARECCHIATURE PER RADIOLOGIA ENDORALE CONVENZIONALE;S;REN01;2007-02-20 00:00:00;
Z1103040102;APPARECCHIATURE PER RADIOLOGIA ENDORALE DIGITALE;S;REN02;2007-02-20 00:00:00;
Z11030402;SISTEMI PER VIDEORADIOGRAFIA DIGITALE INTRAORALE;S;VDX;2007-02-20 00:00:00;
Z11030480;STRUMENTAZIONE PER RADIOLOGIA ENDORALE - COMPONENTI ACCESSORI HARDWARE;S;;2007-02-20 00:00:00;2022-02-22 00:00:00
Z11030480;STRUMENTAZIONE PER RADIOLOGIA ENDORALE  - ACCESSORI HARDWARE;S;;2022-02-23 00:00:00;
Z11030482;STRUMENTAZIONE PER RADIOLOGIA ENDORALE - COMPONENTI ACCESSORI SOFTWARE;S;;2007-02-20 00:00:00;2022-02-22 00:00:00
Z11030482;STRUMENTAZIONE PER RADIOLOGIA ENDORALE  - ACCESSORI SOFTWARE;S;;2022-02-23 00:00:00;
Z11030485;STRUMENTAZIONE PER RADIOLOGIA ENDORALE - MATERIALI SPECIFICI;S;;2007-02-20 00:00:00;
Z11030492;STRUMENTAZIONE PER RADIOLOGIA ENDORALE  - DISPOSITIVI MEDICI SOFTWARE;S;;2022-02-23 00:00:00;
Z110305;STRUMENTAZIONE PER SEZIONE RADIOLOGICA;N;;2007-02-20 00:00:00;
Z11030501;STATIVI A COLONNA PER APPARECCHIO RADIOLOGICO;S;SCL;2007-02-20 00:00:00;
Z11030502;STATIVI PENSILI PER APPARECCHIO RADIOLOGICO;S;SPA;2007-02-20 00:00:00;
Z11030503;TAVOLI PER PAZIENTE PER APPARECCHIO RADIOLOGICO;S;TPA;2007-02-20 00:00:00;
Z11030504;TAVOLI RIBALTABILI PER APPARECCHIO RADIOLOGICO;S;TRI;2007-02-20 00:00:00;
Z11030505;TAVOLI TOMOGRAFICI;S;TTG;2007-02-20 00:00:00;
Z11030506;TELERADIOGRAFI;S;TRG;2007-02-20 00:00:00;
Z11030507;TOMOGRAFI;S;TOG;2007-02-20 00:00:00;
Z11030580;STRUMENTAZIONE PER SEZIONE RADIOLOGICA - COMPONENTI ACCESSORI HARDWARE;S;;2007-02-20 00:00:00;2022-02-22 00:00:00
Z11030580;STRUMENTAZIONE PER SEZIONE RADIOLOGICA  - ACCESSORI HARDWARE;S;;2022-02-23 00:00:00;
Z11030582;STRUMENTAZIONE PER SEZIONE RADIOLOGICA - COMPONENTI ACCESSORI SOFTWARE;S;;2007-02-20 00:00:00;2022-02-22 00:00:00
Z11030582;STRUMENTAZIONE PER SEZIONE RADIOLOGICA  - ACCESSORI SOFTWARE;S;;2022-02-23 00:00:00;
Z11030585;STRUMENTAZIONE PER SEZIONE RADIOLOGICA - MATERIALI SPECIFICI;S;;2007-02-20 00:00:00;
Z11030592;STRUMENTAZIONE PER SEZIONE RADIOLOGICA  - DISPOSITIVI MEDICI SOFTWARE;S;;2022-02-23 00:00:00;
Z11030599;STRUMENTAZIONE PER SEZIONE RADIOLOGICA NON ALTRIMENTI CLASSIFICATA;S;;2007-02-20 00:00:00;2022-02-22 00:00:00
Z11030599;STRUMENTAZIONE PER SEZIONE RADIOLOGICA - ALTRA;S;;2022-02-23 00:00:00;
Z110306;TOMOGRAFI ASSIALI COMPUTERIZZATI (TAC);N;TAC;2007-02-20 00:00:00;2016-11-14 00:00:00
Z110306;TOMOGRAFI ASSIALI COMPUTERIZZATI (TAC, TC);N;TAC;2016-11-15 00:00:00;2022-02-22 00:00:00
Z110306;TOMOGRAFI COMPUTERIZZATI (TC);N;TAC;2022-02-23 00:00:00;
Z11030601;TOMOGRAFI ASSIALI COMPUTERIZZATI - INFERIORE O UGUALE A 2 STRATI;S;TAC01;2007-02-20 00:00:00;2022-02-22 00:00:00
Z11030601;TOMOGRAFI COMPUTERIZZATI - INFERIORE O UGUALE A 2 STRATI;S;TAC01;2022-02-23 00:00:00;
Z11030602;TOMOGRAFI ASSIALI COMPUTERIZZATI - SUPERIORE A 2 STRATI ED INFERIORE A 16 STRATI;S;TAC02;2007-02-20 00:00:00;2022-02-22 00:00:00
Z11030602;TOMOGRAFI COMPUTERIZZATI - SUPERIORE A 2 STRATI ED INFERIORE A 16 STRATI;S;TAC02;2022-02-23 00:00:00;
Z11030603;TOMOGRAFI ASSIALI COMPUTERIZZATI - SUPERIORE O UGUALE A 16 STRATI ED INFERIORE A 64 STRATI;S;TAC03;2007-02-20 00:00:00;2022-02-22 00:00:00
Z11030603;TOMOGRAFI COMPUTERIZZATI - SUPERIORE O UGUALE A 16 STRATI ED INFERIORE A 64 STRATI;S;TAC03;2022-02-23 00:00:00;
Z11030604;TOMOGRAFI ASSIALI COMPUTERIZZATI - SUPERIORE O UGUALE A 64 STRATI;S;TAC04;2007-02-20 00:00:00;2016-11-15 00:00:00
Z11030605;TOMOGRAFI ASSIALI COMPUTERIZZATI - SUPERIORE O UGUALE A 64 STRATI ED INFERIORE A 128 STRATI ;S;;2016-11-15 00:00:00;2022-02-22 00:00:00
Z11030605;TOMOGRAFI COMPUTERIZZATI - SUPERIORE O UGUALE A 64 STRATI ED INFERIORE A 128 STRATI;S;;2022-02-23 00:00:00;
Z11030606;TOMOGRAFI ASSIALI COMPUTERIZZATI - SUPERIORE O UGUALE A 128 STRATI ED INFERIORE A 256 STRATI ;S;;2016-11-15 00:00:00;2022-02-22 00:00:00
Z11030606;TOMOGRAFI COMPUTERIZZATI - SUPERIORE O UGUALE A 128 STRATI ED INFERIORE A 256 STRATI;S;;2022-02-23 00:00:00;
Z11030607;TOMOGRAFI ASSIALI COMPUTERIZZATI - SUPERIORE O UGUALE A 256 STRATI;S;;2016-11-15 00:00:00;2022-02-22 00:00:00
Z11030607;TOMOGRAFI COMPUTERIZZATI - SUPERIORE O UGUALE A 256 STRATI;S;;2022-02-23 00:00:00;
Z11030680;TOMOGRAFI ASSIALI COMPUTERIZZATI (TAC) - COMPONENTI ACCESSORI HARDWARE;S;;2007-02-20 00:00:00;2016-11-14 00:00:00
Z11030680;TOMOGRAFI ASSIALI COMPUTERIZZATI (TAC, TC) - COMPONENTI ACCESSORI HARDWARE;S;;2016-11-15 00:00:00;2022-02-22 00:00:00
Z11030680;TOMOGRAFI COMPUTERIZZATI (TC) - ACCESSORI HARDWARE;S;;2022-02-23 00:00:00;
Z11030682;TOMOGRAFI ASSIALI COMPUTERIZZATI (TAC) - COMPONENTI ACCESSORI SOFTWARE;S;;2007-02-20 00:00:00;2016-11-14 00:00:00
Z11030682;TOMOGRAFI ASSIALI COMPUTERIZZATI (TAC, TC) - COMPONENTI ACCESSORI SOFTWARE;S;;2016-11-15 00:00:00;2022-02-22 00:00:00
Z11030682;TOMOGRAFI COMPUTERIZZATI (TC) -  ACCESSORI SOFTWARE;S;;2022-02-23 00:00:00;
Z11030685;TOMOGRAFI ASSIALI COMPUTERIZZATI (TAC) - MATERIALI SPECIFICI;S;;2007-02-20 00:00:00;2016-11-14 00:00:00
Z11030685;TOMOGRAFI ASSIALI COMPUTERIZZATI (TAC, TC) - MATERIALI SPECIFICI;S;;2016-11-15 00:00:00;2022-02-22 00:00:00
Z11030685;TOMOGRAFI COMPUTERIZZATI (TC) - MATERIALI SPECIFICI;S;;2022-02-23 00:00:00;
Z11030692;TOMOGRAFI COMPUTERIZZATI (TC) -  DISPOSITIVI MEDICI SOFTWARE;S;;2022-02-23 00:00:00;
Z11030699;TOMOGRAFI ASSIALI COMPUTERIZZATI (TAC) NON ALTRIMENTI CLASSIFICATI;S;;2008-06-30 00:00:00;2016-11-14 00:00:00
Z11030699;TOMOGRAFI ASSIALI COMPUTERIZZATI (TAC, TC) NON ALTRIMENTI CLASSIFICATI;S;;2016-11-15 00:00:00;2022-02-22 00:00:00
Z11030699;TOMOGRAFI COMPUTERIZZATI (TC) - ALTRI;S;;2022-02-23 00:00:00;
Z110307;TAVOLI TELECOMANDATI;N;TTE;2007-02-20 00:00:00;
Z11030701;TAVOLI TELECOMANDATI CONVENZIONALI;S;TTE01;2007-02-20 00:00:00;
Z11030702;TAVOLI TELECOMANDATI DIGITALI;S;TTE02;2007-02-20 00:00:00;
Z11030703;TAVOLI TELECOMANDATI CON ARCO POLIFUNZIONALE CONVENZIONALE;S;TTE03;2007-02-20 00:00:00;
Z11030704;TAVOLI TELECOMANDATI CON ARCO POLIFUNZIONALE DIGITALE;S;TTE04;2007-02-20 00:00:00;
Z11030780;TAVOLI TELECOMANDATI - COMPONENTI ACCESSORI HARDWARE;S;;2007-02-20 00:00:00;2022-02-22 00:00:00
Z11030780;TAVOLI TELECOMANDATI  - ACCESSORI HARDWARE;S;;2022-02-23 00:00:00;
Z11030782;TAVOLI TELECOMANDATI - COMPONENTI ACCESSORI SOFTWARE;S;;2007-02-20 00:00:00;2022-02-22 00:00:00
Z11030782;TAVOLI TELECOMANDATI  - ACCESSORI SOFTWARE;S;;2022-02-23 00:00:00;
Z11030785;TAVOLI TELECOMANDATI - MATERIALI SPECIFICI;S;;2007-02-20 00:00:00;
Z11030792;TAVOLI TELECOMANDATI  - DISPOSITIVI MEDICI SOFTWARE;S;;2022-02-23 00:00:00;
Z110308;SISTEMI DIGITALI PER RADIOGRAFIE DEL TORACE (DR);S;SDT;2007-02-20 00:00:00;2008-06-30 00:00:00
Z110309;SISTEMI POLIFUNZIONALI PER RADIOLOGIA DIGITALE (DR);S;SGC;2007-02-20 00:00:00;2008-06-30 00:00:00
Z110310;SISTEMI POLIFUNZIONALI PER RADIOLOGIA TRADIZIONALE;S;;2008-06-30 00:00:00;
Z110311;SISTEMI PER RADIOLOGIA DIGITALE DIRETTA (DR);N;;2008-06-30 00:00:00;
Z11031101;SISTEMI POLIFUNZIONALI PER RADIOLOGIA DIGITALE DIRETTA (DR);S;SGC;2008-06-30 00:00:00;
Z11031102;TELERADIOGRAFI DIGITALI DIRETTI;S;SDT;2008-06-30 00:00:00;
Z11031180;SISTEMI PER RADIOLOGIA DIGITALE DIRETTA (DR) - COMPONENTI ACCESSORI HARDWARE;S;;2008-06-30 00:00:00;2022-02-22 00:00:00
Z11031180;SISTEMI PER RADIOLOGIA DIGITALE DIRETTA (DR)  - ACCESSORI HARDWARE;S;;2022-02-23 00:00:00;
Z11031182;SISTEMI PER RADIOLOGIA DIGITALE DIRETTA (DR) - COMPONENTI ACCESSORI SOFTWARE;S;;2008-06-30 00:00:00;2022-02-22 00:00:00
Z11031182;SISTEMI PER RADIOLOGIA DIGITALE DIRETTA (DR)  - ACCESSORI SOFTWARE;S;;2022-02-23 00:00:00;
Z11031192;SISTEMI PER RADIOLOGIA DIGITALE DIRETTA (DR)  - DISPOSITIVI MEDICI SOFTWARE;S;;2022-02-23 00:00:00;
Z110390;STRUMENTAZIONE VARIA PER RADIODIAGNOSTICA ED INTERVENTISTICA;N;;2007-02-20 00:00:00;
Z11039001;ANGIOGRAFI;S;ANG;2007-02-20 00:00:00;
Z11039002;ARTERIOFLEBOGRAFI;S;AFG;2007-02-20 00:00:00;
Z11039003;CAMERE MULTIFORMATO;S;CMU;2007-02-20 00:00:00;
Z11039004;CATENE TV;S;CTV;2007-02-20 00:00:00;
Z11039005;COMPLESSI RADIOGENI;S;CRA;2007-02-20 00:00:00;
Z11039006;CONSOLLE DI COMANDO PER GRUPPO RADIOLOGICO;S;CTA;2007-02-20 00:00:00;
Z11039007;CRANIOSTATI;S;CRN;2007-02-20 00:00:00;
Z11039008;ESPOSIMETRI AUTOMATICI;S;EAT;2007-02-20 00:00:00;
Z11039009;APPARECCHIATURE PER FLUOROSCOPIA;S;FLS;2007-02-20 00:00:00;
Z11039010;FOTOCAMERE;S;FOC;2007-02-20 00:00:00;
Z11039011;GENERATORI D'ALTA TENSIONE PER GRUPPO RADIOLOGICO;S;GUT;2007-02-20 00:00:00;
Z11039012;GRUPPI RADIOLOGICI;S;GRD;2007-02-20 00:00:00;
Z11039013;INIETTORI ANGIOGRAFICI;S;IAG;2007-02-20 00:00:00;
Z11039014;INIETTORI MULTIPLI DI MEZZI DI CONTRASTO;S;IAS;2007-02-20 00:00:00;
Z11039015;INTENSIFICATORI DI IMMAGINE;S;IIM;2007-02-20 00:00:00;
Z11039016;PORTATILI PER RADIOGRAFIA;S;PRA;2007-02-20 00:00:00;
Z11039017;PORTATILI PER RADIOSCOPIA;S;PRD;2007-02-20 00:00:00;
Z11039018;SERIOGRAFI;S;SEG;2007-02-20 00:00:00;
Z11039019;STATIVI PER ANGIOGRAFIA;S;SAG;2007-02-20 00:00:00;
Z11039020;TAVOLI PER ANGIOGRAFIA;S;TAA;2007-02-20 00:00:00;
Z11039021;SISTEMI PER VIDEOACQUISIZIONE PER RADIOGRAFIE;S;VER;2007-02-20 00:00:00;
Z11039080;STRUMENTAZIONE VARIA PER RADIODIAGNOSTICA ED INTERVENTISTICA - COMPONENTI ACCESSORI HARDWARE;S;;2007-02-20 00:00:00;2022-02-22 00:00:00
Z11039080;STRUMENTAZIONE VARIA PER RADIODIAGNOSTICA ED INTERVENTISTICA  - ACCESSORI HARDWARE;S;;2022-02-23 00:00:00;
Z11039082;STRUMENTAZIONE VARIA PER RADIODIAGNOSTICA ED INTERVENTISTICA - COMPONENTI ACCESSORI SOFTWARE;S;;2007-02-20 00:00:00;2022-02-22 00:00:00
Z11039082;STRUMENTAZIONE VARIA PER RADIODIAGNOSTICA ED INTERVENTISTICA  - ACCESSORI SOFTWARE;S;;2022-02-23 00:00:00;
Z11039085;STRUMENTAZIONE VARIA PER RADIODIAGNOSTICA ED INTERVENTISTICA - MATERIALI SPECIFICI;S;;2007-02-20 00:00:00;
Z11039092;STRUMENTAZIONE VARIA PER RADIODIAGNOSTICA ED INTERVENTISTICA  - DISPOSITIVI MEDICI SOFTWARE;S;;2022-02-23 00:00:00;
Z11039099;STRUMENTAZIONE VARIA PER RADIODIAGNOSTICA ED INTERVENTISTICA NON ALTRIMENTI CLASSIFICATA;S;;2007-02-20 00:00:00;2022-02-22 00:00:00
Z11039099;STRUMENTAZIONE VARIA PER RADIODIAGNOSTICA ED INTERVENTISTICA - ALTRA;S;;2022-02-23 00:00:00;
Z1104;STRUMENTAZIONE PER ECOGRAFIA;N;;2007-02-20 00:00:00;
Z110401;ECOTOMOGRAFI;N;ECT;2007-02-20 00:00:00;
Z11040101;ECOTOMOGRAFI INTERNISTICI;S;ECT01;2007-02-20 00:00:00;
Z11040102;ECOTOMOGRAFI PER USO CARDIOLOGICO;S;ECT02;2007-02-20 00:00:00;2022-02-22 00:00:00
Z11040102;ECOTOMOGRAFI CARDIOLOGICI;S;ECT02;2022-02-23 00:00:00;
Z11040103;ECOTOMOGRAFI PORTATILI;S;ECL;2007-02-20 00:00:00;
Z11040104;ECOTOMOGRAFI MULTIDISCIPLINARI (INTERNISTICI E CARDIOLOGICI, ECC.);S;ECT03;2008-06-30 00:00:00;
Z11040105;ECOTOMOGRAFI OSTETRICI/GINECOLOGICI;S;;2022-02-23 00:00:00;
Z11040106;ECOTOMOGRAFI PALMARI;S;;2022-02-23 00:00:00;
Z11040107;ECOOFTALMOGRAFI;S;;2022-02-23 00:00:00;
Z11040180;ECOTOMOGRAFI - COMPONENTI ACCESSORI HARDWARE;N;;2007-02-20 00:00:00;2022-02-22 00:00:00
Z11040180;ECOTOMOGRAFI  - ACCESSORI HARDWARE;N;;2022-02-23 00:00:00;
Z1104018001;SONDE ECOGRAFICHE;S;SCF;2007-02-20 00:00:00;2022-02-23 00:00:00
Z1104018099;ECOTOMOGRAFI - ALTRI COMPONENTI ACCESSORI HARDWARE;S;;2007-02-20 00:00:00;2008-06-29 00:00:00
Z1104018099;ECOTOMOGRAFI - COMPONENTI ACCESSORI HARDWARE NON ALTRIMENTI CLASSIFICATI;S;;2008-06-30 00:00:00;2022-02-22 00:00:00
Z1104018099;ECOTOMOGRAFI  - ACCESSORI HARDWARE - ALTRI;S;;2022-02-23 00:00:00;
Z11040182;ECOTOMOGRAFI - COMPONENTI ACCESSORI SOFTWARE;S;;2007-02-20 00:00:00;2022-02-22 00:00:00
Z11040182;ECOTOMOGRAFI  - ACCESSORI SOFTWARE;S;;2022-02-23 00:00:00;
Z11040185;ECOTOMOGRAFI - MATERIALI SPECIFICI;S;;2007-02-20 00:00:00;
Z11040192;ECOTOMOGRAFI  - DISPOSITIVI MEDICI SOFTWARE;S;;2022-02-23 00:00:00;
Z11040199;ECOTOMOGRAFI - ALTRI;S;;2022-02-23 00:00:00;
Z110402;SONDE ECOGRAFICHE;N;;2022-02-23 00:00:00;
Z11040201;SONDE ECOGRAFICHE TRANSCUTANEE;N;;2022-02-23 00:00:00;
Z1104020101;SONDE ECOGRAFICHE TRANSCUTANEE LINEARI;N;;2022-02-23 00:00:00;
Z110402010101;SONDE ECOGRAFICHE TRANSCUTANEE LINEARI BIDIMENSIONALI;S;;2022-02-23 00:00:00;
Z110402010102;SONDE ECOGRAFICHE TRANSCUTANEE LINEARI MULTIDIMENSIONALI;S;;2022-02-23 00:00:00;
Z1104020102;SONDE ECOGRAFICHE TRANSCUTANEE CURVILINEE (CONVEX);N;;2022-02-23 00:00:00;
Z110402010201;SONDE ECOGRAFICHE TRANSCUTANEE CURVILINEE (CONVEX) BIDIMENSIONALI;S;;2022-02-23 00:00:00;
Z110402010202;SONDE ECOGRAFICHE TRANSCUTANEE CURVILINEE (CONVEX) MULTIDIMENSIONALI;S;;2022-02-23 00:00:00;
Z1104020103;SONDE ECOGRAFICHE TRANSCUTANEE SETTORIALI (PHASED ARRAY);N;;2022-02-23 00:00:00;
Z110402010301;SONDE ECOGRAFICHE TRANSCUTANEE SETTORIALI (PHASED ARRAY) BIDIMENSIONALI;S;;2022-02-23 00:00:00;
Z110402010302;SONDE ECOGRAFICHE TRANSCUTANEE SETTORIALI (PHASED ARRAY) MULTIDIMENSIONALI;S;;2022-02-23 00:00:00;
Z1104020104;SONDE ECOGRAFICHE TRANSCUTANEE A MATRICE ATTIVA;N;;2022-02-23 00:00:00;
Z110402010401;SONDE ECOGRAFICHE TRANSCUTANEE A MATRICE ATTIVA BIDIMENSIONALI;S;;2022-02-23 00:00:00;
Z110402010402;SONDE ECOGRAFICHE TRANSCUTANEE A MATRICE ATTIVA MULTIDIMENSIONALI;S;;2022-02-23 00:00:00;
Z1104020105;SONDE ECOGRAFICHE TRANSCUTANEE CMUT;N;;2022-02-23 00:00:00;
Z110402010501;SONDE ECOGRAFICHE TRANSCUTANEE CMUT BIDIMENSIONALI;S;;2022-02-23 00:00:00;
Z110402010502;SONDE ECOGRAFICHE TRANSCUTANEE CMUT MULTIDIMENSIONALI;S;;2022-02-23 00:00:00;
Z11040202;SONDE ECOGRAFICHE ENDOCAVITARIE;N;;2022-02-23 00:00:00;
Z1104020201;SONDE ECOGRAFICHE ENDOCAVITARIE BIDIMENSIONALI;S;;2022-02-23 00:00:00;
Z1104020202;SONDE ECOGRAFICHE ENDOCAVITARIE MULTIDIMENSIONALI;S;;2022-02-23 00:00:00;
Z11040203;SONDE ECOGRAFICHE TRANSESOFAGEE;N;;2022-02-23 00:00:00;
Z1104020301;SONDE ECOGRAFICHE TRANSESOFAGEE BIDIMENSIONALI;S;;2022-02-23 00:00:00;
Z1104020302;SONDE ECOGRAFICHE TRANSESOFAGEE MULTIDIMENSIONALI;S;;2022-02-23 00:00:00;
Z11040299;SONDE ECOGRAFICHE - ALTRE;S;;2022-02-23 00:00:00;
Z110490;STRUMENTAZIONE VARIA PER ECOGRAFIA;N;;2007-02-20 00:00:00;
Z11049001;ECOOFTALMOGRAFI;S;ECO;2007-02-20 00:00:00;2022-02-23 00:00:00
Z11049080;STRUMENTAZIONE VARIA PER ECOGRAFIA - COMPONENTI ACCESSORI HARDWARE;S;;2007-02-20 00:00:00;2022-02-22 00:00:00
Z11049080;STRUMENTAZIONE VARIA PER ECOGRAFIA  - ACCESSORI HARDWARE;S;;2022-02-23 00:00:00;
Z11049082;STRUMENTAZIONE VARIA PER ECOGRAFIA - COMPONENTI ACCESSORI SOFTWARE;S;;2007-02-20 00:00:00;2022-02-22 00:00:00
Z11049082;STRUMENTAZIONE VARIA PER ECOGRAFIA  - ACCESSORI SOFTWARE;S;;2022-02-23 00:00:00;
Z11049085;STRUMENTAZIONE VARIA PER ECOGRAFIA - MATERIALI SPECIFICI;S;;2007-02-20 00:00:00;
Z11049092;STRUMENTAZIONE VARIA PER ECOGRAFIA  - DISPOSITIVI MEDICI SOFTWARE;S;;2022-02-23 00:00:00;
Z11049099;STRUMENTAZIONE VARIA PER ECOGRAFIA NON ALTRIMENTI CLASSIFICATA;S;;2007-02-20 00:00:00;2022-02-22 00:00:00
Z11049099;STRUMENTAZIONE VARIA PER ECOGRAFIA - ALTRA;S;;2022-02-23 00:00:00;
Z1105;STRUMENTAZIONE PER IMAGING A RISONANZA MAGNETICA;N;;2007-02-20 00:00:00;
Z110501;TOMOGRAFI A RISONANZA MAGNETICA;N;TRM;2007-02-20 00:00:00;
Z11050101;TOMOGRAFI SETTORIALI (PER ESAMI TOMOGRAFICI DELLE ESTREMITA');S;TRM01;2007-02-20 00:00:00;
Z11050102;TOMOGRAFI A MAGNETE APERTO CON INTENSITA' DI CAMPO MAGNETICO INFERIORE O UGUALE A 0.5T;S;TRM02;2007-02-20 00:00:00;
Z11050103;TOMOGRAFI A MAGNETE APERTO CON INTENSITA' DI CAMPO MAGNETICO SUPERIORE A 0.5T;S;TRM03;2007-02-20 00:00:00;
Z11050104;TOMOGRAFI A MAGNETE CHIUSO CON INTENSITA' DI CAMPO INFERIORE O UGUALE A 0.5T;S;TRM04;2007-02-20 00:00:00;2018-06-25 00:00:00
Z11050104;TOMOGRAFI A MAGNETE CHIUSO CON INTENSITA' DI CAMPO INFERIORE O UGUALE A 2T;S;TRM04;2018-06-26 00:00:00;
Z11050105;TOMOGRAFI A MAGNETE CHIUSO CON INTENSITA' DI CAMPO SUPERIORE A 0.5T E INFERIORE O UGUALE A 3.0T;S;TRM05;2007-02-20 00:00:00;2018-06-25 00:00:00
Z11050105;TOMOGRAFI A MAGNETE CHIUSO CON INTENSITA' DI CAMPO SUPERIORE A 2T E INFERIORE O UGUALE A 4T;S;TRM05;2018-06-26 00:00:00;
Z11050106;TOMOGRAFI PER STUDI SPECIALI E RICERCA (INTENSITA' DI CAMPO SUPERIORE A 3T);S;TRM06;2007-02-20 00:00:00;2018-06-25 00:00:00
Z11050106;TOMOGRAFI A MAGNETE CHIUSO CON INTENSITA' DI CAMPO SUPERIORE  A 4T;S;TRM06;2018-06-26 00:00:00;
Z11050180;TOMOGRAFI A RISONANZA MAGNETICA - COMPONENTI ACCESSORI HARDWARE;S;;2007-02-20 00:00:00;2022-02-22 00:00:00
Z11050180;TOMOGRAFI A RISONANZA MAGNETICA - COMPONENTI ACCESSORI HARDWARE;N;;2022-02-23 00:00:00;2022-02-23 00:00:00
Z11050180;TOMOGRAFI A RISONANZA MAGNETICA  - ACCESSORI HARDWARE;N;;2022-02-23 00:00:00;
Z1105018001;BOBINE DI RADIOFREQUENZA SUPERFICIALI;S;;2022-02-23 00:00:00;
Z1105018002;BOBINE DI RADIOFREQUENZA VOLUMETRICHE;S;;2022-02-23 00:00:00;
Z1105018099;TOMOGRAFI A RISONANZA MAGNETICA - ACCESSORI HARDWARE - ALTRI;S;;2022-02-23 00:00:00;
Z11050182;TOMOGRAFI A RISONANZA MAGNETICA - COMPONENTI ACCESSORI SOFTWARE;S;;2007-02-20 00:00:00;2022-02-22 00:00:00
Z11050182;TOMOGRAFI A RISONANZA MAGNETICA  - ACCESSORI SOFTWARE;S;;2022-02-23 00:00:00;
Z11050185;TOMOGRAFI A RISONANZA MAGNETICA - MATERIALI SPECIFICI;S;;2007-02-20 00:00:00;
Z11050192;TOMOGRAFI A RISONANZA MAGNETICA  - DISPOSITIVI MEDICI SOFTWARE;S;;2022-02-23 00:00:00;
Z110590;STRUMENTAZIONE VARIA PER IMAGING A RISONANZA MAGNETICA;N;;2007-02-20 00:00:00;
Z11059001;INIETTORI PER RISONANZA MAGNETICA;S;IRM;2007-02-20 00:00:00;
Z11059080;STRUMENTAZIONE VARIA PER IMAGING A RISONANZA MAGNETICA - COMPONENTI ACCESSORI HARDWARE;S;;2007-02-20 00:00:00;2022-02-22 00:00:00
Z11059080;STRUMENTAZIONE VARIA PER IMAGING A RISONANZA MAGNETICA  - ACCESSORI HARDWARE;S;;2022-02-23 00:00:00;
Z11059082;STRUMENTAZIONE VARIA PER IMAGING A RISONANZA MAGNETICA - COMPONENTI ACCESSORI SOFTWARE;S;;2007-02-20 00:00:00;2022-02-22 00:00:00
Z11059082;STRUMENTAZIONE VARIA PER IMAGING A RISONANZA MAGNETICA  - ACCESSORI SOFTWARE;S;;2022-02-23 00:00:00;
Z11059085;STRUMENTAZIONE VARIA PER IMAGING A RISONANZA MAGNETICA - MATERIALI SPECIFICI;S;;2007-02-20 00:00:00;
Z11059092;STRUMENTAZIONE VARIA PER IMAGING A RISONANZA MAGNETICA  - DISPOSITIVI MEDICI SOFTWARE;S;;2022-02-23 00:00:00;
Z11059099;STRUMENTAZIONE VARIA PER IMAGING A RISONANZA MAGNETICA NON ALTRIMENTI CLASSIFICATA;S;;2007-02-20 00:00:00;2022-02-22 00:00:00
Z11059099;STRUMENTAZIONE VARIA PER IMAGING A RISONANZA MAGNETICA - ALTRA;S;;2022-02-23 00:00:00;
Z1106;STRUMENTAZIONE PER LA GESTIONE DELLE BIOIMMAGINI DIGITALI;N;;2007-02-20 00:00:00;
Z110601;LASER SCANNER PER IMMAGINI;S;LFD;2007-02-20 00:00:00;
Z110602;SISTEMI PER RADIOLOGIA DIGITALE (CR);N;SRD;2007-02-20 00:00:00;
Z11060201;SISTEMI CR ONE-INPUT;S;SRD01;2007-02-20 00:00:00;
Z11060202;SISTEMI CR MULTI-INPUT;S;SRD02;2007-02-20 00:00:00;
Z11060280;SISTEMI PER RADIOLOGIA DIGITALE (CR) - COMPONENTI ACCESSORI HARDWARE;S;;2007-02-20 00:00:00;2022-02-22 00:00:00
Z11060280;SISTEMI PER RADIOLOGIA DIGITALE (CR)  - ACCESSORI HARDWARE;S;;2022-02-23 00:00:00;
Z11060282;SISTEMI PER RADIOLOGIA DIGITALE (CR) - COMPONENTI ACCESSORI SOFTWARE;S;;2007-02-20 00:00:00;2022-02-22 00:00:00
Z11060282;SISTEMI PER RADIOLOGIA DIGITALE (CR)  - ACCESSORI SOFTWARE;S;;2022-02-23 00:00:00;
Z11060285;SISTEMI PER RADIOLOGIA DIGITALE (CR) - MATERIALI SPECIFICI;S;;2007-02-20 00:00:00;
Z11060292;SISTEMI PER RADIOLOGIA DIGITALE (CR)  - DISPOSITIVI MEDICI SOFTWARE;S;;2022-02-23 00:00:00;
Z110603;SISTEMI PER TRASMISSIONE ED ARCHIVIAZIONE DI BIOIMMAGINI (PACS);S;PAX;2007-02-20 00:00:00;
Z110690;STRUMENTAZIONE VARIA PER LA GESTIONE DELLE BIOIMMAGINI DIGITALI;N;;2007-02-20 00:00:00;
Z11069001;ELABORATORI PER BIOIMMAGINI;S;EBI;2007-02-20 00:00:00;
Z11069002;JUKE BOX DI DISCHI OTTICI;S;JBX;2007-02-20 00:00:00;
Z11069003;SERVER PER BIOIMMAGINI;S;SBM;2007-02-20 00:00:00;
Z11069004;STAZIONI DI IDENTIFICAZIONE;S;SDF;2007-02-20 00:00:00;
Z11069005;WORKSTATION DIAGNOSTICHE PER IMMAGINI;S;WSD;2007-02-20 00:00:00;
Z11069080;STRUMENTAZIONE VARIA PER LA GESTIONE DELLE BIOIMMAGINI DIGITALI - COMPONENTI ACCESSORI HARDWARE;S;;2007-02-20 00:00:00;2022-02-22 00:00:00
Z11069080;STRUMENTAZIONE VARIA PER LA GESTIONE DELLE BIOIMMAGINI DIGITALI  - ACCESSORI HARDWARE;S;;2022-02-23 00:00:00;
Z11069082;STRUMENTAZIONE VARIA PER LA GESTIONE DELLE BIOIMMAGINI DIGITALI - COMPONENTI ACCESSORI SOFTWARE;S;;2007-02-20 00:00:00;2022-02-22 00:00:00
Z11069082;STRUMENTAZIONE VARIA PER LA GESTIONE DELLE BIOIMMAGINI DIGITALI  - ACCESSORI SOFTWARE;S;;2022-02-23 00:00:00;
Z11069085;STRUMENTAZIONE VARIA PER LA GESTIONE DELLE BIOIMMAGINI DIGITALI - MATERIALI SPECIFICI;S;;2007-02-20 00:00:00;
Z11069092;STRUMENTAZIONE VARIA PER LA GESTIONE DELLE BIOIMMAGINI DIGITALI  - DISPOSITIVI MEDICI SOFTWARE;S;;2022-02-23 00:00:00;
Z11069099;STRUMENTAZIONE PER LA GESTIONE DELLE BIOIMMAGINI DIGITALI NON ALTRIMENTI CLASSIFICATA;S;;2007-02-20 00:00:00;2022-02-22 00:00:00
Z11069099;STRUMENTAZIONE PER LA GESTIONE DELLE BIOIMMAGINI DIGITALI - ALTRA;S;;2022-02-23 00:00:00;
Z1107;STRUMENTAZIONE DI SUPPORTO ALL'IMAGING SU PELLICOLA;N;;2007-02-20 00:00:00;
Z110701;SISTEMI PER CARICAMENTO AUTOMATICO PELLICOLE;S;CAP;2007-02-20 00:00:00;
Z110702;DIAFANOSCOPI;S;DIA;2007-02-20 00:00:00;
Z110703;DIAFANOSCOPI A MAGAZZINO;S;DMA;2007-02-20 00:00:00;
Z110704;RIPRODUTTORI DI PELLICOLE RADIOGRAFICHE;S;RPR;2007-02-20 00:00:00;
Z110705;RIPRODUTTORI LASER PER BIOIMMAGINI;S;RIL;2007-02-20 00:00:00;
Z110706;RIPRODUTTORI VIDEO O DIGITALE PER BIOIMMAGINI;S;RIR;2007-02-20 00:00:00;
Z110707;SVILUPPATRICI;N;SVP;2007-02-20 00:00:00;
Z11070701;SVILUPPATRICI TRADIZIONALI;S;SVP01;2007-02-20 00:00:00;
Z11070702;SVILUPPATRICI DAY-LIGHT;S;SVP02;2007-02-20 00:00:00;
Z11070780;SVILUPPATRICI - COMPONENTI ACCESSORI HARDWARE;S;;2007-02-20 00:00:00;2022-02-22 00:00:00
Z11070780;SVILUPPATRICI  - ACCESSORI HARDWARE;S;;2022-02-23 00:00:00;
Z11070785;SVILUPPATRICI - MATERIALI SPECIFICI;S;;2007-02-20 00:00:00;
Z110790;STRUMENTAZIONE VARIA DI SUPPORTO ALL'IMAGING SU PELLICOLA;N;;2007-02-20 00:00:00;
Z11079001;DENSITOMETRI PER PELLICOLE RADIOGRAFICHE;S;DEP;2007-02-20 00:00:00;
Z11079002;SENSITOMETRI E DENSITOMETRI PER PELLICOLE RADIOGRAFICHE;S;SDP;2007-02-20 00:00:00;
Z11079003;SENSITOMETRI PER PELLICOLE RADIOGRAFICHE;S;SPR;2007-02-20 00:00:00;
Z11079004;MISCELATORI DI LIQUIDI PER SVILUPPATRICE;S;MLS;2007-02-20 00:00:00;
Z11079005;PRINTATRICI;S;PRR;2007-02-20 00:00:00;
Z11079006;CASSETTE CON SCHERMO DI RINFORZO PER PELLICOLE RADIOGRAFICHE;S;;2007-02-20 00:00:00;
Z11079007;CASSETTE PER PELLICOLE RADIOGRAFICHE;S;;2007-02-20 00:00:00;
Z11079008;SCHERMI DI RINFORZO PER CASSETTE PER PELLICOLE RADIOGRAFICHE;S;;2007-02-20 00:00:00;
Z11079080;STRUMENTAZIONE VARIA DI SUPPORTO ALL'IMAGING SU PELLICOLA - COMPONENTI ACCESSORI HARDWARE;S;;2007-02-20 00:00:00;2022-02-22 00:00:00
Z11079080;STRUMENTAZIONE VARIA DI SUPPORTO ALL'IMAGING SU PELLICOLA  - ACCESSORI HARDWARE;S;;2022-02-23 00:00:00;
Z11079082;STRUMENTAZIONE VARIA DI SUPPORTO ALL'IMAGING SU PELLICOLA - COMPONENTI ACCESSORI SOFTWARE;S;;2007-02-20 00:00:00;2022-02-22 00:00:00
Z11079082;STRUMENTAZIONE VARIA DI SUPPORTO ALL'IMAGING SU PELLICOLA  - ACCESSORI SOFTWARE;S;;2022-02-23 00:00:00;
Z11079085;STRUMENTAZIONE VARIA DI SUPPORTO ALL'IMAGING SU PELLICOLA - MATERIALI SPECIFICI;S;;2007-02-20 00:00:00;
Z11079092;STRUMENTAZIONE VARIA DI SUPPORTO ALL'IMAGING SU PELLICOLA  - DISPOSITIVI MEDICI SOFTWARE;S;;2022-02-23 00:00:00;
Z11079099;STRUMENTAZIONE VARIA DI SUPPORTO ALL'IMAGING SU PELLICOLA NON ALTRIMENTI CLASSIFICATA;S;;2007-02-20 00:00:00;2022-02-22 00:00:00
Z11079099;STRUMENTAZIONE VARIA DI SUPPORTO ALL'IMAGING SU PELLICOLA - ALTRA;S;;2022-02-23 00:00:00;
Z1190;STRUMENTAZIONE VARIA PER BIOIMMAGINI E RADIOTERAPIA;N;;2007-02-20 00:00:00;
Z119001;SISTEMI PER DENSITOMETRIA OSSEA;N;DEO;2007-02-20 00:00:00;
Z11900101;DENSITOMETRI OSSEI A RAGGI GAMMA;S;DEO01;2007-02-20 00:00:00;
Z11900102;DENSITOMETRI OSSEI AD ULTRASUONI;S;DEO02;2007-02-20 00:00:00;
Z11900103;DENSITOMETRI OSSEI A RX;S;DEO03;2007-02-20 00:00:00;
Z11900180;SISTEMI PER DENSITOMETRIA OSSEA - COMPONENTI ACCESSORI HARDWARE;S;;2007-02-20 00:00:00;2022-02-22 00:00:00
Z11900180;SISTEMI PER DENSITOMETRIA OSSEA  - ACCESSORI HARDWARE;S;;2022-02-23 00:00:00;
Z11900182;SISTEMI PER DENSITOMETRIA OSSEA - COMPONENTI ACCESSORI SOFTWARE;S;;2007-02-20 00:00:00;2022-02-22 00:00:00
Z11900182;SISTEMI PER DENSITOMETRIA OSSEA  - ACCESSORI SOFTWARE;S;;2022-02-23 00:00:00;
Z11900185;SISTEMI PER DENSITOMETRIA OSSEA - MATERIALI SPECIFICI;S;;2007-02-20 00:00:00;
Z11900192;SISTEMI PER DENSITOMETRIA OSSEA  - DISPOSITIVI MEDICI SOFTWARE;S;;2022-02-23 00:00:00;
Z119002;DOSIMETRI;S;DSI;2007-02-20 00:00:00;
Z119003;APPARECCHIATURE PER FOTOGRAFIA PER BIOIMMAGINI;S;AFO;2007-02-20 00:00:00;
Z119004;LETTORI DI MICROFILM PER BIOIMMAGINI;S;LMB;2007-02-20 00:00:00;
Z119005;LETTORI PER DOSIMETRI PERSONALI;S;LDP;2007-02-20 00:00:00;
Z119007;MODULI ACQUISIZIONE IMMAGINI;S;MAI;2007-02-20 00:00:00;
Z119008;MONITOR PER VISUALIZZAZIONE E/O REFERTAZIONE DI BIOIMMAGINI;N;MTV;2007-02-20 00:00:00;
Z11900801;MONITOR PER REFERTAZIONE DI BIOIMMAGINI;S;MTV01;2007-02-20 00:00:00;
Z11900802;MONITOR PER VISUALIZZAZIONE DI BIOIMMAGINI;S;MTV02;2007-02-20 00:00:00;
Z11900880;MONITOR PER VISUALIZZAZIONE E/O REFERTAZIONE DI BIOIMMAGINI - COMPONENTI ACCESSORI HARDWARE;S;;2007-02-20 00:00:00;2022-02-22 00:00:00
Z11900880;MONITOR PER VISUALIZZAZIONE E/O REFERTAZIONE DI BIOIMMAGINI  - ACCESSORI HARDWARE;S;;2022-02-23 00:00:00;
Z11900885;MONITOR PER VISUALIZZAZIONE E/O REFERTAZIONE DI BIOIMMAGINI - MATERIALI SPECIFICI;S;;2007-02-20 00:00:00;
Z119010;SISTEMI LASER DI POSIZIONAMENTO PAZIENTE;S;SAN;2007-02-20 00:00:00;
Z119011;SISTEMI STEREOTASSICI IN MAMMOGRAFIA ECOGRAFICA O RADIOGRAFICA;S;SMG;2007-02-20 00:00:00;
Z119012;SISTEMI TELEVISIVI A CIRCUITO CHIUSO;S;SVV;2007-02-20 00:00:00;
Z119013;TERMOGRAFI;S;TGR;2007-02-20 00:00:00;
Z119014;VIDEOREGISTRATORI PER BIOIMMAGINI;S;VIR;2007-02-20 00:00:00;
Z119080;STRUMENTAZIONE VARIA PER BIOIMMAGINI E RADIOTERAPIA - COMPONENTI ACCESSORI HARDWARE;S;;2007-02-20 00:00:00;2022-02-22 00:00:00
Z119080;STRUMENTAZIONE VARIA PER BIOIMMAGINI E RADIOTERAPIA  - ACCESSORI HARDWARE;S;;2022-02-23 00:00:00;
Z119082;STRUMENTAZIONE VARIA PER BIOIMMAGINI E RADIOTERAPIA - COMPONENTI ACCESSORI SOFTWARE;S;;2007-02-20 00:00:00;2022-02-22 00:00:00
Z119082;STRUMENTAZIONE VARIA PER BIOIMMAGINI E RADIOTERAPIA  - ACCESSORI SOFTWARE;S;;2022-02-23 00:00:00;
Z119085;STRUMENTAZIONE VARIA PER BIOIMMAGINI E RADIOTERAPIA - MATERIALI SPECIFICI;S;;2007-02-20 00:00:00;
Z119092;STRUMENTAZIONE VARIA PER BIOIMMAGINI E RADIOTERAPIA  - DISPOSITIVI MEDICI SOFTWARE;S;;2022-02-23 00:00:00;
Z119099;STRUMENTAZIONE VARIA PER BIOIMMAGINI E RADIOTERAPIA NON ALTRIMENTI CLASSIFICATA;S;;2007-02-20 00:00:00;2022-02-22 00:00:00
Z119099;STRUMENTAZIONE VARIA PER BIOIMMAGINI E RADIOTERAPIA - ALTRA;S;;2022-02-23 00:00:00;
Z12;STRUMENTAZIONE PER ESPLORAZIONI FUNZIONALI ED INTERVENTI TERAPEUTICI;N;;2007-02-20 00:00:00;
Z1201;STRUMENTAZIONE PER CHIRURGIA GENERALE E MULTIDISCIPLINARE;N;;2007-02-20 00:00:00;
Z120101;ABLATORI PER ARTERIECTOMIA;S;ABA;2007-02-20 00:00:00;
Z120102;APPARECCHIATURE PER CRIOCHIRURGIA;S;CRC;2007-02-20 00:00:00;
Z120103;APPARECCHIATURE PER DERMOTOMIA;S;DEE;2007-02-20 00:00:00;
Z120104;APPARECCHIATURE PER AUTOTRASFUSIONE;S;ATT;2007-02-20 00:00:00;
Z120105;ASPIRATORI MEDICI CHIRURGICI;S;ACH;2007-02-20 00:00:00;
Z120106;IDRODISSETTORI;S;IDE;2007-02-20 00:00:00;
Z120107;SISTEMI DI ILLUMINAZIONE A LAMPADA SCIALITICA;N;LSC;2007-02-20 00:00:00;
Z12010701;LAMPADE SCIALITICHE FISSE;S;LSC01;2007-02-20 00:00:00;
Z12010702;LAMPADE SCIALITICHE MOBILI;S;LSC02;2007-02-20 00:00:00;
Z12010780;SISTEMI DI ILLUMINAZIONE A LAMPADA SCIALITICA - COMPONENTI ACCESSORI HARDWARE;S;;2007-02-20 00:00:00;2022-02-22 00:00:00
Z12010780;SISTEMI DI ILLUMINAZIONE A LAMPADA SCIALITICA  - ACCESSORI HARDWARE;S;;2022-02-23 00:00:00;
Z12010785;SISTEMI DI ILLUMINAZIONE A LAMPADA SCIALITICA - MATERIALI SPECIFICI;S;;2007-02-20 00:00:00;
Z12010799;SISTEMI DI ILLUMINAZIONE A LAMPADA SCIALITICA NON ALTRIMENTI CLASSIFICATA;S;;2007-02-20 00:00:00;2022-02-22 00:00:00
Z12010799;SISTEMI DI ILLUMINAZIONE A LAMPADA SCIALITICA - ALTRI;S;;2022-02-23 00:00:00;
Z120108;STRUMENTAZIONE PER CHIRURGIA AD ULTRASUONI;N;;2007-02-20 00:00:00;
Z12010801;BISTURI AD ULTRASUONI;S;AUL;2007-02-20 00:00:00;
Z12010880;STRUMENTAZIONE PER CHIRURGIA AD ULTRASUONI - COMPONENTI ACCESSORI HARDWARE;S;;2007-02-20 00:00:00;2022-02-22 00:00:00
Z12010880;STRUMENTAZIONE PER CHIRURGIA AD ULTRASUONI  - ACCESSORI HARDWARE;S;;2022-02-23 00:00:00;
Z12010882;STRUMENTAZIONE PER CHIRURGIA AD ULTRASUONI - COMPONENTI ACCESSORI SOFTWARE;S;;2007-02-20 00:00:00;2022-02-22 00:00:00
Z12010882;STRUMENTAZIONE PER CHIRURGIA AD ULTRASUONI  - ACCESSORI SOFTWARE;S;;2022-02-23 00:00:00;
Z12010885;STRUMENTAZIONE PER CHIRURGIA AD ULTRASUONI - MATERIALI SPECIFICI;S;;2007-02-20 00:00:00;
Z12010892;STRUMENTAZIONE PER CHIRURGIA AD ULTRASUONI  - DISPOSITIVI MEDICI SOFTWARE;S;;2022-02-23 00:00:00;
Z120109;STRUMENTAZIONE PER ELETTROCHIRURGIA;N;;2007-02-20 00:00:00;
Z12010901;DIATERMOCOAGULATORI;S;DIC;2007-02-20 00:00:00;
Z12010902;ELETTROBISTURI PER USO GENERALE;S;ELB;2007-02-20 00:00:00;
Z12010903;ELETTROBISTURI AD ARGON;S;EBD;2007-02-20 00:00:00;
Z12010904;ELETTROBISTURI PER ENDOSCOPIA;S;EBA;2007-02-20 00:00:00;
Z12010905;RADIOBISTURI;S;RAI;2007-02-20 00:00:00;
Z12010980;STRUMENTAZIONE PER ELETTROCHIRURGIA - COMPONENTI ACCESSORI HARDWARE;S;;2007-02-20 00:00:00;2022-02-22 00:00:00
Z12010980;STRUMENTAZIONE PER ELETTROCHIRURGIA  - ACCESSORI HARDWARE;S;;2022-02-23 00:00:00;
Z12010982;STRUMENTAZIONE PER ELETTROCHIRURGIA - COMPONENTI ACCESSORI SOFTWARE;S;;2007-02-20 00:00:00;2022-02-22 00:00:00
Z12010982;STRUMENTAZIONE PER ELETTROCHIRURGIA  - ACCESSORI SOFTWARE;S;;2022-02-23 00:00:00;
Z12010985;STRUMENTAZIONE PER ELETTROCHIRURGIA - MATERIALI SPECIFICI;S;;2007-02-20 00:00:00;
Z12010992;STRUMENTAZIONE PER ELETTROCHIRURGIA  - DISPOSITIVI MEDICI SOFTWARE;S;;2022-02-23 00:00:00;
Z12010999;STRUMENTAZIONE PER ELETTROCHIRURGIA NON ALTRIMENTI CLASSIFICATA;S;;2007-02-20 00:00:00;2022-02-22 00:00:00
Z12010999;STRUMENTAZIONE PER ELETTROCHIRURGIA - ALTRA;S;;2022-02-23 00:00:00;
Z120110;STRUMENTAZIONE PER LASER-CHIRURGIA;N;LCH;2007-02-20 00:00:00;
Z12011001;LASER CHIRURGICO AD ECCIMERI;S;LCH01;2007-02-20 00:00:00;
Z12011002;LASER CHIRURGICO AL MONOSSIDO DI CARBONIO;S;LCH02;2007-02-20 00:00:00;
Z12011003;LASER CHIRURGICO AD OLMIO;S;LCH03;2007-02-20 00:00:00;
Z12011004;LASER CHIRURGICO AL KRYPTON;S;LCH04;2007-02-20 00:00:00;
Z12011005;LASER CHIRURGICO AD ANIDRIDE CARBONICA;S;LCH05;2007-02-20 00:00:00;
Z12011006;LASER CHIRURGICO A STATO SOLIDO DPSS;S;LCH06;2007-02-20 00:00:00;
Z12011007;LASER CHIRURGICO DYE;S;LCH07;2007-02-20 00:00:00;
Z12011008;LASER CHIRURGICO AD ELIO/NEON;S;LCH08;2007-02-20 00:00:00;
Z12011009;LASER CHIRURGICO AI VAPORI DI RAME;S;LCH09;2007-02-20 00:00:00;
Z12011010;LASER CHIRURGICO AD ARGON/KRYPTON;S;LCH10;2007-02-20 00:00:00;
Z12011011;LASER CHIRURGICO KTP;S;LCH11;2007-02-20 00:00:00;
Z12011012;LASER CHIRURGICO DYE/ALEXANDRITE;S;LCH12;2007-02-20 00:00:00;
Z12011013;LASER CHIRURGICO AD ARGON;S;LCH13;2007-02-20 00:00:00;
Z12011014;LASER CHIRURGICO AD ERBIO;S;LCH14;2007-02-20 00:00:00;
Z12011015;LASER CHIRURGICO AL RUBINIO;S;LCH15;2007-02-20 00:00:00;
Z12011016;LASER CHIRURGICO A DIODI;S;LCH16;2007-02-20 00:00:00;
Z12011017;LASER CHIRURGICO AL NEODIMIO;S;LCH17;2007-02-20 00:00:00;
Z12011018;LASER CHIRURGICO AD ELIO/CADMIO;S;LCH18;2007-02-20 00:00:00;
Z12011019;LASER MULTIPIATTAFORMA;S;LAT;2007-02-20 00:00:00;
Z12011080;STRUMENTAZIONE PER LASER-CHIRURGIA - COMPONENTI ACCESSORI HARDWARE;S;;2007-02-20 00:00:00;2022-02-22 00:00:00
Z12011080;STRUMENTAZIONE PER LASER-CHIRURGIA -  ACCESSORI HARDWARE;S;;2022-02-23 00:00:00;
Z12011082;STRUMENTAZIONE PER LASER-CHIRURGIA - COMPONENTI ACCESSORI SOFTWARE;S;;2007-02-20 00:00:00;2022-02-22 00:00:00
Z12011082;STRUMENTAZIONE PER LASER-CHIRURGIA -  ACCESSORI SOFTWARE;S;;2022-02-23 00:00:00;
Z12011085;STRUMENTAZIONE PER LASER-CHIRURGIA - MATERIALI SPECIFICI;S;;2007-02-20 00:00:00;
Z12011092;STRUMENTAZIONE PER LASER-CHIRURGIA -  DISPOSITIVI MEDICI SOFTWARE;S;;2022-02-23 00:00:00;
Z12011099;STRUMENTAZIONE PER LASER-CHIRURGIA NON ALTRIMENTI CLASSIFICATA;S;;2007-02-20 00:00:00;2022-02-22 00:00:00
Z12011099;STRUMENTAZIONE PER LASER-CHIRURGIA - ALTRA;S;;2022-02-23 00:00:00;
Z120111;STRUMENTAZIONE PER MICROSCOPIA OPERATORIA;N;;2007-02-20 00:00:00;
Z12011101;MICROSCOPI OPERATORI;S;MOP;2007-02-20 00:00:00;
Z12011180;STRUMENTAZIONE PER MICROSCOPIA OPERATORIA - COMPONENTI ACCESSORI HARDWARE;N;;2007-02-20 00:00:00;2022-02-22 00:00:00
Z12011180;STRUMENTAZIONE PER MICROSCOPIA OPERATORIA  - ACCESSORI HARDWARE;N;;2022-02-23 00:00:00;
Z1201118001;STATIVI PER MICROSCOPIO OPERATORIO;S;SMO;2007-02-20 00:00:00;
Z1201118099;STRUMENTAZIONE PER MICROSCOPIA OPERATORIA - COMPONENTI ACCESSORI HARDWARE NON ALTRIMENTI CLASSIFICATA;S;;2016-11-15 00:00:00;2022-02-22 00:00:00
Z1201118099;STRUMENTAZIONE PER MICROSCOPIA OPERATORIA - ACCESSORI HARDWARE - ALTRI;S;;2022-02-23 00:00:00;
Z12011182;STRUMENTAZIONE PER MICROSCOPIA OPERATORIA - COMPONENTI ACCESSORI SOFTWARE;S;;2007-02-20 00:00:00;2022-02-22 00:00:00
Z12011182;STRUMENTAZIONE PER MICROSCOPIA OPERATORIA  - ACCESSORI SOFTWARE;S;;2022-02-23 00:00:00;
Z12011185;STRUMENTAZIONE PER MICROSCOPIA OPERATORIA - MATERIALI SPECIFICI;S;;2007-02-20 00:00:00;
Z12011192;STRUMENTAZIONE PER MICROSCOPIA OPERATORIA  - DISPOSITIVI MEDICI SOFTWARE;S;;2022-02-23 00:00:00;
Z12011199;STRUMENTAZIONE PER MICROSCOPIA OPERATORIA NON ALTRIMENTI CLASSIFICATA;S;;2007-02-20 00:00:00;2022-02-22 00:00:00
Z12011199;STRUMENTAZIONE PER MICROSCOPIA OPERATORIA - ALTRA;S;;2022-02-23 00:00:00;
Z120112;STRUMENTAZIONE PER POSIZIONAMENTO DEL PAZIENTE;N;;2007-02-20 00:00:00;
Z12011201;POLTRONE OPERATORIE;S;POO;2007-02-20 00:00:00;
Z12011202;TAVOLI OPERATORI;S;TOP;2007-02-20 00:00:00;
Z12011280;STRUMENTAZIONE PER POSIZIONAMENTO DEL PAZIENTE - COMPONENTI ACCESSORI HARDWARE;S;;2007-02-20 00:00:00;2022-02-22 00:00:00
Z12011280;STRUMENTAZIONE PER POSIZIONAMENTO DEL PAZIENTE  - ACCESSORI HARDWARE;S;;2022-02-23 00:00:00;
Z12011285;STRUMENTAZIONE PER POSIZIONAMENTO DEL PAZIENTE - MATERIALI SPECIFICI;S;;2007-02-20 00:00:00;
Z12011299;STRUMENTAZIONE PER POSIZIONAMENTO DEL PAZIENTE NON ALTRIMENTI CLASSIFICATA;S;;2007-02-20 00:00:00;2022-02-22 00:00:00
Z12011299;STRUMENTAZIONE PER POSIZIONAMENTO DEL PAZIENTE - ALTRA;S;;2022-02-23 00:00:00;
Z120113;STRUMENTAZIONE PER LAVAGGIO, DISINFEZIONE E STERILIZZAZIONE;N;;2007-02-20 00:00:00;
Z12011301;APPARECCHIATURE PER LAVAGGIO E DISINFEZIONE;S;LAV;2007-02-20 00:00:00;
Z12011302;APPARECCHIATURE PER LAVAGGIO AD ULTRASUONI;S;BUL;2007-02-20 00:00:00;
Z12011303;APPARECCHIATURE PER STERILIZZAZIONE CHIMICA;S;SOE;2007-02-20 00:00:00;
Z12011304;AUTOCLAVI CON CAMERA SUPERIORE O UGUALE AD 1 UNITA' STANDARD DI STERILIZZAZIONE ;S;AUT;2007-02-20 00:00:00;
Z12011305;AUTOCLAVI PER PICCOLI CARICHI CON CAMERA INFERIORE AD 1 UNITA' STANDARD DI STERILIZZAZIONE ;S;AUB;2007-02-20 00:00:00;
Z12011306;SISTEMI PER IL LAVAGGIO E DECONTAMINAZIONE DI DM DI GRANDI DIMENSIONI;S;MAZ;2007-02-20 00:00:00;2022-02-22 00:00:00
Z12011306;SISTEMI PER IL LAVAGGIO E DECONTAMINAZIONE STRUMENTAZIONE PER CHIRURGIA GENERALE E MULTIDISCIPLINARE ;S;MAZ;2022-02-23 00:00:00;
Z12011307;STERILIZZATRICI AD ARIA SECCA;S;SAS;2007-02-20 00:00:00;
Z12011308;TERMOSALDATRICI;S;TMS;2007-02-20 00:00:00;2011-08-30 00:00:00
Z12011309;STERILIZZATRICI AL PLASMA;S;;2011-08-30 00:00:00;
Z12011310;STERILIZZATRICI A RADIAZIONI;N;;2022-02-23 00:00:00;
Z1201131001;STERILIZZATRICI A RADIAZIONI, RAGGI X;S;;2022-02-23 00:00:00;
Z1201131002;STERILIZZATRICI A RADIAZIONI, RAGGI GAMMA;S;;2022-02-23 00:00:00;
Z1201131003;STERILIZZATRICI A RADIAZIONI, MICROONDE;S;;2022-02-23 00:00:00;
Z1201131099;STERILIZZATRICI A RADIAZIONI - ALTRE;S;;2022-02-23 00:00:00;
Z12011311;LAVATRICI PER ENDOSCOPI;S;;2022-02-23 00:00:00;
Z12011312;ASCIUGATRICI PER ENDOSCOPI;S;;2022-02-23 00:00:00;
Z12011313;STERILIZZATRICI PER ENDOSCOPI;S;;2022-02-23 00:00:00;
Z12011314;ARMADI ASCIUGATURA E STOCCAGGIO PER ENDOSCOPI;S;;2022-02-23 00:00:00;
Z12011380;STRUMENTAZIONE PER LAVAGGIO, DISINFEZIONE E STERILIZZAZIONE - COMPONENTI ACCESSORI HARDWARE;S;;2007-02-20 00:00:00;2022-02-22 00:00:00
Z12011380;STRUMENTAZIONE PER LAVAGGIO, DISINFEZIONE E STERILIZZAZIONE  - ACCESSORI HARDWARE;S;;2022-02-23 00:00:00;
Z12011382;STRUMENTAZIONE PER LAVAGGIO, DISINFEZIONE E STERILIZZAZIONE - COMPONENTI ACCESSORI SOFTWARE;S;;2007-02-20 00:00:00;2022-02-22 00:00:00
Z12011382;STRUMENTAZIONE PER LAVAGGIO, DISINFEZIONE E STERILIZZAZIONE  - ACCESSORI SOFTWARE;S;;2022-02-23 00:00:00;
Z12011385;STRUMENTAZIONE PER LAVAGGIO, DISINFEZIONE E STERILIZZAZIONE - MATERIALI SPECIFICI;S;;2007-02-20 00:00:00;
Z12011392;STRUMENTAZIONE PER LAVAGGIO, DISINFEZIONE E STERILIZZAZIONE  - DISPOSITIVI MEDICI SOFTWARE;S;;2022-02-23 00:00:00;
Z12011399;STRUMENTAZIONE PER LAVAGGIO, DISINFEZIONE E STERILIZZAZIONE NON ALTRIMENTI CLASSIFICATA;S;;2007-02-20 00:00:00;2022-02-22 00:00:00
Z12011399;STRUMENTAZIONE PER LAVAGGIO, DISINFEZIONE E STERILIZZAZIONE - ALTRA;S;;2022-02-23 00:00:00;
Z120114;STRUMENTAZIONE PER NAVIGAZIONE CHIRURGICA;N;;2007-02-20 00:00:00;
Z12011401;SISTEMA DI NAVIGAZIONE CHIRURGICA;S;SGR;2007-02-20 00:00:00;
Z12011480;STRUMENTAZIONE PER NAVIGAZIONE CHIRURGICA - COMPONENTI ACCESSORI HARDWARE;S;;2007-02-20 00:00:00;2022-02-22 00:00:00
Z12011480;STRUMENTAZIONE PER NAVIGAZIONE CHIRURGICA  - ACCESSORI HARDWARE;S;;2022-02-23 00:00:00;
Z12011482;STRUMENTAZIONE PER NAVIGAZIONE CHIRURGICA - COMPONENTI ACCESSORI SOFTWARE;S;;2007-02-20 00:00:00;2022-02-22 00:00:00
Z12011482;STRUMENTAZIONE PER NAVIGAZIONE CHIRURGICA  - ACCESSORI SOFTWARE;S;;2022-02-23 00:00:00;
Z12011485;STRUMENTAZIONE PER NAVIGAZIONE CHIRURGICA - MATERIALI SPECIFICI;S;;2007-02-20 00:00:00;
Z12011492;STRUMENTAZIONE PER NAVIGAZIONE CHIRURGICA  - DISPOSITIVI MEDICI SOFTWARE;S;;2022-02-23 00:00:00;
Z120190;STRUMENTAZIONE VARIA PER CHIRURGIA GENERALE E MULTIDISCIPLINARE;N;;2007-02-20 00:00:00;
Z12019001;APPARECCHIATURE PER APPLICAZIONE DI FILI CHIRURGICI;S;AVV;2007-02-20 00:00:00;
Z12019002;APPARECCHIATURE PER IL TRASPORTO DI MATERIALE ORGANICO;S;COR;2007-02-20 00:00:00;
Z12019003;APPARECCHIATURE PER IL TRATTAMENTO DELLE FERITE;S;TDC;2007-02-20 00:00:00;
Z12019004;ASPIRATORI FUMI CHIRURGICI;S;AFU;2007-02-20 00:00:00;
Z12019005;DERMOGRAFI;S;DEG;2007-02-20 00:00:00;
Z12019006;FOTOCOAGULATORI;S;FTC;2007-02-20 00:00:00;
Z12019007;IRRIGATORI;S;IRR;2007-02-20 00:00:00;
Z12019008;RISCALDATORI SANGUIGNI;S;RSA;2007-02-20 00:00:00;
Z12019009;SCALDASACCHE;S;SHE;2007-02-20 00:00:00;
Z12019010;SISTEMI PASSAMALATI;S;PAS;2007-02-20 00:00:00;
Z12019080;STRUMENTAZIONE VARIA PER CHIRURGIA GENERALE E MULTIDISCIPLINARE - COMPONENTI ACCESSORI HARDWARE;S;;2007-02-20 00:00:00;2022-02-22 00:00:00
Z12019080;STRUMENTAZIONE VARIA PER CHIRURGIA GENERALE E MULTIDISCIPLINARE  - ACCESSORI HARDWARE;S;;2022-02-23 00:00:00;
Z12019082;STRUMENTAZIONE VARIA PER CHIRURGIA GENERALE E MULTIDISCIPLINARE - COMPONENTI ACCESSORI SOFTWARE;S;;2007-02-20 00:00:00;2022-02-22 00:00:00
Z12019082;STRUMENTAZIONE VARIA PER CHIRURGIA GENERALE E MULTIDISCIPLINARE  - ACCESSORI SOFTWARE;S;;2022-02-23 00:00:00;
Z12019085;STRUMENTAZIONE VARIA PER CHIRURGIA GENERALE E MULTIDISCIPLINARE - MATERIALI SPECIFICI;S;;2007-02-20 00:00:00;
Z12019092;STRUMENTAZIONE VARIA PER CHIRURGIA GENERALE E MULTIDISCIPLINARE  - DISPOSITIVI MEDICI SOFTWARE;S;;2022-02-23 00:00:00;
Z12019099;STRUMENTAZIONE VARIA PER CHIRURGIA GENERALE E MULTIDISCIPLINARE NON ALTRIMENTI CLASSIFICATA;S;;2007-02-20 00:00:00;2022-02-22 00:00:00
Z12019099;STRUMENTAZIONE VARIA PER CHIRURGIA GENERALE E MULTIDISCIPLINARE - ALTRA;S;;2022-02-23 00:00:00;
Z1202;STRUMENTAZIONE PER ENDOSCOPIA E CHIRURGIA MINI-INVASIVA;N;;2007-02-20 00:00:00;
Z120201;STRUMENTAZIONE PER CHIRURGIA ENDOSCOPICA ROBOTIZZATA A CONTROLLO REMOTO;N;;2007-02-20 00:00:00;
Z12020101;SISTEMI ROBOTIZZATI PER CHIRURGIA ENDOSCOPICA;S;SBC;2007-02-20 00:00:00;
Z12020180;STRUMENTAZIONE PER CHIRURGIA ENDOSCOPICA ROBOTIZZATA A CONTROLLO REMOTO - COMPONENTI ACCESSORI HARDWARE;N;;2007-02-20 00:00:00;2022-02-22 00:00:00
Z12020180;STRUMENTAZIONE PER CHIRURGIA ENDOSCOPICA ROBOTIZZATA A CONTROLLO REMOTO  - ACCESSORI HARDWARE;N;;2022-02-23 00:00:00;
Z1202018001;BRACCIO ROBOTIZZATO PER VIDEOENDOSCOPIO;S;RBZ;2007-02-20 00:00:00;
Z1202018002;CONSOLLE DI COMANDO PER CHIRURGIA ENDOSCOPICA;S;CAH;2007-02-20 00:00:00;
Z1202018099;STRUMENTAZIONE PER CHIRURGIA ENDOSCOPICA ROBOTIZZATA A CONTROLLO REMOTO - ALTRI COMPONENTI ACCESSORI HARDWARE;S;;2007-02-20 00:00:00;2008-06-29 00:00:00
Z1202018099;STRUMENTAZIONE PER CHIRURGIA ENDOSCOPICA ROBOTIZZATA A CONTROLLO REMOTO - COMPONENTI ACCESSORI HARDWARE NON ALTRIMENTI CLASSIFICATI;S;;2008-06-30 00:00:00;2022-02-22 00:00:00
Z1202018099;STRUMENTAZIONE PER CHIRURGIA ENDOSCOPICA ROBOTIZZATA A CONTROLLO REMOTO  - ACCESSORI HARDWARE - ALTRI;S;;2022-02-23 00:00:00;
Z12020182;STRUMENTAZIONE PER CHIRURGIA ENDOSCOPICA ROBOTIZZATA A CONTROLLO REMOTO - COMPONENTI ACCESSORI SOFTWARE;S;;2007-02-20 00:00:00;2022-02-22 00:00:00
Z12020182;STRUMENTAZIONE PER CHIRURGIA ENDOSCOPICA ROBOTIZZATA A CONTROLLO REMOTO  - ACCESSORI SOFTWARE;S;;2022-02-23 00:00:00;
Z12020185;STRUMENTAZIONE PER CHIRURGIA ENDOSCOPICA ROBOTIZZATA A CONTROLLO REMOTO - MATERIALI SPECIFICI;S;;2007-02-20 00:00:00;
Z12020192;STRUMENTAZIONE PER CHIRURGIA ENDOSCOPICA ROBOTIZZATA A CONTROLLO REMOTO  - DISPOSITIVI MEDICI SOFTWARE;S;;2022-02-23 00:00:00;
Z12020199;STRUMENTAZIONE PER CHIRURGIA ENDOSCOPICA ROBOTIZZATA A CONTROLLO REMOTO NON ALTRIMENTI CLASSIFICATA;S;;2007-02-20 00:00:00;2022-02-22 00:00:00
Z12020199;STRUMENTAZIONE PER CHIRURGIA ENDOSCOPICA ROBOTIZZATA A CONTROLLO REMOTO - ALTRA;S;;2022-02-23 00:00:00;
Z120202;STRUMENTAZIONE PER CHIRURGIA ENDOSCOPICA MOTORIZZATA;N;;2007-02-20 00:00:00;
Z12020201;SISTEMI MOTORIZZATI PER CHIRURGIA ENDOSCOPICA;S;SZC;2007-02-20 00:00:00;
Z12020280;STRUMENTAZIONE PER CHIRURGIA ENDOSCOPICA MOTORIZZATA - COMPONENTI ACCESSORI HARDWARE;S;;2007-02-20 00:00:00;2022-02-22 00:00:00
Z12020280;STRUMENTAZIONE PER CHIRURGIA ENDOSCOPICA MOTORIZZATA  - ACCESSORI HARDWARE;S;;2022-02-23 00:00:00;
Z12020282;STRUMENTAZIONE PER CHIRURGIA ENDOSCOPICA MOTORIZZATA - COMPONENTI ACCESSORI SOFTWARE;S;;2007-02-20 00:00:00;2022-02-22 00:00:00
Z12020282;STRUMENTAZIONE PER CHIRURGIA ENDOSCOPICA MOTORIZZATA  - ACCESSORI SOFTWARE;S;;2022-02-23 00:00:00;
Z12020285;STRUMENTAZIONE PER CHIRURGIA ENDOSCOPICA MOTORIZZATA - MATERIALI SPECIFICI;S;;2007-02-20 00:00:00;
Z12020292;STRUMENTAZIONE PER CHIRURGIA ENDOSCOPICA MOTORIZZATA  - DISPOSITIVI MEDICI SOFTWARE;S;;2022-02-23 00:00:00;
Z120203;STRUMENTAZIONE PER LITOTRISSIA ENDOSCOPICA;N;;2007-02-20 00:00:00;
Z12020301;LITOTRITORI ENDOSCOPICI ELETTROMECCANICI;S;LIE01;2007-02-20 00:00:00;
Z12020302;LITOTRITORI ENDOSCOPICI A ULTRASUONI;S;LIE02;2007-02-20 00:00:00;
Z12020303;LITOTRITORI ENDOSCOPICI ELETTROIDRAULICI;S;LIE03;2007-02-20 00:00:00;
Z12020304;LITOTRITORI ENDOSCOPICI LASER;S;LIL;2007-02-20 00:00:00;
Z12020380;STRUMENTAZIONE PER LITOTRISSIA ENDOSCOPICA - COMPONENTI ACCESSORI HARDWARE;S;;2007-02-20 00:00:00;2022-02-22 00:00:00
Z12020380;STRUMENTAZIONE PER LITOTRISSIA ENDOSCOPICA  - ACCESSORI HARDWARE;S;;2022-02-23 00:00:00;
Z12020382;STRUMENTAZIONE PER LITOTRISSIA ENDOSCOPICA - COMPONENTI ACCESSORI SOFTWARE;S;;2007-02-20 00:00:00;2022-02-22 00:00:00
Z12020382;STRUMENTAZIONE PER LITOTRISSIA ENDOSCOPICA  - ACCESSORI SOFTWARE;S;;2022-02-23 00:00:00;
Z12020385;STRUMENTAZIONE PER LITOTRISSIA ENDOSCOPICA - MATERIALI SPECIFICI;S;;2007-02-20 00:00:00;
Z12020392;STRUMENTAZIONE PER LITOTRISSIA ENDOSCOPICA  - DISPOSITIVI MEDICI SOFTWARE;S;;2022-02-23 00:00:00;
Z120204;STRUMENTAZIONE PER ACQUISIZIONE E GESTIONE DI IMMAGINI ENDOSCOPICHE E DI CHIRURGIA MINI-INVASIVA;N;;2007-02-20 00:00:00;
Z12020401;SISTEMI INTEGRATI PER ACQUISIZIONE E GESTIONE DI IMMAGINI ENDOSCOPICHE E DI CHIRURGIA MINI-INVASIVA;S;STE;2007-02-20 00:00:00;
Z12020402;FONTI LUMINOSE PER ENDOSCOPIA E CHIRURGIA MINI-INVASIVA;S;FLU;2007-02-20 00:00:00;
Z12020403;MODULI DI ACQUISIZIONE IMMAGINI ENDOSCOPICHE E DI CHIRURGIA MINI-INVASIVA;S;SDE;2007-02-20 00:00:00;
Z12020404;CENTRALI DI COMANDO REMOTO PER ENDOSCOPIA E CHIRURGIA MINI-INVASIVA;S;CED;2007-02-20 00:00:00;
Z12020405;TELECAMERE;S;TVC;2007-02-20 00:00:00;
Z12020406;VIDEOPROCESSORI;S;VDP;2007-02-20 00:00:00;
Z12020480;STRUMENTAZIONE PER ACQUISIZIONE E GESTIONE DI IMMAGINI ENDOSCOPICHE E DI CHIRURGIA MINI-INVASIVA - COMPONENTI ACCESSORI HARDWARE;S;;2007-02-20 00:00:00;2022-02-22 00:00:00
Z12020480;STRUMENTAZIONE PER ACQUISIZIONE E GESTIONE DI IMMAGINI ENDOSCOPICHE E DI CHIRURGIA MINI-INVASIVA  - ACCESSORI HARDWARE;S;;2022-02-23 00:00:00;
Z12020482;STRUMENTAZIONE PER ACQUISIZIONE E GESTIONE DI IMMAGINI ENDOSCOPICHE E DI CHIRURGIA MINI-INVASIVA - COMPONENTI ACCESSORI SOFTWARE;S;;2007-02-20 00:00:00;2022-02-22 00:00:00
Z12020482;STRUMENTAZIONE PER ACQUISIZIONE E GESTIONE DI IMMAGINI ENDOSCOPICHE E DI CHIRURGIA MINI-INVASIVA  - ACCESSORI SOFTWARE;S;;2022-02-23 00:00:00;
Z12020485;STRUMENTAZIONE PER ACQUISIZIONE E GESTIONE DI IMMAGINI ENDOSCOPICHE E DI CHIRURGIA MINI-INVASIVA - MATERIALI SPECIFICI;S;;2007-02-20 00:00:00;
Z12020492;STRUMENTAZIONE PER ACQUISIZIONE E GESTIONE DI IMMAGINI ENDOSCOPICHE E DI CHIRURGIA MINI-INVASIVA  - DISPOSITIVI MEDICI SOFTWARE;S;;2022-02-23 00:00:00;
Z12020499;STRUMENTAZIONE PER ACQUISIZIONE E GESTIONE DI IMMAGINI ENDOSCOPICHE E DI CHIRURGIA MINI-INVASIVA NON ALTRIMENTI CLASSIFICATA;S;;2007-02-20 00:00:00;2022-02-22 00:00:00
Z12020499;STRUMENTAZIONE PER ACQUISIZIONE E GESTIONE DI IMMAGINI ENDOSCOPICHE E DI CHIRURGIA MINI-INVASIVA - ALTRA;S;;2022-02-23 00:00:00;
Z120205;STRUMENTAZIONE PER ENDOSCOPIA DIGESTIVA SUPERIORE;N;;2007-02-20 00:00:00;
Z12020501;COLEDOCOSCOPI;S;COS;2007-02-20 00:00:00;
Z12020502;DUODENOSCOPI;S;DUS;2007-02-20 00:00:00;
Z12020503;ECOGASTROSCOPI;S;ECS;2007-02-20 00:00:00;
Z12020504;ESOFAGOSCOPI;S;ESS;2007-02-20 00:00:00;
Z12020505;GASTRODUODENOSCOPI;S;GDS;2007-02-20 00:00:00;
Z12020506;GASTROSCOPI;S;GFL;2007-02-20 00:00:00;
Z12020507;VIDEOCOLEDOCOSCOPI;S;VDL;2007-02-20 00:00:00;
Z12020508;VIDEODUODENOSCOPI;S;VDU;2007-02-20 00:00:00;
Z12020509;VIDEOESOFAGOSCOPI;S;VSS;2007-02-20 00:00:00;
Z12020510;VIDEOGASTRODUODENOSCOPI;S;VGD;2007-02-20 00:00:00;
Z12020511;VIDEOGASTROSCOPI;S;VGF;2007-02-20 00:00:00;
Z12020512;VIDEOSIGMOIDOSCOPI;S;VSI;2007-02-20 00:00:00;2022-02-23 00:00:00
Z12020580;STRUMENTAZIONE PER ENDOSCOPIA DIGESTIVA SUPERIORE - COMPONENTI ACCESSORI HARDWARE;S;;2007-02-20 00:00:00;2022-02-22 00:00:00
Z12020580;STRUMENTAZIONE PER ENDOSCOPIA DIGESTIVA SUPERIORE  - ACCESSORI HARDWARE;S;;2022-02-23 00:00:00;
Z12020582;STRUMENTAZIONE PER ENDOSCOPIA DIGESTIVA SUPERIORE - COMPONENTI ACCESSORI SOFTWARE;S;;2007-02-20 00:00:00;2022-02-22 00:00:00
Z12020582;STRUMENTAZIONE PER ENDOSCOPIA DIGESTIVA SUPERIORE  - ACCESSORI SOFTWARE;S;;2022-02-23 00:00:00;
Z12020585;STRUMENTAZIONE PER ENDOSCOPIA DIGESTIVA SUPERIORE - MATERIALI SPECIFICI;S;;2007-02-20 00:00:00;
Z12020592;STRUMENTAZIONE PER ENDOSCOPIA DIGESTIVA SUPERIORE  - DISPOSITIVI MEDICI SOFTWARE;S;;2022-02-23 00:00:00;
Z12020599;STRUMENTAZIONE PER ENDOSCOPIA DIGESTIVA SUPERIORE NON ALTRIMENTI CLASSIFICATA;S;;2007-02-20 00:00:00;2022-02-22 00:00:00
Z12020599;STRUMENTAZIONE PER ENDOSCOPIA DIGESTIVA SUPERIORE - ALTRA;S;;2022-02-23 00:00:00;
Z120206;STRUMENTAZIONE PER ENDOSCOPIA DIGESTIVA INFERIORE;N;;2007-02-20 00:00:00;
Z12020601;COLONSCOPI;S;CLS;2007-02-20 00:00:00;
Z12020602;SIGMOIDOSCOPI;S;SIS;2007-02-20 00:00:00;
Z12020603;PROCTOSCOPI;S;PRS;2007-02-20 00:00:00;
Z12020604;PROCTOSCOPI A ULTRASUONI;S;PCL;2007-02-20 00:00:00;
Z12020605;RETTOSCOPI;S;ROS;2007-02-20 00:00:00;
Z12020606;VIDEOCOLONSCOPI;S;VCL;2007-02-20 00:00:00;
Z12020607;VIDEOENTEROSCOPI;S;VDC;2007-02-20 00:00:00;
Z12020608;VIDEOSIGMOIDOSCOPI;S;;2022-02-23 00:00:00;
Z12020680;STRUMENTAZIONE PER ENDOSCOPIA DIGESTIVA INFERIORE - COMPONENTI ACCESSORI HARDWARE;S;;2007-02-20 00:00:00;2022-02-22 00:00:00
Z12020680;STRUMENTAZIONE PER ENDOSCOPIA DIGESTIVA INFERIORE  - ACCESSORI HARDWARE;S;;2022-02-23 00:00:00;
Z12020682;STRUMENTAZIONE PER ENDOSCOPIA DIGESTIVA INFERIORE - COMPONENTI ACCESSORI SOFTWARE;S;;2007-02-20 00:00:00;2022-02-22 00:00:00
Z12020682;STRUMENTAZIONE PER ENDOSCOPIA DIGESTIVA INFERIORE  - ACCESSORI SOFTWARE;S;;2022-02-23 00:00:00;
Z12020685;STRUMENTAZIONE PER ENDOSCOPIA DIGESTIVA INFERIORE - MATERIALI SPECIFICI;S;;2007-02-20 00:00:00;
Z12020692;STRUMENTAZIONE PER ENDOSCOPIA DIGESTIVA INFERIORE  - DISPOSITIVI MEDICI SOFTWARE;S;;2022-02-23 00:00:00;
Z12020699;STRUMENTAZIONE PER ENDOSCOPIA DIGESTIVA INFERIORE NON ALTRIMENTI CLASSIFICATA;S;;2007-02-20 00:00:00;2022-02-22 00:00:00
Z12020699;STRUMENTAZIONE PER ENDOSCOPIA DIGESTIVA INFERIORE - ALTRA;S;;2022-02-23 00:00:00;
Z120207;STRUMENTAZIONE PER ENDOSCOPIA URO-GENITALE;N;;2007-02-20 00:00:00;
Z12020701;CISTOSCOPI;S;CIS;2007-02-20 00:00:00;
Z12020702;CISTOURETROSCOPI;S;CUS;2007-02-20 00:00:00;
Z12020703;COLPOSCOPI;S;CPS;2007-02-20 00:00:00;
Z12020704;ISTEROSCOPI;S;ISS;2007-02-20 00:00:00;
Z12020705;NEFROSCOPI;S;NRI;2007-02-20 00:00:00;
Z12020706;PELVISCOPI;S;PES;2007-02-20 00:00:00;
Z12020707;RESECTOSCOPI;S;RES;2007-02-20 00:00:00;
Z12020708;STRUMENTAZIONE PER VIDEOCOLPOSCOPIA;N;;2007-02-20 00:00:00;
Z1202070801;SISTEMA PER VIDEOCOLPOSCOPIA;S;VDE;2007-02-20 00:00:00;
Z1202070880;STRUMENTAZIONE PER VIDEOCOLPOSCOPIA - COMPONENTI ACCESSORI HARDWARE;S;;2007-02-20 00:00:00;2022-02-22 00:00:00
Z1202070880;STRUMENTAZIONE PER VIDEOCOLPOSCOPIA  - ACCESSORI HARDWARE;S;;2022-02-23 00:00:00;
Z1202070882;STRUMENTAZIONE PER VIDEOCOLPOSCOPIA - COMPONENTI ACCESSORI SOFTWARE;S;;2007-02-20 00:00:00;2022-02-22 00:00:00
Z1202070882;STRUMENTAZIONE PER VIDEOCOLPOSCOPIA  - ACCESSORI SOFTWARE;S;;2022-02-23 00:00:00;
Z1202070885;STRUMENTAZIONE PER VIDEOCOLPOSCOPIA - MATERIALI SPECIFICI;S;;2007-02-20 00:00:00;
Z1202070892;STRUMENTAZIONE PER VIDEOCOLPOSCOPIA  - DISPOSITIVI MEDICI SOFTWARE;S;;2022-02-23 00:00:00;
Z12020709;UTEROSCOPI;S;UTS;2007-02-20 00:00:00;
Z12020710;VAGINOSCOPI;S;VAS;2007-02-20 00:00:00;
Z12020711;VIDEOCISTOURETROSCOPI;S;VCR;2007-02-20 00:00:00;
Z12020712;VIDEOISTEROSCOPI;S;VDR;2007-02-20 00:00:00;
Z12020713;URETERO-RENOSCOPI;S;;2022-02-23 00:00:00;
Z12020780;STRUMENTAZIONE PER ENDOSCOPIA URO-GENITALE - COMPONENTI ACCESSORI HARDWARE;S;;2007-02-20 00:00:00;2022-02-22 00:00:00
Z12020780;STRUMENTAZIONE PER ENDOSCOPIA URO-GENITALE  - ACCESSORI HARDWARE;S;;2022-02-23 00:00:00;
Z12020782;STRUMENTAZIONE PER ENDOSCOPIA URO-GENITALE - COMPONENTI ACCESSORI SOFTWARE;S;;2007-02-20 00:00:00;2022-02-22 00:00:00
Z12020782;STRUMENTAZIONE PER ENDOSCOPIA URO-GENITALE  - ACCESSORI SOFTWARE;S;;2022-02-23 00:00:00;
Z12020785;STRUMENTAZIONE PER ENDOSCOPIA URO-GENITALE - MATERIALI SPECIFICI;S;;2007-02-20 00:00:00;
Z12020792;STRUMENTAZIONE PER ENDOSCOPIA URO-GENITALE  - DISPOSITIVI MEDICI SOFTWARE;S;;2022-02-23 00:00:00;
Z12020799;STRUMENTAZIONE PER ENDOSCOPIA URO-GENITALE NON ALTRIMENTI CLASSIFICATA;S;;2007-02-20 00:00:00;2022-02-22 00:00:00
Z12020799;STRUMENTAZIONE PER ENDOSCOPIA URO-GENITALE - ALTRA;S;;2022-02-23 00:00:00;
Z120208;STRUMENTAZIONE PER ENDOSCOPIA PNEUMOLOGICA;N;;2007-02-20 00:00:00;
Z12020801;BRONCOSCOPI;S;BRS;2007-02-20 00:00:00;
Z12020802;VIDEOBRONCOSCOPI;S;VBR;2007-02-20 00:00:00;
Z12020880;STRUMENTAZIONE PER ENDOSCOPIA PNEUMOLOGICA - COMPONENTI ACCESSORI HARDWARE;S;;2007-02-20 00:00:00;2022-02-22 00:00:00
Z12020880;STRUMENTAZIONE PER ENDOSCOPIA PNEUMOLOGICA  - ACCESSORI HARDWARE;S;;2022-02-23 00:00:00;
Z12020882;STRUMENTAZIONE PER ENDOSCOPIA PNEUMOLOGICA - COMPONENTI ACCESSORI SOFTWARE;S;;2007-02-20 00:00:00;2022-02-22 00:00:00
Z12020882;STRUMENTAZIONE PER ENDOSCOPIA PNEUMOLOGICA  - ACCESSORI SOFTWARE;S;;2022-02-23 00:00:00;
Z12020885;STRUMENTAZIONE PER ENDOSCOPIA PNEUMOLOGICA - MATERIALI SPECIFICI;S;;2007-02-20 00:00:00;
Z12020892;STRUMENTAZIONE PER ENDOSCOPIA PNEUMOLOGICA  - DISPOSITIVI MEDICI SOFTWARE;S;;2022-02-23 00:00:00;
Z12020899;STRUMENTAZIONE PER ENDOSCOPIA PNEUMOLOGICA NON ALTRIMENTI CLASSIFICATA;S;;2007-02-20 00:00:00;2022-02-22 00:00:00
Z12020899;STRUMENTAZIONE PER ENDOSCOPIA PNEUMOLOGICA - ALTRA;S;;2022-02-23 00:00:00;
Z120209;STRUMENTAZIONE PER ENDOSCOPIA NEUROLOGICA;N;;2007-02-20 00:00:00;
Z12020901;ENCEFALOSCOPI;S;ENS;2007-02-20 00:00:00;
Z12020902;NEUROSCOPI;S;NCI;2007-02-20 00:00:00;
Z12020903;SPINOSCOPI;S;SPI;2007-02-20 00:00:00;
Z12020980;STRUMENTAZIONE PER ENDOSCOPIA NEUROLOGICA - COMPONENTI ACCESSORI HARDWARE;S;;2007-02-20 00:00:00;2022-02-22 00:00:00
Z12020980;STRUMENTAZIONE PER ENDOSCOPIA NEUROLOGICA  - ACCESSORI HARDWARE;S;;2022-02-23 00:00:00;
Z12020982;STRUMENTAZIONE PER ENDOSCOPIA NEUROLOGICA - COMPONENTI ACCESSORI SOFTWARE;S;;2007-02-20 00:00:00;2022-02-22 00:00:00
Z12020982;STRUMENTAZIONE PER ENDOSCOPIA NEUROLOGICA  - ACCESSORI SOFTWARE;S;;2022-02-23 00:00:00;
Z12020985;STRUMENTAZIONE PER ENDOSCOPIA NEUROLOGICA - MATERIALI SPECIFICI;S;;2007-02-20 00:00:00;
Z12020992;STRUMENTAZIONE PER ENDOSCOPIA NEUROLOGICA  - DISPOSITIVI MEDICI SOFTWARE;S;;2022-02-23 00:00:00;
Z12020999;STRUMENTAZIONE PER ENDOSCOPIA NEUROLOGICA NON ALTRIMENTI CLASSIFICATA;S;;2007-02-20 00:00:00;2022-02-22 00:00:00
Z12020999;STRUMENTAZIONE PER ENDOSCOPIA NEUROLOGICA - ALTRA;S;;2022-02-23 00:00:00;
Z120210;STRUMENTAZIONE PER ENDOSCOPIA OTORINOLARINGOIATRICA;N;;2007-02-20 00:00:00;
Z12021001;FARINGOSCOPI;S;FAS;2007-02-20 00:00:00;
Z12021002;VIDEOFARINGOSCOPI;S;VDA;2007-02-20 00:00:00;
Z12021003;LARINGOSCOPI;S;LRS;2007-02-20 00:00:00;
Z12021004;VIDEOLARINGOSCOPI;S;VRS;2007-02-20 00:00:00;
Z12021005;NASO FARINGO/LARINGOSCOPI;S;NFS;2007-02-20 00:00:00;
Z12021006;VIDEO NASO FARINGO/LARINGOSCOPI;S;VAF;2007-02-20 00:00:00;
Z12021007;OTOSCOPI PER ORECCHIO MEDIO;S;OCP;2007-02-20 00:00:00;
Z12021008;RINOSCOPI;S;RIS;2007-02-20 00:00:00;
Z12021009;VIDEO-OTOSCOPI DIRETTI AMBULATORIALI;S;VCP;2007-02-20 00:00:00;
Z12021010;LARINGOSTROBOSCOPI;S;LSS;2007-02-20 00:00:00;
Z12021011;STRUMENTAZIONE PER CHIRURGIA RINOSCOPICA MOTORIZZATA;N;;2007-02-20 00:00:00;
Z1202101101;SISTEMA MOTORIZZATO PER CHIRURGIA RINOSCOPICA ;S;SGN;2007-02-20 00:00:00;
Z1202101180;STRUMENTAZIONE PER CHIRURGIA RINOSCOPICA MOTORIZZATA - COMPONENTI ACCESSORI HARDWARE;S;;2007-02-20 00:00:00;2022-02-22 00:00:00
Z1202101180;STRUMENTAZIONE PER CHIRURGIA RINOSCOPICA MOTORIZZATA  - ACCESSORI HARDWARE;S;;2022-02-23 00:00:00;
Z1202101182;STRUMENTAZIONE PER CHIRURGIA RINOSCOPICA MOTORIZZATA - COMPONENTI ACCESSORI SOFTWARE;S;;2007-02-20 00:00:00;2022-02-22 00:00:00
Z1202101182;STRUMENTAZIONE PER CHIRURGIA RINOSCOPICA MOTORIZZATA  - ACCESSORI SOFTWARE;S;;2022-02-23 00:00:00;
Z1202101185;STRUMENTAZIONE PER CHIRURGIA RINOSCOPICA MOTORIZZATA - MATERIALI SPECIFICI;S;;2007-02-20 00:00:00;
Z1202101192;STRUMENTAZIONE PER CHIRURGIA RINOSCOPICA MOTORIZZATA  - DISPOSITIVI MEDICI SOFTWARE;S;;2022-02-23 00:00:00;
Z12021080;STRUMENTAZIONE PER ENDOSCOPIA OTORINOLARINGOIATRICA - COMPONENTI ACCESSORI HARDWARE;S;;2007-02-20 00:00:00;2022-02-22 00:00:00
Z12021080;STRUMENTAZIONE PER ENDOSCOPIA OTORINOLARINGOIATRICA  - ACCESSORI HARDWARE;S;;2022-02-23 00:00:00;
Z12021082;STRUMENTAZIONE PER ENDOSCOPIA OTORINOLARINGOIATRICA - COMPONENTI ACCESSORI SOFTWARE;S;;2007-02-20 00:00:00;2022-02-22 00:00:00
Z12021082;STRUMENTAZIONE PER ENDOSCOPIA OTORINOLARINGOIATRICA  - ACCESSORI SOFTWARE;S;;2022-02-23 00:00:00;
Z12021085;STRUMENTAZIONE PER ENDOSCOPIA OTORINOLARINGOIATRICA - MATERIALI SPECIFICI;S;;2007-02-20 00:00:00;
Z12021092;STRUMENTAZIONE PER ENDOSCOPIA OTORINOLARINGOIATRICA  - DISPOSITIVI MEDICI SOFTWARE;S;;2022-02-23 00:00:00;
Z12021099;STRUMENTAZIONE PER ENDOSCOPIA OTORINOLARINGOIATRICA NON ALTRIMENTI CLASSIFICATA;S;;2007-02-20 00:00:00;2022-02-22 00:00:00
Z12021099;STRUMENTAZIONE PER ENDOSCOPIA OTORINOLARINGOIATRICA - ALTRA;S;;2022-02-23 00:00:00;
Z120211;STRUMENTAZIONE PER ENDOSCOPIA ORTOPEDICA;N;;2007-02-20 00:00:00;
Z12021101;ARTROSCOPI;S;ASC;2007-02-20 00:00:00;
Z12021102;STRUMENTAZIONE PER CHIRURGIA ARTROSCOPICA MOTORIZZATA;N;;2007-02-20 00:00:00;
Z1202110201;SISTEMA MOTORIZZATO PER CHIRURGIA ARTROSCOPICA;S;SHU;2007-02-20 00:00:00;
Z1202110280;STRUMENTAZIONE PER CHIRURGIA ARTROSCOPICA MOTORIZZATA - COMPONENTI ACCESSORI HARDWARE;S;;2007-02-20 00:00:00;2022-02-22 00:00:00
Z1202110280;STRUMENTAZIONE PER CHIRURGIA ARTROSCOPICA MOTORIZZATA  - ACCESSORI HARDWARE;S;;2022-02-23 00:00:00;
Z1202110282;STRUMENTAZIONE PER CHIRURGIA ARTROSCOPICA MOTORIZZATA - COMPONENTI ACCESSORI SOFTWARE;S;;2007-02-20 00:00:00;2022-02-22 00:00:00
Z1202110282;STRUMENTAZIONE PER CHIRURGIA ARTROSCOPICA MOTORIZZATA  - ACCESSORI SOFTWARE;S;;2022-02-23 00:00:00;
Z1202110285;STRUMENTAZIONE PER CHIRURGIA ARTROSCOPICA MOTORIZZATA - MATERIALI SPECIFICI;S;;2007-02-20 00:00:00;
Z1202110292;STRUMENTAZIONE PER CHIRURGIA ARTROSCOPICA MOTORIZZATA  - DISPOSITIVI MEDICI SOFTWARE;S;;2022-02-23 00:00:00;
Z12021180;STRUMENTAZIONE PER ENDOSCOPIA ORTOPEDICA - COMPONENTI ACCESSORI HARDWARE;S;;2007-02-20 00:00:00;2022-02-22 00:00:00
Z12021180;STRUMENTAZIONE PER ENDOSCOPIA ORTOPEDICA  - ACCESSORI HARDWARE;S;;2022-02-23 00:00:00;
Z12021182;STRUMENTAZIONE PER ENDOSCOPIA ORTOPEDICA - COMPONENTI ACCESSORI SOFTWARE;S;;2007-02-20 00:00:00;2022-02-22 00:00:00
Z12021182;STRUMENTAZIONE PER ENDOSCOPIA ORTOPEDICA  - ACCESSORI SOFTWARE;S;;2022-02-23 00:00:00;
Z12021185;STRUMENTAZIONE PER ENDOSCOPIA ORTOPEDICA - MATERIALI SPECIFICI;S;;2007-02-20 00:00:00;
Z12021192;STRUMENTAZIONE PER ENDOSCOPIA ORTOPEDICA  - DISPOSITIVI MEDICI SOFTWARE;S;;2022-02-23 00:00:00;
Z12021199;STRUMENTAZIONE PER ENDOSCOPIA ORTOPEDICA NON ALTRIMENTI CLASSIFICATA;S;;2007-02-20 00:00:00;2022-02-22 00:00:00
Z12021199;STRUMENTAZIONE PER ENDOSCOPIA ORTOPEDICA - ALTRA;S;;2022-02-23 00:00:00;
Z120212;STRUMENTAZIONE PER CAPSULE ENDOSCOPICHE;N;;2022-02-23 00:00:00;
Z12021201;CAPSULE ENDOSCOPICHE;S;;2022-02-23 00:00:00;
Z12021202;STRUMENTAZIONE RICEVENTE SEGNALE CAPSULE ENDOSCOPICHE;S;;2022-02-23 00:00:00;
Z12021280;STRUMENTAZIONE  PER CAPSULE ENDOSCOPICHE - ACCESSORI HARDWARE;S;;2022-02-23 00:00:00;
Z12021282;STRUMENTAZIONE  PER CAPSULE ENDOSCOPICHE - ACCESSORI SOFTWARE;S;;2022-02-23 00:00:00;
Z12021285;STRUMENTAZIONE  PER CAPSULE ENDOSCOPICHE - MATERIALI SPECIFICI;S;;2022-02-23 00:00:00;
Z12021292;STRUMENTAZIONE  PER CAPSULE ENDOSCOPICHE - DISPOSITIVI MEDICI SOFTWARE;S;;2022-02-23 00:00:00;
Z120290;STRUMENTAZIONE VARIA PER ENDOSCOPIA e CHIRURGIA MINI-INVASIVA ;N;;2007-02-20 00:00:00;
Z12029001;AMNIOSCOPI;S;AMS;2007-02-20 00:00:00;
Z12029002;ARTERIOSCOPI;S;ARS;2007-02-20 00:00:00;2022-02-22 00:00:00
Z12029002;ANGIOSCOPI;S;ARS;2022-02-23 00:00:00;
Z12029003;CARRELLI SERVITORI PER ENDOSCOPI;S;FSE;2007-02-20 00:00:00;
Z12029004;ENDOSCOPI PER DOTTO LACRIMALE;S;EAM;2007-02-20 00:00:00;
Z12029005;ENDOSCOPI PER IL DOTTO MAMMARIO;S;ECA;2007-02-20 00:00:00;
Z12029006;FIBROSCOPI PER INTUBAZIONE;S;FAZ;2007-02-20 00:00:00;
Z12029007;ILLUMINATORE CHIRURGICO ALL'INFRAROSSO;S;IAF;2007-02-20 00:00:00;2022-02-22 00:00:00
Z12029007;ILLUMINATORI CHIRURGICI ALL'INFRAROSSO;S;IAF;2022-02-23 00:00:00;
Z12029008;INSUFFLATORI DI GAS;S;IGA;2007-02-20 00:00:00;
Z12029009;LAPAROSCOPI;S;LAS;2007-02-20 00:00:00;
Z12029010;LAVATRICI PER ENDOSCOPI;S;LFS;2007-02-20 00:00:00;2022-02-23 00:00:00
Z12029011;RISCALDATORI OTTICHE;S;RCD;2007-02-20 00:00:00;
Z12029012;SISTEMI PER FLEBOTOMIA ENDOSCOPICA CON TRANSILLUMINAZIONE;S;SBD;2007-02-20 00:00:00;
Z12029013;STERILIZZATRICI PER ENDOSCOPI;S;SEZ;2007-02-20 00:00:00;2022-02-23 00:00:00
Z12029014;UNITA' DI PRERISCALDAMENTO GAS;S;UPG;2007-02-20 00:00:00;
Z12029015;UNITA' PER LA PULIZIA DELLE LENTI;S;UPO;2007-02-20 00:00:00;
Z12029016;VIDEOLAPAROSCOPI;S;VAR;2007-02-20 00:00:00;
Z12029017;TORACOSCOPI;S;;2022-02-23 00:00:00;
Z12029080;STRUMENTAZIONE VARIA PER ENDOSCOPIA E CHIRURGIA MINI-INVASIVA - COMPONENTI ACCESSORI HARDWARE;S;;2007-02-20 00:00:00;2022-02-22 00:00:00
Z12029080;STRUMENTAZIONE VARIA PER ENDOSCOPIA E CHIRURGIA MINI-INVASIVA  - ACCESSORI HARDWARE;S;;2022-02-23 00:00:00;
Z12029082;STRUMENTAZIONE VARIA PER ENDOSCOPIA E CHIRURGIA MINI-INVASIVA - COMPONENTI ACCESSORI SOFTWARE;S;;2007-02-20 00:00:00;2022-02-22 00:00:00
Z12029082;STRUMENTAZIONE VARIA PER ENDOSCOPIA E CHIRURGIA MINI-INVASIVA  - ACCESSORI SOFTWARE;S;;2022-02-23 00:00:00;
Z12029085;STRUMENTAZIONE VARIA PER ENDOSCOPIA E CHIRURGIA MINI-INVASIVA - MATERIALI SPECIFICI;S;;2007-02-20 00:00:00;
Z12029092;STRUMENTAZIONE VARIA PER ENDOSCOPIA E CHIRURGIA MINI-INVASIVA  - DISPOSITIVI MEDICI SOFTWARE;S;;2022-02-23 00:00:00;
Z12029099;STRUMENTAZIONE VARIA PER ENDOSCOPIA E CHIRURGIA MINI-INVASIVA NON ALTRIMENTI CLASSIFICATA;S;;2007-02-20 00:00:00;2022-02-22 00:00:00
Z12029099;STRUMENTAZIONE VARIA PER ENDOSCOPIA E CHIRURGIA MINI-INVASIVA - ALTRA;S;;2022-02-23 00:00:00;
Z1203;STRUMENTAZIONE DI SUPPORTO E MONITORAGGIO DEI PARAMETRI VITALI;N;;2007-02-20 00:00:00;
Z120301;STRUMENTAZIONE PER ANESTESIA E DI SUPPORTO ALLA VENTILAZIONE POLMONARE;N;;2007-02-20 00:00:00;
Z12030101;SISTEMI PER ANESTESIA;N;;2007-02-20 00:00:00;
Z1203010101;APPARECCHI PER ANESTESIA;S;ANS;2007-02-20 00:00:00;
Z1203010180;SISTEMI PER ANESTESIA - COMPONENTI ACCESSORI HARDWARE;S;;2007-02-20 00:00:00;2022-02-22 00:00:00
Z1203010180;SISTEMI PER ANESTESIA  - ACCESSORI HARDWARE;S;;2022-02-23 00:00:00;
Z1203010182;SISTEMI PER ANESTESIA - COMPONENTI ACCESSORI SOFTWARE;S;;2007-02-20 00:00:00;2022-02-22 00:00:00
Z1203010182;SISTEMI PER ANESTESIA  - ACCESSORI SOFTWARE;S;;2022-02-23 00:00:00;
Z1203010185;SISTEMI PER ANESTESIA - MATERIALI SPECIFICI;S;;2007-02-20 00:00:00;
Z1203010192;SISTEMI PER ANESTESIA  - DISPOSITIVI MEDICI SOFTWARE;S;;2022-02-23 00:00:00;
Z1203010199;SISTEMI PER ANESTESIA NON ALTRIMENTI CLASSIFICATI;S;;2007-02-20 00:00:00;2022-02-22 00:00:00
Z1203010199;SISTEMI PER ANESTESIA - ALTRI;S;;2022-02-23 00:00:00;
Z12030102;APPARECCHIATURE PER PRESSIONE POSITIVA CONTINUA;S;PPC;2007-02-20 00:00:00;
Z12030103;VENTILATORI POLMONARI PER USO EXTRAOSPEDALIERO;S;VAO;2007-02-20 00:00:00;
Z12030104;VENTILATORI POLMONARI TRASPORTABILI;S;VAB;2007-02-20 00:00:00;
Z12030105;VENTILATORI POLMONARI PER USO OSPEDALIERO;N;VPO;2007-02-20 00:00:00;
Z1203010501;VENTILATORI POLMONARI AD ALTA FREQUENZA;S;VPO01;2007-02-20 00:00:00;
Z1203010502;VENTILATORI POLMONARI PER ADULTI;S;VPO02;2007-02-20 00:00:00;
Z1203010503;VENTILATORI POLMONARI NEONATALI/PEDIATRICI;S;VPO03;2007-02-20 00:00:00;
Z1203010504;VENTILATORI POLMONARI PER ADULTI E PEDIATRICI/NEONATALI;S;;2011-08-30 00:00:00;
Z1203010580;VENTILATORI POLMONARI PER USO OSPEDALIERO - COMPONENTI ACCESSORI HARDWARE;S;;2007-02-20 00:00:00;2022-02-22 00:00:00
Z1203010580;VENTILATORI POLMONARI PER USO OSPEDALIERO  - ACCESSORI HARDWARE;S;;2022-02-23 00:00:00;
Z1203010582;VENTILATORI POLMONARI PER USO OSPEDALIERO - COMPONENTI ACCESSORI SOFTWARE;S;;2007-02-20 00:00:00;2022-02-22 00:00:00
Z1203010582;VENTILATORI POLMONARI PER USO OSPEDALIERO  - ACCESSORI SOFTWARE;S;;2022-02-23 00:00:00;
Z1203010585;VENTILATORI POLMONARI PER USO OSPEDALIERO - MATERIALI SPECIFICI;S;;2007-02-20 00:00:00;
Z1203010592;VENTILATORI POLMONARI PER USO OSPEDALIERO  - DISPOSITIVI MEDICI SOFTWARE;S;;2022-02-23 00:00:00;
Z1203010599;VENTILATORI POLMONARI PER USO OSPEDALIERO NON ALTRIMENTI CLASSIFICATI;S;;2007-02-20 00:00:00;2022-02-22 00:00:00
Z1203010599;VENTILATORI POLMONARI PER USO OSPEDALIERO - ALTRI;S;;2022-02-23 00:00:00;
Z12030190;STRUMENTAZIONE VARIA PER ANESTESIA E DI SUPPORTO ALLA VENTILAZIONE POLMONARE;N;;2007-02-20 00:00:00;
Z1203019001;APPARECCHIATURE PER MONITORAGGIO DEL RILASSAMENTO NEUROMUSCOLARE;S;MAU;2007-02-20 00:00:00;
Z1203019002;EROGATORI DI OSSIDO NITRICO;S;ONO;2007-02-20 00:00:00;
Z1203019003;MONITOR PER VENTILAZIONE;S;MVN;2007-02-20 00:00:00;
Z1203019004;POLMONI D'ACCIAIO;S;PAC;2007-02-20 00:00:00;
Z1203019005;TENDE PER OSSIGENO TERAPIA;S;TOS;2007-02-20 00:00:00;
Z1203019080;STRUMENTAZIONE VARIA PER ANESTESIA E DI SUPPORTO ALLA VENTILAZIONE POLMONARE - COMPONENTI ACCESSORI HARDWARE;S;;2007-02-20 00:00:00;2022-02-22 00:00:00
Z1203019080;STRUMENTAZIONE VARIA PER ANESTESIA E DI SUPPORTO ALLA VENTILAZIONE POLMONARE  - ACCESSORI HARDWARE;S;;2022-02-23 00:00:00;
Z1203019082;STRUMENTAZIONE VARIA PER ANESTESIA E DI SUPPORTO ALLA VENTILAZIONE POLMONARE - COMPONENTI ACCESSORI SOFTWARE;S;;2007-02-20 00:00:00;2022-02-22 00:00:00
Z1203019082;STRUMENTAZIONE VARIA PER ANESTESIA E DI SUPPORTO ALLA VENTILAZIONE POLMONARE  - ACCESSORI SOFTWARE;S;;2022-02-23 00:00:00;
Z1203019085;STRUMENTAZIONE VARIA PER ANESTESIA E DI SUPPORTO ALLA VENTILAZIONE POLMONARE - MATERIALI SPECIFICI;S;;2007-02-20 00:00:00;
Z1203019092;STRUMENTAZIONE VARIA PER ANESTESIA E DI SUPPORTO ALLA VENTILAZIONE POLMONARE  - DISPOSITIVI MEDICI SOFTWARE;S;;2022-02-23 00:00:00;
Z1203019099;STRUMENTAZIONE VARIA PER ANESTESIA E DI SUPPORTO ALLA VENTILAZIONE POLMONARE NON ALTRIMENTI CLASSIFICATA;S;;2007-02-20 00:00:00;2022-02-22 00:00:00
Z1203019099;STRUMENTAZIONE VARIA PER ANESTESIA E DI SUPPORTO ALLA VENTILAZIONE POLMONARE - ALTRA;S;;2022-02-23 00:00:00;
Z120302;STRUMENTAZIONE PER IL MONITORAGGIO DI PARAMETRI VITALI;N;;2007-02-20 00:00:00;
Z12030201;CENTRALI MONITORAGGIO;S;CMO;2007-02-20 00:00:00;
Z12030202;MONITOR MULTIPARAMETRICI;N;MON;2007-02-20 00:00:00;
Z1203020201;MONITOR MULTIPARAMETRICI AL POSTO LETTO;S;MON1;2007-02-20 00:00:00;
Z1203020202;MONITOR MULTIPARAMETRICI TRASPORTABILI/PORTATILI;S;MON2;2007-02-20 00:00:00;
Z1203020280;MONITOR MULTIPARAMETRICI - COMPONENTI ACCESSORI HARDWARE;S;;2007-02-20 00:00:00;2022-02-22 00:00:00
Z1203020280;MONITOR MULTIPARAMETRICI  - ACCESSORI HARDWARE;S;;2022-02-23 00:00:00;
Z1203020282;MONITOR MULTIPARAMETRICI - COMPONENTI ACCESSORI SOFTWARE;S;;2007-02-20 00:00:00;2022-02-22 00:00:00
Z1203020282;MONITOR MULTIPARAMETRICI  - ACCESSORI SOFTWARE;S;;2022-02-23 00:00:00;
Z1203020285;MONITOR MULTIPARAMETRICI - MATERIALI SPECIFICI;S;;2007-02-20 00:00:00;
Z1203020292;MONITOR MULTIPARAMETRICI  - DISPOSITIVI MEDICI SOFTWARE;S;;2022-02-23 00:00:00;
Z1203020299;MONITOR MULTIPARAMETRICI NON ALTRIMENTI CLASSIFICATI;S;;2007-02-20 00:00:00;2022-02-22 00:00:00
Z1203020299;MONITOR MULTIPARAMETRICI - ALTRI;S;;2022-02-23 00:00:00;
Z12030203;MONITORAGGIO DELLA PRESSIONE SANGUIGNA;S;SMP;2007-02-20 00:00:00;2008-06-29 00:00:00
Z12030203;MONITORAGGIO DELLA PRESSIONE SANGUIGNA;N;SMP;2008-06-30 00:00:00;
Z1203020301;MONITORAGGIO INVASIVO DELLA PRESSIONE ARTERIOSA;S;SMP01;2008-06-30 00:00:00;
Z1203020302;MONITORAGGIO NON INVASIVO DELLA PRESSIONE ARTERIOSA;S;SMP02;2008-06-30 00:00:00;
Z12030204;STRUMENTAZIONE PER IL MONITORAGGIO DEGLI SCAMBI GASSOSI;N;;2007-02-20 00:00:00;
Z1203020401;ANALIZZATORI ANIDRIDE CARBONICA;S;AAC;2007-02-20 00:00:00;
Z1203020402;ANALIZZATORI MONOSSIDO DI CARBONIO;S;AMR;2007-02-20 00:00:00;
Z1203020403;ANALIZZATORI OSSIGENO;S;AOS;2007-02-20 00:00:00;
Z1203020404;APPARECCHIATURE PER METABOLISMO;S;MET;2007-02-20 00:00:00;
Z1203020405;MONITOR TRANSCUTANEI PO2/PCO2;S;MTR;2007-02-20 00:00:00;
Z1203020406;OSSIMETRI CEREBRALE;S;OCB;2007-02-20 00:00:00;
Z1203020407;OSSIMETRI SOTTOCUTANEI;S;OAN;2007-02-20 00:00:00;
Z1203020408;PULSOSSIMETRI;S;OOR;2007-02-20 00:00:00;
Z1203020480;STRUMENTAZIONE PER IL MONITORAGGIO DEGLI SCAMBI GASSOSI - COMPONENTI ACCESSORI HARDWARE;S;;2007-02-20 00:00:00;2022-02-22 00:00:00
Z1203020480;STRUMENTAZIONE PER IL MONITORAGGIO DEGLI SCAMBI GASSOSI  - ACCESSORI HARDWARE;S;;2022-02-23 00:00:00;
Z1203020482;STRUMENTAZIONE PER IL MONITORAGGIO DEGLI SCAMBI GASSOSI - COMPONENTI ACCESSORI SOFTWARE;S;;2007-02-20 00:00:00;2022-02-22 00:00:00
Z1203020482;STRUMENTAZIONE PER IL MONITORAGGIO DEGLI SCAMBI GASSOSI  - ACCESSORI SOFTWARE;S;;2022-02-23 00:00:00;
Z1203020485;STRUMENTAZIONE PER IL MONITORAGGIO DEGLI SCAMBI GASSOSI - MATERIALI SPECIFICI;S;;2007-02-20 00:00:00;
Z1203020492;STRUMENTAZIONE PER IL MONITORAGGIO DEGLI SCAMBI GASSOSI  - DISPOSITIVI MEDICI SOFTWARE;S;;2022-02-23 00:00:00;
Z1203020499;STRUMENTAZIONE PER IL MONITORAGGIO DEGLI SCAMBI GASSOSI NON ALTRIMENTI CLASSIFICATA;S;;2007-02-20 00:00:00;2022-02-22 00:00:00
Z1203020499;STRUMENTAZIONE PER IL MONITORAGGIO DEGLI SCAMBI GASSOSI - ALTRA;S;;2022-02-23 00:00:00;
Z12030205;MISURATORI NON INVASIVI DELLA PRESSIONE ARTERIOSA;N;LEP;2008-06-30 00:00:00;
Z1203020501;MISURATORI NON INVASIVI DELLA PRESSIONE ARTERIOSA OSCILLOMETRICI;S;LEP01;2008-06-30 00:00:00;
Z1203020599;MISURATORI NON INVASIVI DELLA PRESSIONE ARTERIOSA - ALTRI;S;LEP02;2008-06-30 00:00:00;
Z12030280;STRUMENTAZIONE PER IL MONITORAGGIO DI PARAMETRI VITALI - COMPONENTI ACCESSORI HARDWARE;S;;2007-02-20 00:00:00;2022-02-22 00:00:00
Z12030280;STRUMENTAZIONE PER IL MONITORAGGIO DI PARAMETRI VITALI  - ACCESSORI HARDWARE;S;;2022-02-23 00:00:00;
Z12030282;STRUMENTAZIONE PER IL MONITORAGGIO DI PARAMETRI VITALI - COMPONENTI ACCESSORI SOFTWARE;S;;2007-02-20 00:00:00;2022-02-22 00:00:00
Z12030282;STRUMENTAZIONE PER IL MONITORAGGIO DI PARAMETRI VITALI  - ACCESSORI SOFTWARE;S;;2022-02-23 00:00:00;
Z12030285;STRUMENTAZIONE PER IL MONITORAGGIO DI PARAMETRI VITALI - MATERIALI SPECIFICI;S;;2007-02-20 00:00:00;
Z12030292;STRUMENTAZIONE PER IL MONITORAGGIO DI PARAMETRI VITALI  - DISPOSITIVI MEDICI SOFTWARE;S;;2022-02-23 00:00:00;
Z12030299;STRUMENTAZIONE PER IL MONITORAGGIO DI PARAMETRI VITALI NON ALTRIMENTI CLASSIFICATA;S;;2007-02-20 00:00:00;2022-02-22 00:00:00
Z12030299;STRUMENTAZIONE PER IL MONITORAGGIO DI PARAMETRI VITALI - ALTRA;S;;2022-02-23 00:00:00;
Z120303;STRUMENTAZIONE PER L'INFUSIONE;N;;2007-02-20 00:00:00;
Z12030301;POMPE D'INFUSIONE;S;PIN;2007-02-20 00:00:00;
Z12030302;POMPE A SIRINGA;S;PSI;2007-02-20 00:00:00;
Z12030303;NUTRIPOMPE;S;NUP;2007-02-20 00:00:00;
Z12030304;REGOLATORI DI INFUSIONE;S;RDI;2007-02-20 00:00:00;
Z12030305;RISCALDATORI PER INFUSIONE;S;RAF;2007-02-20 00:00:00;
Z12030306;SISTEMI DI CONTROLLO PER POMPE DI INFUSIONE E A SIRINGA;S;CLF;2007-02-20 00:00:00;
Z12030380;STRUMENTAZIONE PER L'INFUSIONE - COMPONENTI ACCESSORI HARDWARE;S;;2007-02-20 00:00:00;2022-02-22 00:00:00
Z12030380;STRUMENTAZIONE PER L'INFUSIONE  - ACCESSORI HARDWARE;S;;2022-02-23 00:00:00;
Z12030382;STRUMENTAZIONE PER L'INFUSIONE - COMPONENTI ACCESSORI SOFTWARE;S;;2007-02-20 00:00:00;2022-02-22 00:00:00
Z12030382;STRUMENTAZIONE PER L'INFUSIONE  - ACCESSORI SOFTWARE;S;;2022-02-23 00:00:00;
Z12030385;STRUMENTAZIONE PER L'INFUSIONE - MATERIALI SPECIFICI;S;;2007-02-20 00:00:00;
Z12030392;STRUMENTAZIONE PER L'INFUSIONE  - DISPOSITIVI MEDICI SOFTWARE;S;;2022-02-23 00:00:00;
Z12030399;STRUMENTAZIONE PER L'INFUSIONE NON ALTRIMENTI CLASSIFICATA;S;;2007-02-20 00:00:00;2022-02-22 00:00:00
Z12030399;STRUMENTAZIONE PER L'INFUSIONE - ALTRA;S;;2022-02-23 00:00:00;
Z120304;COMPRESSORI CARDIACI;S;CCA;2007-02-20 00:00:00;
Z120305;DEFIBRILLATORI;N;DEF;2007-02-20 00:00:00;
Z12030501;DEFIBRILLATORI SEMI-AUTOMATICI;S;DEF01;2007-02-20 00:00:00;
Z12030502;DEFIBRILLATORI MANUALI;S;DEF02;2007-02-20 00:00:00;
Z12030503;DEFIBRILLATORI AUTOMATICI;S;DEF03;2007-02-20 00:00:00;
Z12030580;DEFIBRILLATORI - COMPONENTI ACCESSORI HARDWARE;S;;2007-02-20 00:00:00;2022-02-22 00:00:00
Z12030580;DEFIBRILLATORI  - ACCESSORI HARDWARE;S;;2022-02-23 00:00:00;
Z12030582;DEFIBRILLATORI - COMPONENTI ACCESSORI SOFTWARE;S;;2007-02-20 00:00:00;2022-02-22 00:00:00
Z12030582;DEFIBRILLATORI  - ACCESSORI SOFTWARE;S;;2022-02-23 00:00:00;
Z12030585;DEFIBRILLATORI - MATERIALI SPECIFICI;S;;2007-02-20 00:00:00;
Z12030592;DEFIBRILLATORI  - DISPOSITIVI MEDICI SOFTWARE;S;;2022-02-23 00:00:00;
Z12030599;DEFIBRILLATORI NON ALTRIMENTI CLASSIFICATI;S;;2007-02-20 00:00:00;2022-02-22 00:00:00
Z12030599;DEFIBRILLATORI - ALTRI;S;;2022-02-23 00:00:00;
Z120306;STRUMENTAZIONE PER TELEMETRIA PER PARAMETRI VITALI (ECG, NIPB, EtCO2, SpO2, respiro, ...);N;;2007-02-20 00:00:00;
Z12030601;SISTEMI COMPLETI DI TELEMETRIA PER PARAMETRI VITALI;S;SIV;2007-02-20 00:00:00;
Z12030602;UNITA' RICEVENTI PER TELEMETRIA DI PARAMETRI VITALI;S;UAD;2007-02-20 00:00:00;
Z12030603;UNITA' TRASMITTENTI PER TELEMETRIA DI PARAMETRI VITALI;S;TAV;2007-02-20 00:00:00;
Z12030680;STRUMENTAZIONE PER TELEMETRIA PER PARAMETRI VITALI - COMPONENTI ACCESSORI HARDWARE;S;;2007-02-20 00:00:00;2022-02-22 00:00:00
Z12030680;STRUMENTAZIONE PER TELEMETRIA PER PARAMETRI VITALI  - ACCESSORI HARDWARE;S;;2022-02-23 00:00:00;
Z12030682;STRUMENTAZIONE PER TELEMETRIA PER PARAMETRI VITALI - COMPONENTI ACCESSORI SOFTWARE;S;;2007-02-20 00:00:00;2022-02-22 00:00:00
Z12030682;STRUMENTAZIONE PER TELEMETRIA PER PARAMETRI VITALI  - ACCESSORI SOFTWARE;S;;2022-02-23 00:00:00;
Z12030685;STRUMENTAZIONE PER TELEMETRIA PER PARAMETRI VITALI - MATERIALI SPECIFICI;S;;2007-02-20 00:00:00;
Z12030692;STRUMENTAZIONE PER TELEMETRIA PER PARAMETRI VITALI  - DISPOSITIVI MEDICI SOFTWARE;S;;2022-02-23 00:00:00;
Z120307;LETTI PER PAZIENTI CRITICI;N;;2007-02-20 00:00:00;2022-02-23 00:00:00
Z12030701;LETTI PER PAZIENTI IMMOBILIZZATI;S;LAZ;2007-02-20 00:00:00;2022-02-23 00:00:00
Z12030702;LETTI PER TERAPIA INTENSIVA O RIANIMAZIONE;S;LTT;2007-02-20 00:00:00;2022-02-23 00:00:00
Z12030703;LETTI PER USTIONATI;S;LUS;2007-02-20 00:00:00;2022-02-23 00:00:00
Z12030780;LETTI PER PAZIENTI CRITICI - COMPONENTI ACCESSORI;S;;2007-02-20 00:00:00;2022-02-23 00:00:00
Z12030785;LETTI PER PAZIENTI CRITICI - MATERIALI SPECIFICI;S;;2007-02-20 00:00:00;2022-02-23 00:00:00
Z12030799;LETTI PER PAZIENTI CRITICI NON ALTRIMENTI CLASSIFICATI;S;;2007-02-20 00:00:00;2022-02-23 00:00:00
Z120308;CAMERE IPERBARICHE;S;CIP;2007-02-20 00:00:00;
Z120309;SISTEMI GAS MEDICALI/MEDICINALI E RELATIVI COMPONENTI ACCESSORI;S;;2007-02-20 00:00:00;2022-02-22 00:00:00
Z120309;SISTEMI GAS MEDICALI/MEDICINALI E RELATIVI ACCESSORI;S;;2022-02-23 00:00:00;
Z120390;STRUMENTAZIONE VARIA PER SUPPORTO E MONITORAGGIO DEI PARAMETRI VITALI ;N;;2007-02-20 00:00:00;
Z12039001;MISURATORI DI PRESSIONE INTRACRANICA;S;MPC;2007-02-20 00:00:00;
Z12039002;MONITOR PRESSORI PER SINDROME COMPARTIMENTALE;S;MEC;2007-02-20 00:00:00;
Z12039080;STRUMENTAZIONE VARIA PER SUPPORTO E MONITORAGGIO DEI PARAMETRI VITALI - COMPONENTI ACCESSORI HARDWARE;S;;2007-02-20 00:00:00;2022-02-22 00:00:00
Z12039080;STRUMENTAZIONE VARIA PER SUPPORTO E MONITORAGGIO DEI PARAMETRI VITALI  - ACCESSORI HARDWARE;S;;2022-02-23 00:00:00;
Z12039082;STRUMENTAZIONE VARIA PER SUPPORTO E MONITORAGGIO DEI PARAMETRI VITALI - COMPONENTI ACCESSORI SOFTWARE;S;;2007-02-20 00:00:00;2022-02-22 00:00:00
Z12039082;STRUMENTAZIONE VARIA PER SUPPORTO E MONITORAGGIO DEI PARAMETRI VITALI  - ACCESSORI SOFTWARE;S;;2022-02-23 00:00:00;
Z12039085;STRUMENTAZIONE VARIA PER SUPPORTO E MONITORAGGIO DEI PARAMETRI VITALI - MATERIALI SPECIFICI;S;;2007-02-20 00:00:00;
Z12039092;STRUMENTAZIONE VARIA PER SUPPORTO E MONITORAGGIO DEI PARAMETRI VITALI  - DISPOSITIVI MEDICI SOFTWARE;S;;2022-02-23 00:00:00;
Z12039099;STRUMENTAZIONE VARIA PER SUPPORTO E MONITORAGGIO DEI PARAMETRI VITALI NON ALTRIMENTI CLASSIFICATA;S;;2007-02-20 00:00:00;2022-02-22 00:00:00
Z12039099;STRUMENTAZIONE VARIA PER SUPPORTO E MONITORAGGIO DEI PARAMETRI VITALI - ALTRA;S;;2022-02-23 00:00:00;
Z1204;STRUMENTAZIONE PER MEDICINA GENERALE;N;;2007-02-20 00:00:00;
Z120401;STRUMENTAZIONE PER MONITORAGGIO E DIAGNOSI IN MEDICINA GENERALE;N;;2007-02-20 00:00:00;
Z12040101;ALGESIMETRI;S;AEM;2007-02-20 00:00:00;
Z12040102;APPARECCHIATURE PER ANALISI DEI PARAMETRI FISIOLOGICI DELLA PELLE;S;ADH;2007-02-20 00:00:00;
Z12040103;APPARECCHIATURE PER FUNZIONALITA' EPATICA;S;FCR;2007-02-20 00:00:00;
Z12040104;APPARECCHIATURE PER LA DIAGNOSI DELLO STATO FUNZIONALE BIOELETTRICO;S;DEL;2007-02-20 00:00:00;
Z12040105;APPARECCHIATURE PER LA VALUTAZIONE DELLA SOGLIA PERCETTIVA;S;SGE;2007-02-20 00:00:00;
Z12040106;APPARECCHIATURE PER TOMOGRAFIA ELETTROLITICA EXTRACELLULARE;S;TAX;2007-02-20 00:00:00;
Z12040107;CAPILLARISCOPI;S;CAS;2007-02-20 00:00:00;
Z12040108;DERMATOSCOPI;S;DAC;2007-02-20 00:00:00;
Z12040109;DERMOIGROMETRI;S;DIM;2007-02-20 00:00:00;
Z12040110;ELETTROGUSTOMETRI;S;EGM;2007-02-20 00:00:00;
Z12040111;EMOFLUSSIMETRI;S;EEL;2007-02-20 00:00:00;
Z12040112;INTERFEROMETRI TISSUTALI ONCOLOGICI;S;SIF;2007-02-20 00:00:00;
Z12040113;PLETISMOGRAFI REGIONALI;S;PLG;2007-02-20 00:00:00;
Z12040114;SISTEMI PER LO STUDIO DELLE NEUROPATIE AUTONOMICHE;S;SDI;2007-02-20 00:00:00;
Z12040115;SISTEMI PER MONITORAGGIO DELLA GLICEMIA;S;MGU;2007-02-20 00:00:00;2018-06-25 00:00:00
Z12040115;SISTEMI PER MONITORAGGIO DELLA GLICEMIA;N;MGU;2018-06-26 00:00:00;
Z1204011501;SISTEMI PER IL MONITORAGGIO NON INVASIVO DELLA GLICEMIA ;S;;2018-06-26 00:00:00;
Z1204011502;SISTEMI PER IL MONITORAGGIO INVASIVO  DELLA GLICEMIA ;S;;2018-06-26 00:00:00;
Z1204011585;SENSORI MONOUSO PER SISTEMI DI MONITORAGGIO  INVASIVO DELLA GLICEMIA;S;;2018-06-26 00:00:00;
Z1204011599;SISTEMI PER MONITORAGGIO DELLA GLICEMIA - ALTRI;S;;2018-06-26 00:00:00;
Z12040116;SPETTROFOTOMETRI PER DIAGNOSI PRECOCE DEL MELANOMA;S;SFC;2007-02-20 00:00:00;
Z12040117;SISTEMI HOLTER PER PARAMETRI METABOLICI E DI ATTIVITA' FISICA;S;REA;2007-02-20 00:00:00;
Z12040118;VIDEODERMATOSCOPI;S;VAC;2007-02-20 00:00:00;
Z12040180;STRUMENTAZIONE PER MONITORAGGIO E DIAGNOSI IN MEDICINA GENERALE - COMPONENTI ACCESSORI HARDWARE;S;;2007-02-20 00:00:00;2022-02-22 00:00:00
Z12040180;STRUMENTAZIONE PER MONITORAGGIO E DIAGNOSI IN MEDICINA GENERALE  - ACCESSORI HARDWARE;S;;2022-02-23 00:00:00;
Z12040182;STRUMENTAZIONE PER MONITORAGGIO E DIAGNOSI IN MEDICINA GENERALE - COMPONENTI ACCESSORI SOFTWARE;S;;2007-02-20 00:00:00;2022-02-22 00:00:00
Z12040182;STRUMENTAZIONE PER MONITORAGGIO E DIAGNOSI IN MEDICINA GENERALE  - ACCESSORI SOFTWARE;S;;2022-02-23 00:00:00;
Z12040185;STRUMENTAZIONE PER MONITORAGGIO E DIAGNOSI IN MEDICINA GENERALE - MATERIALI SPECIFICI;S;;2007-02-20 00:00:00;
Z12040192;STRUMENTAZIONE PER MONITORAGGIO E DIAGNOSI IN MEDICINA GENERALE  - DISPOSITIVI MEDICI SOFTWARE;S;;2022-02-23 00:00:00;
Z12040199;STRUMENTAZIONE PER MONITORAGGIO E DIAGNOSI IN MEDICINA GENERALE NON ALTRIMENTI CLASSIFICATA;S;;2007-02-20 00:00:00;2022-02-22 00:00:00
Z12040199;STRUMENTAZIONE PER MONITORAGGIO E DIAGNOSI IN MEDICINA GENERALE - ALTRA;S;;2022-02-23 00:00:00;
Z120402;STRUMENTAZIONE PER TRATTAMENTI TERAPEUTICI IN MEDICINA GENERALE;N;;2007-02-20 00:00:00;
Z12040201;APPARECCHIATURE PER FOTOEPILAZIONE;S;FCH;2007-02-20 00:00:00;
Z12040202;APPARECCHIATURE PER FOTOTERAPIA A RAGGI ULTRAVIOLETTI;S;FAH;2007-02-20 00:00:00;2022-02-22 00:00:00
Z12040202;APPARECCHIATURE PER FOTOTERAPIA;S;FAH;2022-02-23 00:00:00;
Z12040203;APPARECCHIATURE PER LA RIGENERAZIONE DERMICA;S;RCP;2007-02-20 00:00:00;
Z12040204;APPARECCHIATURE PER LDL AFERESI;S;LAH;2007-02-20 00:00:00;2011-08-30 00:00:00
Z12040205;APPARECCHIATURE PER MEDICAZIONE SOTTO VUOTO;S;MSO;2007-02-20 00:00:00;
Z12040206;APPARECCHIATURE PER MESOTERAPIA;S;MSR;2007-02-20 00:00:00;
Z12040207;APPARECCHIATURE PER OZONO TERAPIA;S;OZO;2007-02-20 00:00:00;
Z12040208;APPARECCHIATURE PER TERMOREGOLAZIONE CORPOREA;S;TCP;2007-02-20 00:00:00;
Z12040209;MISURATORI AUTOMATICI NON INVASIVI DELLA PRESSIONE;S;LEP;2007-02-20 00:00:00;2008-06-30 00:00:00
Z12040210;NEBULIZZATORI AD ULTRASUONI;S;NUL;2007-02-20 00:00:00;
Z12040211;PANCREAS ARTIFICIALI;S;PAR;2007-02-20 00:00:00;
Z12040212;SISTEMI ANTIDECUBITO;S;LAD;2007-02-20 00:00:00;2011-08-30 00:00:00
Z12040213;SISTEMI PER LAVAGGIO PAZIENTE;S;SLP;2007-02-20 00:00:00;
Z12040214;SISTEMI PER LIPOSUZIONE;S;LEM;2007-02-20 00:00:00;
Z12040215;STRUMENTAZIONE PER IPERTERMIA ONCOLOGICA MULTI-DISTRETTUALE;N;;2007-02-20 00:00:00;
Z1204021501;APPARECCHIATURE PER IPERTERMIA ONCOLOGICA MULTI-DISTRETTUALE;S;ITO;2007-02-20 00:00:00;
Z1204021580;STRUMENTAZIONE PER IPERTERMIA ONCOLOGICA MULTI-DISTRETTUALE - COMPONENTI ACCESSORI HARDWARE;S;;2007-02-20 00:00:00;2022-02-22 00:00:00
Z1204021580;STRUMENTAZIONE PER IPERTERMIA ONCOLOGICA MULTI-DISTRETTUALE  - ACCESSORI HARDWARE;S;;2022-02-23 00:00:00;
Z1204021582;STRUMENTAZIONE PER IPERTERMIA ONCOLOGICA MULTI-DISTRETTUALE - COMPONENTI ACCESSORI SOFTWARE;S;;2007-02-20 00:00:00;2022-02-22 00:00:00
Z1204021582;STRUMENTAZIONE PER IPERTERMIA ONCOLOGICA MULTI-DISTRETTUALE  - ACCESSORI SOFTWARE;S;;2022-02-23 00:00:00;
Z1204021585;STRUMENTAZIONE PER IPERTERMIA ONCOLOGICA MULTI-DISTRETTUALE - MATERIALI SPECIFICI;S;;2007-02-20 00:00:00;
Z1204021592;STRUMENTAZIONE PER IPERTERMIA ONCOLOGICA MULTI-DISTRETTUALE  - DISPOSITIVI MEDICI SOFTWARE;S;;2022-02-23 00:00:00;
Z12040216;STRUMENTAZIONE PORTATILE PER MICROINFUSIONE;N;PDI;2007-02-20 00:00:00;
Z1204021601;MICROINFUSORI PORTATILI PER INSULINA;S;PDI01;2007-02-20 00:00:00;2018-06-25 00:00:00
Z1204021601;MICROINFUSORI PORTATILI PER INSULINA;N;PDI01;2018-06-26 00:00:00;2018-06-26 00:00:00
Z1204021601;STRUMENTAZIONE PORTATILE PER INFUSIONE DI INSULINA;N;PDI01;2018-06-26 00:00:00;
Z120402160101;MICROINFUSORI PORTATILI PER INSULINA;S;;2018-06-26 00:00:00;
Z120402160102;MICROINFUSORI PORTATILI PER INSULINA CON PALMARE CON GLUCOMETRO;S;;2018-06-26 00:00:00;
Z120402160103;MICROINFUSORI PORTATILI PER INSULINA INTEGRABILI A SISTEMI PER IL MONITORAGGIO CONTINUO DEL GLUCOSIO;S;;2018-06-26 00:00:00;
Z1204021602;MICROINFUSORI PORTATILI PER LA TERAPIA DEL DOLORE;S;PDI02;2007-02-20 00:00:00;2018-06-25 00:00:00
Z1204021602;STRUMENTAZIONE PORTATILE PER TERAPIA DEL DOLORE;S;PDI02;2018-06-26 00:00:00;
Z1204021603;MICROINFUSORI PORTATILI PER DOBUTAMINA;S;PDI03;2007-02-20 00:00:00;2018-06-25 00:00:00
Z1204021603;STRUMENTAZIONE PORTATILE PER INFUSIONE DI DOBUTAMINA;S;PDI03;2018-06-26 00:00:00;
Z1204021680;STRUMENTAZIONE PORTATILE PER MICROINFUSIONE - COMPONENTI ACCESSORI HARDWARE;S;;2007-02-20 00:00:00;2022-02-22 00:00:00
Z1204021680;STRUMENTAZIONE PORTATILE PER MICROINFUSIONE  - ACCESSORI HARDWARE;S;;2022-02-23 00:00:00;
Z1204021685;STRUMENTAZIONE PORTATILE PER MICROINFUSIONE - MATERIALI SPECIFICI;S;;2007-02-20 00:00:00;
Z1204021699;STRUMENTAZIONE PORTATILE PER MICROINFUSIONE NON ALTRIMENTI CLASSIFICATA;S;;2007-02-20 00:00:00;2022-02-22 00:00:00
Z1204021699;STRUMENTAZIONE PORTATILE PER MICROINFUSIONE - ALTRA;S;;2022-02-23 00:00:00;
Z12040217;TORRINI STERILI;S;TST;2007-02-20 00:00:00;2022-02-23 00:00:00
Z12040218;TRATTAMENTI ENDERMOLOGICI;S;TDG;2007-02-20 00:00:00;
Z12040219;UNITA' DI PERFUSIONE REGIONALE;S;UPR;2007-02-20 00:00:00;
Z12040280;STRUMENTAZIONE PER TRATTAMENTI TERAPEUTICI IN MEDICINA GENERALE - COMPONENTI ACCESSORI HARDWARE;S;;2007-02-20 00:00:00;2022-02-22 00:00:00
Z12040280;STRUMENTAZIONE PER TRATTAMENTI TERAPEUTICI IN MEDICINA GENERALE  - ACCESSORI HARDWARE;S;;2022-02-23 00:00:00;
Z12040282;STRUMENTAZIONE PER TRATTAMENTI TERAPEUTICI IN MEDICINA GENERALE - COMPONENTI ACCESSORI SOFTWARE;S;;2007-02-20 00:00:00;2022-02-22 00:00:00
Z12040282;STRUMENTAZIONE PER TRATTAMENTI TERAPEUTICI IN MEDICINA GENERALE  - ACCESSORI SOFTWARE;S;;2022-02-23 00:00:00;
Z12040285;STRUMENTAZIONE PER TRATTAMENTI TERAPEUTICI IN MEDICINA GENERALE - MATERIALI SPECIFICI;S;;2007-02-20 00:00:00;
Z12040292;STRUMENTAZIONE PER TRATTAMENTI TERAPEUTICI IN MEDICINA GENERALE  - DISPOSITIVI MEDICI SOFTWARE;S;;2022-02-23 00:00:00;
Z12040299;STRUMENTAZIONE PER TRATTAMENTI TERAPEUTICI IN MEDICINA GENERALE NON ALTRIMENTI CLASSIFICATA;S;;2007-02-20 00:00:00;2022-02-22 00:00:00
Z12040299;STRUMENTAZIONE PER TRATTAMENTI TERAPEUTICI IN MEDICINA GENERALE - ALTRA;S;;2022-02-23 00:00:00;
Z120499;STRUMENTAZIONE PER MEDICINA GENERALE NON ALTRIMENTI CLASSIFICATA;S;;2007-02-20 00:00:00;2022-02-22 00:00:00
Z120499;STRUMENTAZIONE PER MEDICINA GENERALE - ALTRA;S;;2022-02-23 00:00:00;
Z1205;STRUMENTAZIONE PER CARDIOLOGIA E CARDIOCHIRURGIA;N;;2007-02-20 00:00:00;
Z120501;STRUMENTAZIONE PER L'ANALISI SFORZO;N;;2007-02-20 00:00:00;
Z12050101;SISTEMI PER L'ANALISI DA SFORZO;S;ASF;2007-02-20 00:00:00;
Z12050180;STRUMENTAZIONE PER L'ANALISI SFORZO - COMPONENTI ACCESSORI HARDWARE;S;;2007-02-20 00:00:00;2022-02-22 00:00:00
Z12050180;STRUMENTAZIONE PER L'ANALISI SFORZO  - ACCESSORI HARDWARE;S;;2022-02-23 00:00:00;
Z12050182;STRUMENTAZIONE PER L'ANALISI SFORZO - COMPONENTI ACCESSORI SOFTWARE;S;;2007-02-20 00:00:00;2022-02-22 00:00:00
Z12050182;STRUMENTAZIONE PER L'ANALISI SFORZO  - ACCESSORI SOFTWARE;S;;2022-02-23 00:00:00;
Z12050185;STRUMENTAZIONE PER L'ANALISI SFORZO - MATERIALI SPECIFICI;S;;2007-02-20 00:00:00;
Z12050192;STRUMENTAZIONE PER L'ANALISI SFORZO  - DISPOSITIVI MEDICI SOFTWARE;S;;2022-02-23 00:00:00;
Z120502;STRUMENTAZIONE PER LA CIRCOLAZIONE EXTRACORPOREA;N;;2007-02-20 00:00:00;
Z12050201;SISTEMI PER LA CIRCOLAZIONE EXTRACORPOREA;S;CEC;2007-02-20 00:00:00;
Z12050280;STRUMENTAZIONE PER LA CIRCOLAZIONE EXTRACORPOREA - COMPONENTI ACCESSORI HARDWARE;S;;2007-02-20 00:00:00;2022-02-22 00:00:00
Z12050280;STRUMENTAZIONE PER LA CIRCOLAZIONE EXTRACORPOREA  - ACCESSORI HARDWARE;S;;2022-02-23 00:00:00;
Z12050282;STRUMENTAZIONE PER LA CIRCOLAZIONE EXTRACORPOREA - COMPONENTI ACCESSORI SOFTWARE;S;;2007-02-20 00:00:00;2022-02-22 00:00:00
Z12050282;STRUMENTAZIONE PER LA CIRCOLAZIONE EXTRACORPOREA  - ACCESSORI SOFTWARE;S;;2022-02-23 00:00:00;
Z12050285;STRUMENTAZIONE PER LA CIRCOLAZIONE EXTRACORPOREA - MATERIALI SPECIFICI;S;;2007-02-20 00:00:00;
Z12050292;STRUMENTAZIONE PER LA CIRCOLAZIONE EXTRACORPOREA  - DISPOSITIVI MEDICI SOFTWARE;S;;2022-02-23 00:00:00;
Z120503;ELETTROCARDIOGRAFI;N;ECG;2007-02-20 00:00:00;
Z12050301;ELETTROCARDIOGRAFI PER USO GENERALE;S;ECG01;2007-02-20 00:00:00;
Z12050302;ELETTROCARDIOGRAFI PER DIAGNOSI AVANZATA ;S;ECG02;2007-02-20 00:00:00;
Z12050303;CARDIOTELEFONI;S;;2008-06-30 00:00:00;
Z12050380;ELETTROCARDIOGRAFI - COMPONENTI ACCESSORI HARDWARE;S;;2007-02-20 00:00:00;2022-02-22 00:00:00
Z12050380;ELETTROCARDIOGRAFI  - ACCESSORI HARDWARE;S;;2022-02-23 00:00:00;
Z12050382;ELETTROCARDIOGRAFI - COMPONENTI ACCESSORI SOFTWARE;S;;2007-02-20 00:00:00;2022-02-22 00:00:00
Z12050382;ELETTROCARDIOGRAFI  - ACCESSORI SOFTWARE;S;;2022-02-23 00:00:00;
Z12050385;ELETTROCARDIOGRAFI - MATERIALI SPECIFICI;S;;2007-02-20 00:00:00;
Z12050392;ELETTROCARDIOGRAFI  - DISPOSITIVI MEDICI SOFTWARE;S;;2022-02-23 00:00:00;
Z120504;STRUMENTAZIONE PER SISTEMI HOLTER PER PARAMETRI CARDIOVASCOLARI;N;;2007-02-20 00:00:00;
Z12050401;LETTORI HOLTER PER PARAMETRI CARDIOVASCOLARI;S;LCA;2007-02-20 00:00:00;
Z12050402;REGISTRATORI HOLTER MULTIPARAMETRICI CARDIOVASCOLARI (ECG, NIPB, ...);S;RAO;2007-02-20 00:00:00;
Z12050403;REGISTRATORI HOLTER ECG;S;RHO;2007-02-20 00:00:00;
Z12050404;REGISTRATORI HOLTER DELLA PRESSIONE SANGUIGNA;S;RHP;2007-02-20 00:00:00;
Z12050480;STRUMENTAZIONE PER SISTEMI HOLTER PER PARAMETRI CARDIOLOGICI - COMPONENTI ACCESSORI HARDWARE;S;;2007-02-20 00:00:00;2022-02-22 00:00:00
Z12050480;STRUMENTAZIONE PER SISTEMI HOLTER PER PARAMETRI CARDIOLOGICI  - ACCESSORI HARDWARE;S;;2022-02-23 00:00:00;
Z12050482;STRUMENTAZIONE PER SISTEMI HOLTER PER PARAMETRI CARDIOLOGICI - COMPONENTI ACCESSORI SOFTWARE;S;;2007-02-20 00:00:00;2022-02-22 00:00:00
Z12050482;STRUMENTAZIONE PER SISTEMI HOLTER PER PARAMETRI CARDIOLOGICI  - ACCESSORI SOFTWARE;S;;2022-02-23 00:00:00;
Z12050485;STRUMENTAZIONE PER SISTEMI HOLTER PER PARAMETRI CARDIOLOGICI - MATERIALI SPECIFICI;S;;2007-02-20 00:00:00;
Z12050492;STRUMENTAZIONE PER SISTEMI HOLTER PER PARAMETRI CARDIOLOGICI  - DISPOSITIVI MEDICI SOFTWARE;S;;2022-02-23 00:00:00;
Z12050499;STRUMENTAZIONE PER SISTEMI HOLTER PER PARAMETRI CARDIOLOGICI NON ALTRIMENTI CLASSIFICATA;S;;2007-02-20 00:00:00;2022-02-22 00:00:00
Z12050499;STRUMENTAZIONE PER SISTEMI HOLTER PER PARAMETRI CARDIOLOGICI - ALTRA;S;;2022-02-23 00:00:00;
Z120505;STRUMENTAZIONE PER LA MISURAZIONE DELLA GITTATA CARDIACA;N;;2007-02-20 00:00:00;
Z12050501;MISURATORI DI GITTATA CARDIACA;S;MGC;2007-02-20 00:00:00;
Z12050580;STRUMENTAZIONE PER LA MISURAZIONE DELLA GITTATA CARDIACA - COMPONENTI ACCESSORI HARDWARE;S;;2007-02-20 00:00:00;2022-02-22 00:00:00
Z12050580;STRUMENTAZIONE PER LA MISURAZIONE DELLA GITTATA CARDIACA  - ACCESSORI HARDWARE;S;;2022-02-23 00:00:00;
Z12050582;STRUMENTAZIONE PER LA MISURAZIONE DELLA GITTATA CARDIACA - COMPONENTI ACCESSORI SOFTWARE;S;;2007-02-20 00:00:00;2022-02-22 00:00:00
Z12050582;STRUMENTAZIONE PER LA MISURAZIONE DELLA GITTATA CARDIACA  - ACCESSORI SOFTWARE;S;;2022-02-23 00:00:00;
Z12050585;STRUMENTAZIONE PER LA MISURAZIONE DELLA GITTATA CARDIACA - MATERIALI SPECIFICI;S;;2007-02-20 00:00:00;
Z12050592;STRUMENTAZIONE PER LA MISURAZIONE DELLA GITTATA CARDIACA  - DISPOSITIVI MEDICI SOFTWARE;S;;2022-02-23 00:00:00;
Z120506;CARDIOSTIMOLATORI NON IMPIANTABILI;N;PCE;2007-02-20 00:00:00;
Z12050601;CARDIOSTIMOLATORI TRANSESOFAGEI;S;PCE01;2007-02-20 00:00:00;
Z12050602;CARDIOSTIMOLATORI INVASIVI;S;PCE02;2007-02-20 00:00:00;
Z12050603;CARDIOSTIMOLATORI TRANSTORACICI;S;PCE03;2007-02-20 00:00:00;
Z12050680;CARDIOSTIMOLATORI NON IMPIANTABILI - COMPONENTI ACCESSORI HARDWARE;S;;2007-02-20 00:00:00;2022-02-22 00:00:00
Z12050680;CARDIOSTIMOLATORI NON IMPIANTABILI  - ACCESSORI HARDWARE;S;;2022-02-23 00:00:00;
Z12050682;CARDIOSTIMOLATORI NON IMPIANTABILI - COMPONENTI ACCESSORI SOFTWARE;S;;2007-02-20 00:00:00;2022-02-22 00:00:00
Z12050682;CARDIOSTIMOLATORI NON IMPIANTABILI  - ACCESSORI SOFTWARE;S;;2022-02-23 00:00:00;
Z12050685;CARDIOSTIMOLATORI NON IMPIANTABILI - MATERIALI SPECIFICI;S;;2007-02-20 00:00:00;
Z12050692;CARDIOSTIMOLATORI NON IMPIANTABILI  - DISPOSITIVI MEDICI SOFTWARE;S;;2022-02-23 00:00:00;
Z12050699;CARDIOSTIMOLATORI NON IMPIANTABILI NON ALTRIMENTI CLASSIFICATI;S;;2007-02-20 00:00:00;2022-02-22 00:00:00
Z12050699;CARDIOSTIMOLATORI NON IMPIANTABILI - ALTRI;S;;2022-02-23 00:00:00;
Z120507;STRUMENTAZIONE PER POLIGRAFIA CARDIOLOGICA;N;;2007-02-20 00:00:00;
Z12050701;SISTEMI POLIGRAFICI CARDIOLOGICI COMPLETI;S;SFD;2007-02-20 00:00:00;
Z12050702;SISTEMI POLIGRAFICI PER STUDI EMODINAMICI;S;MIC;2007-02-20 00:00:00;
Z12050703;SISTEMI POLIGRAFICI PER STUDI ELETTROFISIOLOGICI;S;SCM;2007-02-20 00:00:00;
Z12050780;STRUMENTAZIONE PER POLIGRAFIA CARDIOLOGICA - COMPONENTI ACCESSORI HARDWARE;N;;2007-02-20 00:00:00;2022-02-22 00:00:00
Z12050780;STRUMENTAZIONE PER POLIGRAFIA CARDIOLOGICA  - ACCESSORI HARDWARE;N;;2022-02-23 00:00:00;
Z1205078001;STIMOLATORI CARDIACI PER ELETTROFISIOLOGIA;S;SIR;2007-02-20 00:00:00;
Z1205078099;STRUMENTAZIONE PER POLIGRAFIA CARDIOLOGICA - ALTRI COMPONENTI ACCESSORI HARDWARE;S;;2007-02-20 00:00:00;2008-06-29 00:00:00
Z1205078099;STRUMENTAZIONE PER POLIGRAFIA CARDIOLOGICA - COMPONENTI ACCESSORI HARDWARE NON ALTRIMENTI CLASSIFICATI;S;;2008-06-30 00:00:00;2022-02-22 00:00:00
Z1205078099;STRUMENTAZIONE PER POLIGRAFIA CARDIOLOGICA  - ACCESSORI HARDWARE - ALTRI;S;;2022-02-23 00:00:00;
Z12050782;STRUMENTAZIONE PER POLIGRAFIA CARDIOLOGICA - COMPONENTI ACCESSORI SOFTWARE;S;;2007-02-20 00:00:00;2022-02-22 00:00:00
Z12050782;STRUMENTAZIONE PER POLIGRAFIA CARDIOLOGICA  - ACCESSORI SOFTWARE;S;;2022-02-23 00:00:00;
Z12050785;STRUMENTAZIONE PER POLIGRAFIA CARDIOLOGICA - MATERIALI SPECIFICI;S;;2007-02-20 00:00:00;
Z12050792;STRUMENTAZIONE PER POLIGRAFIA CARDIOLOGICA  - DISPOSITIVI MEDICI SOFTWARE;S;;2022-02-23 00:00:00;
Z120508;STRUMENTAZIONE PER TELEMETRIA CARDIOLOGICA;N;;2007-02-20 00:00:00;
Z12050801;SISTEMI COMPLETI PER TELEMETRIA CARDIOLOGICA;S;SGF;2007-02-20 00:00:00;
Z12050802;UNITA` RICEVENTI PER TELEMETRIA DI PARAMETRI CARDIOLOGICI;S;UAG;2007-02-20 00:00:00;
Z12050803;UNITA` TRASMITTENTI PER TELEMETRIA DI PARAMETRI ELETTROCARDIOGRAFICI;S;UTC;2007-02-20 00:00:00;
Z12050804;UNITA` TRASMITTENTI PER TELEMETRIA DI PARAMETRI ERGOSPIROMETRICI;S;TAG;2007-02-20 00:00:00;
Z12050880;STRUMENTAZIONE PER TELEMETRIA CARDIOLOGICA - COMPONENTI ACCESSORI HARDWARE;S;;2007-02-20 00:00:00;2022-02-22 00:00:00
Z12050880;STRUMENTAZIONE PER TELEMETRIA CARDIOLOGICA  - ACCESSORI HARDWARE;S;;2022-02-23 00:00:00;
Z12050882;STRUMENTAZIONE PER TELEMETRIA CARDIOLOGICA - COMPONENTI ACCESSORI SOFTWARE;S;;2007-02-20 00:00:00;2022-02-22 00:00:00
Z12050882;STRUMENTAZIONE PER TELEMETRIA CARDIOLOGICA  - ACCESSORI SOFTWARE;S;;2022-02-23 00:00:00;
Z12050885;STRUMENTAZIONE PER TELEMETRIA CARDIOLOGICA - MATERIALI SPECIFICI;S;;2007-02-20 00:00:00;
Z12050892;STRUMENTAZIONE PER TELEMETRIA CARDIOLOGICA  - DISPOSITIVI MEDICI SOFTWARE;S;;2022-02-23 00:00:00;
Z12050899;STRUMENTAZIONE PER TELEMETRIA CARDIOLOGICA NON ALTRIMENTI CLASSIFICATA;S;;2007-02-20 00:00:00;2022-02-22 00:00:00
Z12050899;STRUMENTAZIONE PER TELEMETRIA CARDIOLOGICA - ALTRA;S;;2022-02-23 00:00:00;
Z120590;STRUMENTAZIONE VARIA PER CARDIOLOGIA E CARDIOCHIRURGIA;N;;2007-02-20 00:00:00;
Z12059001;ANALIZZATORI DI SOGLIA PER IMPIANTO DI CARDIOSTIMOLATORI;S;AZL;2007-02-20 00:00:00;
Z12059002;APPARECCHIATURE PER MAPPATURA CARDIACA;S;MPR;2007-02-20 00:00:00;
Z12059003;ASPIRATORI PER TROMBI;S;AIB;2007-02-20 00:00:00;
Z12059004;CONTROPULSATORI AORTICI;S;CPU;2007-02-20 00:00:00;
Z12059005;EMOVELOCIMETRI;S;EVM;2007-02-20 00:00:00;
Z12059006;FIBRILLATORI;S;FIB;2007-02-20 00:00:00;
Z12059007;OSSIMETRI INTRACARDIACI;S;OIN;2007-02-20 00:00:00;
Z12059008;SISTEMI PER FLUSSIMETRIA A LASER;S;FEP;2007-02-20 00:00:00;
Z12059009;SISTEMI PER L'ANALISI E LA GESTIONE DI TRACCIATI ECG;S;GEC;2007-02-20 00:00:00;
Z12059010;STERNOTOMI;S;STT;2007-02-20 00:00:00;
Z12059011;APPARECCHIATURE PER ABLAZIONE CARDIACA;S;;2008-06-30 00:00:00;
Z12059012;FONOCARDIOGRAFI;S;;2022-02-23 00:00:00;
Z12059013;MAGNETOCARDIOGRAFI;S;;2022-02-23 00:00:00;
Z12059080;STRUMENTAZIONE VARIA PER CARDIOLOGIA E CARDIOCHIRURGIA - COMPONENTI ACCESSORI HARDWARE;S;;2007-02-20 00:00:00;2022-02-22 00:00:00
Z12059080;STRUMENTAZIONE VARIA PER CARDIOLOGIA E CARDIOCHIRURGIA  - ACCESSORI HARDWARE;S;;2022-02-23 00:00:00;
Z12059082;STRUMENTAZIONE VARIA PER CARDIOLOGIA E CARDIOCHIRURGIA - COMPONENTI ACCESSORI SOFTWARE;S;;2007-02-20 00:00:00;2022-02-22 00:00:00
Z12059082;STRUMENTAZIONE VARIA PER CARDIOLOGIA E CARDIOCHIRURGIA  - ACCESSORI SOFTWARE;S;;2022-02-23 00:00:00;
Z12059085;STRUMENTAZIONE VARIA PER CARDIOLOGIA E CARDIOCHIRURGIA - MATERIALI SPECIFICI;S;;2007-02-20 00:00:00;
Z12059092;STRUMENTAZIONE VARIA PER CARDIOLOGIA E CARDIOCHIRURGIA  - DISPOSITIVI MEDICI SOFTWARE;S;;2022-02-23 00:00:00;
Z12059099;STRUMENTAZIONE VARIA PER CARDIOLOGIA E CARDIOCHIRURGIA NON ALTRIMENTI CLASSIFICATA;S;;2007-02-20 00:00:00;2022-02-22 00:00:00
Z12059099;STRUMENTAZIONE VARIA PER CARDIOLOGIA E CARDIOCHIRURGIA - ALTRA;S;;2022-02-23 00:00:00;
Z1206;STRUMENTAZIONE PER FISIOTERAPIA E RIABILITAZIONE;N;;2007-02-20 00:00:00;
Z120601;APPARECCHIATURE PER ELETTROTERAPIA;S;ELT;2007-02-20 00:00:00;
Z120602;APPARECCHIATURE PER FISIOTERAPIA;S;FAP;2007-02-20 00:00:00;
Z120603;APPARECCHIATURE PER GINNASTICA PASSIVA RIABILITATIVA;S;GPR;2007-02-20 00:00:00;
Z120604;APPARECCHIATURE PER IONOFORESI;S;IOF;2007-02-20 00:00:00;
Z120605;APPARECCHIATURE PER L'ANALISI ELETTROMIOGRAFICA;S;AFH;2007-02-20 00:00:00;
Z120606;APPARECCHIATURE PER MAGNETOTERAPIA;S;MAT;2007-02-20 00:00:00;
Z120607;APPARECCHIATURE PER PRESSOTERAPIA;S;PTP;2007-02-20 00:00:00;
Z120608;APPARECCHIATURE PER TERAPIA A MICROONDE;S;DMO;2007-02-20 00:00:00;
Z120609;APPARECCHIATURE PER TERAPIA AD ONDE CORTE;S;DOC;2007-02-20 00:00:00;
Z120610;APPARECCHIATURE PER TERAPIA AD ULTRASUONI;S;DUL;2007-02-20 00:00:00;
Z120611;APPARECCHIATURE PER VACUUM TERAPIA;S;VCT;2007-02-20 00:00:00;
Z120612;ELETTROMASSAGGIATORI ENDORALI;S;EME;2007-02-20 00:00:00;
Z120613;FORNI PER TERAPIA RIABILITATIVA;S;FTR;2007-02-20 00:00:00;
Z120614;LAMPADE RAGGI ULTRAVIOLETTI-INFRAROSSI;S;LUI;2007-02-20 00:00:00;
Z120615;LASER TERAPEUTICI;S;LTE;2007-02-20 00:00:00;
Z120616;SISTEMI ELETTROMECCANICI PER TERAPIA FISICA;S;SET;2007-02-20 00:00:00;
Z120617;SISTEMI INTEGRATI PER ANALISI DEL MOVIMENTO;S;AMV;2007-02-20 00:00:00;
Z120618;SISTEMI PER IDROGINNASTICA ED IDROTERAPIA;S;IDG;2007-02-20 00:00:00;
Z120619;SISTEMI PER PARAFFINOTERAPIA;S;PFT;2007-02-20 00:00:00;
Z120620;STIMOLATORI ELETTROANALGESICI DELLA COLONNA VERTEBRALE;S;SEC;2007-02-20 00:00:00;
Z120621;STIMOLATORI FACCIALI;S;SFA;2007-02-20 00:00:00;
Z120622;STIMOLATORI MUSCOLARI;S;SMU;2007-02-20 00:00:00;
Z120623;STIMOLATORI PER AGOPUNTURA;S;SAP;2007-02-20 00:00:00;
Z120624;STRUMENTAZIONE PER BIOFEEDBACK;N;BIF;2007-02-20 00:00:00;
Z12062401;SISTEMI PER BIOFEEDBACK ELETTROMIOGRAFICO;S;BIF01;2007-02-20 00:00:00;
Z12062402;SISTEMI PER BIOFEEDBACK POSIZIONALE;S;BIF02;2007-02-20 00:00:00;
Z12062403;SISTEMI PER BIOFEEDBACK DI TEMPERATURA;S;BIF03;2007-02-20 00:00:00;
Z12062404;SISTEMI PER BIOFEEDBACK DEL SEGNALE ELETTRODERMICO;S;BIF04;2007-02-20 00:00:00;
Z12062480;STRUMENTAZIONE PER BIOFEEDBACK - COMPONENTI ACCESSORI HARDWARE;S;;2007-02-20 00:00:00;2022-02-22 00:00:00
Z12062480;STRUMENTAZIONE PER BIOFEEDBACK  - ACCESSORI HARDWARE;S;;2022-02-23 00:00:00;
Z12062482;STRUMENTAZIONE PER BIOFEEDBACK - COMPONENTI ACCESSORI SOFTWARE;S;;2007-02-20 00:00:00;2022-02-22 00:00:00
Z12062482;STRUMENTAZIONE PER BIOFEEDBACK  - ACCESSORI SOFTWARE;S;;2022-02-23 00:00:00;
Z12062485;STRUMENTAZIONE PER BIOFEEDBACK - MATERIALI SPECIFICI;S;;2007-02-20 00:00:00;
Z12062492;STRUMENTAZIONE PER BIOFEEDBACK  - DISPOSITIVI MEDICI SOFTWARE;S;;2022-02-23 00:00:00;
Z12062499;STRUMENTAZIONE PER BIOFEEDBACK NON ALTRIMENTI CLASSIFICATA;S;;2007-02-20 00:00:00;2022-02-22 00:00:00
Z12062499;STRUMENTAZIONE PER BIOFEEDBACK - ALTRA;S;;2022-02-23 00:00:00;
Z120625;SISTEMI PER L'ANALISI CINEMATICA DEL MOVIMENTO;N;ACV;2007-02-20 00:00:00;
Z12062501;SISTEMI GONIOMETRICI PER L'ANALISI CINEMATICA DEL MOVIMENTO;S;ACV01;2007-02-20 00:00:00;
Z12062502;SISTEMI INERZIALI PER L'ANALISI CINEMATICA DEL MOVIMENTO;S;ACV02;2007-02-20 00:00:00;
Z12062503;SISTEMI OPTOELETTRONICI A MARKER PASSIVI PER L'ANALISI CINEMATICA DEL MOVIMENTO;S;ACV03;2007-02-20 00:00:00;
Z12062504;SISTEMI OPTOELETTRONICI A MARKER ATTIVI PER L'ANALISI CINEMATICA DEL MOVIMENTO;S;ACV04;2007-02-20 00:00:00;
Z12062505;SISTEMI A ULTRASUONI PER L'ANALISI CINEMATICA DEL MOVIMENTO;S;ACV05;2007-02-20 00:00:00;
Z12062506;SISTEMI A CAMPI ELETTROMAGNETICI PER L'ANALISI CINEMATICA DEL MOVIMENTO;S;ACV06;2007-02-20 00:00:00;
Z12062580;SISTEMI PER L'ANALISI CINEMATICA DEL MOVIMENTO - COMPONENTI ACCESSORI HARDWARE;S;;2007-02-20 00:00:00;2022-02-22 00:00:00
Z12062580;SISTEMI PER L'ANALISI CINEMATICA DEL MOVIMENTO  - ACCESSORI HARDWARE;S;;2022-02-23 00:00:00;
Z12062582;SISTEMI PER L'ANALISI CINEMATICA DEL MOVIMENTO - COMPONENTI ACCESSORI SOFTWARE;S;;2007-02-20 00:00:00;2022-02-22 00:00:00
Z12062582;SISTEMI PER L'ANALISI CINEMATICA DEL MOVIMENTO  - ACCESSORI SOFTWARE;S;;2022-02-23 00:00:00;
Z12062585;SISTEMI PER L'ANALISI CINEMATICA DEL MOVIMENTO - MATERIALI SPECIFICI;S;;2007-02-20 00:00:00;
Z12062592;SISTEMI PER L'ANALISI CINEMATICA DEL MOVIMENTO  - DISPOSITIVI MEDICI SOFTWARE;S;;2022-02-23 00:00:00;
Z12062599;SISTEMI PER L'ANALISI CINEMATICA DEL MOVIMENTO NON ALTRIMENTI CLASSIFICATI;S;;2007-02-20 00:00:00;2022-02-22 00:00:00
Z12062599;SISTEMI PER L'ANALISI CINEMATICA DEL MOVIMENTO - ALTRI;S;;2022-02-23 00:00:00;
Z120626;SISTEMI PER L'ANALISI DELLA DINAMICA DEL MOVIMENTO;N;PCS;2007-02-20 00:00:00;
Z12062601;PIATTAFORME DINAMOMETRICHE;S;PCS01;2007-02-20 00:00:00;
Z12062602;SUOLETTE A MATRICI DI SENSORI;S;PCS02;2007-02-20 00:00:00;
Z12062603;PEDANE A MATRICI DI SENSORI;S;PCS03;2007-02-20 00:00:00;
Z12062680;SISTEMI PER L'ANALISI DELLA DINAMICA DEL MOVIMENTO - COMPONENTI ACCESSORI HARDWARE;S;;2007-02-20 00:00:00;2022-02-22 00:00:00
Z12062680;SISTEMI PER L'ANALISI DELLA DINAMICA DEL MOVIMENTO  - ACCESSORI HARDWARE;S;;2022-02-23 00:00:00;
Z12062682;SISTEMI PER L'ANALISI DELLA DINAMICA DEL MOVIMENTO - COMPONENTI ACCESSORI SOFTWARE;S;;2007-02-20 00:00:00;2022-02-22 00:00:00
Z12062682;SISTEMI PER L'ANALISI DELLA DINAMICA DEL MOVIMENTO  - ACCESSORI SOFTWARE;S;;2022-02-23 00:00:00;
Z12062685;SISTEMI PER L'ANALISI DELLA DINAMICA DEL MOVIMENTO - MATERIALI SPECIFICI;S;;2007-02-20 00:00:00;
Z12062692;SISTEMI PER L'ANALISI DELLA DINAMICA DEL MOVIMENTO  - DISPOSITIVI MEDICI SOFTWARE;S;;2022-02-23 00:00:00;
Z12062699;SISTEMI PER L'ANALISI DELLA DINAMICA DEL MOVIMENTO NON ALTRIMENTI CLASSIFICATI;S;;2007-02-20 00:00:00;2022-02-22 00:00:00
Z12062699;SISTEMI PER L'ANALISI DELLA DINAMICA DEL MOVIMENTO - ALTRI;S;;2022-02-23 00:00:00;
Z120627;SISTEMI PER STIMOLAZIONE ELETTRICA FUNZIONALE;N;FES;2007-02-20 00:00:00;
Z12062701;STIMOLATORI PERINEALI;S;FES01;2007-02-20 00:00:00;
Z12062702;STIMOLATORI PER IL SOLLEVAMENTO E IL CAMMINO;S;FES02;2007-02-20 00:00:00;
Z12062703;STIMOLATORI PER IL CYCLING;S;FES03;2007-02-20 00:00:00;
Z12062704;STIMOLATORI PER LA PRENSIONE;S;FES04;2007-02-20 00:00:00;
Z12062705;STIMOLATORI A CONTROLLO MIOELETTRICO;S;FES05;2007-02-20 00:00:00;
Z12062780;SISTEMI PER STIMOLAZIONE ELETTRICA FUNZIONALE - COMPONENTI ACCESSORI HARDWARE;S;;2007-02-20 00:00:00;2022-02-22 00:00:00
Z12062780;SISTEMI PER STIMOLAZIONE ELETTRICA FUNZIONALE  - ACCESSORI HARDWARE;S;;2022-02-23 00:00:00;
Z12062782;SISTEMI PER STIMOLAZIONE ELETTRICA FUNZIONALE - COMPONENTI ACCESSORI SOFTWARE;S;;2007-02-20 00:00:00;2022-02-22 00:00:00
Z12062782;SISTEMI PER STIMOLAZIONE ELETTRICA FUNZIONALE  - ACCESSORI SOFTWARE;S;;2022-02-23 00:00:00;
Z12062785;SISTEMI PER STIMOLAZIONE ELETTRICA FUNZIONALE - MATERIALI SPECIFICI;S;;2007-02-20 00:00:00;
Z12062792;SISTEMI PER STIMOLAZIONE ELETTRICA FUNZIONALE  - DISPOSITIVI MEDICI SOFTWARE;S;;2022-02-23 00:00:00;
Z12062799;SISTEMI PER STIMOLAZIONE ELETTRICA FUNZIONALE NON ALTRIMENTI CLASSIFICATA;S;;2007-02-20 00:00:00;2022-02-22 00:00:00
Z12062799;SISTEMI PER STIMOLAZIONE ELETTRICA FUNZIONALE - ALTRA;S;;2022-02-23 00:00:00;
Z120628;APPARECCHIATURE PER LA STIMOLAZIONE NEUROMUSCOLARE;N;SNM;2007-02-20 00:00:00;
Z12062801;STIMOLATORI PER RINFORZO MUSCOLARE DEI MUSCOLI INNERVATI;S;SNM01;2007-02-20 00:00:00;
Z12062802;STIMOLATORI PER IL TRATTAMENTO DELLA SCOLIOSI;S;SNM02;2007-02-20 00:00:00;
Z12062880;APPARECCHIATURE PER LA STIMOLAZIONE NEUROMUSCOLARE - COMPONENTI ACCESSORI HARDWARE;S;;2007-02-20 00:00:00;2022-02-22 00:00:00
Z12062880;APPARECCHIATURE PER LA STIMOLAZIONE NEUROMUSCOLARE  - ACCESSORI HARDWARE;S;;2022-02-23 00:00:00;
Z12062882;APPARECCHIATURE PER LA STIMOLAZIONE NEUROMUSCOLARE - COMPONENTI ACCESSORI SOFTWARE;S;;2007-02-20 00:00:00;2022-02-22 00:00:00
Z12062882;APPARECCHIATURE PER LA STIMOLAZIONE NEUROMUSCOLARE  - ACCESSORI SOFTWARE;S;;2022-02-23 00:00:00;
Z12062885;APPARECCHIATURE PER LA STIMOLAZIONE NEUROMUSCOLARE - MATERIALI SPECIFICI;S;;2007-02-20 00:00:00;
Z12062892;APPARECCHIATURE PER LA STIMOLAZIONE NEUROMUSCOLARE  - DISPOSITIVI MEDICI SOFTWARE;S;;2022-02-23 00:00:00;
Z12062899;APPARECCHIATURE PER LA STIMOLAZIONE NEUROMUSCOLARE NON ALTRIMENTI CLASSIFICATE;S;;2007-02-20 00:00:00;2022-02-22 00:00:00
Z12062899;APPARECCHIATURE PER LA STIMOLAZIONE NEUROMUSCOLARE - ALTRE;S;;2022-02-23 00:00:00;
Z120690;STRUMENTAZIONE VARIA FISIOTERAPIA E RIABILITAZIONE;N;;2007-02-20 00:00:00;
Z12069001;SOLLEVATORI E DEAMBULATORI ELETTRICI;S;SLD;2007-02-20 00:00:00;
Z12069002;SISTEMI PER LOCOMOZIONE ASSISTITA;S;LAR;2007-02-20 00:00:00;
Z12069003;CAMERE PER CRIOTERAPIA;S;;2022-02-23 00:00:00;
Z12069080;STRUMENTAZIONE VARIA FISIOTERAPIA E RIABILITAZIONE- COMPONENTI ACCESSORI HARDWARE;S;;2007-02-20 00:00:00;2022-02-22 00:00:00
Z12069080;STRUMENTAZIONE VARIA FISIOTERAPIA E RIABILITAZIONE - ACCESSORI HARDWARE;S;;2022-02-23 00:00:00;
Z12069082;STRUMENTAZIONE VARIA PER FISIOTERAPIA E RIABILITAZIONE - COMPONENTI ACCESSORI SOFTWARE;S;;2007-02-20 00:00:00;2022-02-22 00:00:00
Z12069082;STRUMENTAZIONE VARIA PER FISIOTERAPIA E RIABILITAZIONE  - ACCESSORI SOFTWARE;S;;2022-02-23 00:00:00;
Z12069085;STRUMENTAZIONE VARIA PER FISIOTERAPIA E RIABILITAZIONE - MATERIALI SPECIFICI;S;;2007-02-20 00:00:00;
Z12069092;STRUMENTAZIONE VARIA PER FISIOTERAPIA E RIABILITAZIONE  - DISPOSITIVI MEDICI SOFTWARE;S;;2022-02-23 00:00:00;
Z12069099;STRUMENTAZIONE VARIA PER FISIOTERAPIA E RIABILITAZIONE NON ALTRIMENTI CLASSIFICATA;S;;2007-02-20 00:00:00;2022-02-22 00:00:00
Z12069099;STRUMENTAZIONE VARIA PER FISIOTERAPIA E RIABILITAZIONE - ALTRA;S;;2022-02-23 00:00:00;
Z1207;STRUMENTAZIONE PER GASTROENTEROLOGIA;N;;2007-02-20 00:00:00;
Z120701;APPARECCHIATURE PER LA MANOMETRIA GASTROENTEROLOGICA;S;RMS;2007-02-20 00:00:00;
Z120702;REGISTRATORI HOLTER DEL PH GASTROESOFAGEO;S;GAG;2007-02-20 00:00:00;
Z120703;APPARECCHIATURE PER L'ANALISI DELLA FUNZIONALITA' ESOFAGEA;S;MPE;2007-02-20 00:00:00;
Z120704;MONITOR PER PH GASTRICO;S;MPH;2007-02-20 00:00:00;
Z120705;SISTEMI DI DIAGNOSI DELL'APPARATO DIGERENTE A CAPSULA DEGLUTIBILE;S;SDG;2007-02-20 00:00:00;2022-02-23 00:00:00
Z120706;APPARECCHIATURE PER IL TRATTAMENTO IN RADIOFREQUENZA DEL CARDIAS;S;SAQ;2007-02-20 00:00:00;
Z120707;APPARECCHIATURE PER L'INTOLLERANZA AL LATTOSIO;S;ILL;2007-02-20 00:00:00;
Z120780;STRUMENTAZIONE PER GASTROENTEROLOGIA - COMPONENTI ACCESSORI HARDWARE;S;;2007-02-20 00:00:00;2022-02-22 00:00:00
Z120780;STRUMENTAZIONE PER GASTROENTEROLOGIA  - ACCESSORI HARDWARE;S;;2022-02-23 00:00:00;
Z120782;STRUMENTAZIONE PER GASTROENTEROLOGIA - COMPONENTI ACCESSORI SOFTWARE;S;;2007-02-20 00:00:00;2022-02-22 00:00:00
Z120782;STRUMENTAZIONE PER GASTROENTEROLOGIA  - ACCESSORI SOFTWARE;S;;2022-02-23 00:00:00;
Z120785;STRUMENTAZIONE PER GASTROENTEROLOGIA - MATERIALI SPECIFICI;S;;2007-02-20 00:00:00;
Z120792;STRUMENTAZIONE PER GASTROENTEROLOGIA  - DISPOSITIVI MEDICI SOFTWARE;S;;2022-02-23 00:00:00;
Z120799;STRUMENTAZIONE PER GASTROENTEROLOGIA NON ALTRIMENTI CLASSIFICATA;S;;2007-02-20 00:00:00;2022-02-22 00:00:00
Z120799;STRUMENTAZIONE PER GASTROENTEROLOGIA - ALTRA;S;;2022-02-23 00:00:00;
Z1208;STRUMENTAZIONE PER GINECOLOGIA E MATERNO-INFANTILE;N;;2007-02-20 00:00:00;
Z120801;STRUMENTAZIONE PER DIAGNOSI PRENATALE;N;;2007-02-20 00:00:00;
Z12080101;MONITOR FETALI;S;MFE;2007-02-20 00:00:00;
Z12080102;MONITOR PER PH FETALE;S;MPT;2007-02-20 00:00:00;
Z12080103;RIVELATORI BATTITO CARDIACO FETALE;S;RDB;2007-02-20 00:00:00;
Z12080104;STRUMENTAZIONE PER TELEMETRIA CARDIOTOCOGRAFICA;N;;2007-02-20 00:00:00;
Z1208010401;SISTEMI COMPLETI PER TELEMETRIA CARDIOTOCOGRAFICA;S;TCG;2007-02-20 00:00:00;
Z1208010402;UNITA` RICEVENTI PER TELEMETRIA CARDIOTOCOGRAFICA;S;UAF;2007-02-20 00:00:00;
Z1208010403;UNITA` TRASMITTENTI PER TELEMETRIA CARDIOTOCOGRAFICA;S;TAF;2007-02-20 00:00:00;
Z1208010480;STRUMENTAZIONE PER TELEMETRIA CARDIOTOCOGRAFICA - COMPONENTI ACCESSORI HARDWARE;S;;2007-02-20 00:00:00;2022-02-22 00:00:00
Z1208010480;STRUMENTAZIONE PER TELEMETRIA CARDIOTOCOGRAFICA  - ACCESSORI HARDWARE;S;;2022-02-23 00:00:00;
Z1208010482;STRUMENTAZIONE PER TELEMETRIA CARDIOTOCOGRAFICA - COMPONENTI ACCESSORI SOFTWARE;S;;2007-02-20 00:00:00;2022-02-22 00:00:00
Z1208010482;STRUMENTAZIONE PER TELEMETRIA CARDIOTOCOGRAFICA  - ACCESSORI SOFTWARE;S;;2022-02-23 00:00:00;
Z1208010485;STRUMENTAZIONE PER TELEMETRIA CARDIOTOCOGRAFICA - MATERIALI SPECIFICI;S;;2007-02-20 00:00:00;
Z1208010492;STRUMENTAZIONE PER TELEMETRIA CARDIOTOCOGRAFICA  - DISPOSITIVI MEDICI SOFTWARE;S;;2022-02-23 00:00:00;
Z1208010499;STRUMENTAZIONE PER TELEMETRIA CARDIOTOCOGRAFICA NON ALTRIMENTI CLASSIFICATA;S;;2007-02-20 00:00:00;2022-02-22 00:00:00
Z1208010499;STRUMENTAZIONE PER TELEMETRIA CARDIOTOCOGRAFICA - ALTRA;S;;2022-02-23 00:00:00;
Z12080105;STIMOLATORI ACUSTICI FETALI;S;SLF;2007-02-20 00:00:00;
Z12080180;STRUMENTAZIONE PER DIAGNOSI PRENATALE - COMPONENTI HARDWARE;S;;2007-02-20 00:00:00;2022-02-22 00:00:00
Z12080180;STRUMENTAZIONE PER DIAGNOSI PRENATALE - ACCESSORI HARDWARE;S;;2022-02-23 00:00:00;
Z12080182;STRUMENTAZIONE PER DIAGNOSI PRENATALE - COMPONENTI SOFTWARE;S;;2007-02-20 00:00:00;2022-02-22 00:00:00
Z12080182;STRUMENTAZIONE PER DIAGNOSI PRENATALE - ACCESSORI SOFTWARE;S;;2022-02-23 00:00:00;
Z12080185;STRUMENTAZIONE PER DIAGNOSI PRENATALE - MATERIALI SPECIFICI;S;;2007-02-20 00:00:00;
Z12080192;STRUMENTAZIONE PER DIAGNOSI PRENATALE - DISPOSITIVI MEDICI SOFTWARE;S;;2022-02-23 00:00:00;
Z12080199;STRUMENTAZIONE PER DIAGNOSI PRENATALE NON ALTRIMENTI CLASSIFICATA;S;;2007-02-20 00:00:00;2022-02-22 00:00:00
Z12080199;STRUMENTAZIONE PER DIAGNOSI PRENATALE - ALTRA;S;;2022-02-23 00:00:00;
Z120802;STRUMENTAZIONE GINECOLOGICA E PER LA CURA DELLA FERTILITA';N;;2007-02-20 00:00:00;
Z12080201;APPARECCHIATURE PER ABLAZIONE ENDOMETRIALE;S;ABE;2007-02-20 00:00:00;
Z12080202;APPARECCHIATURE PER ASPIRAZIONE DELL'OVOCITA;S;ADL;2007-02-20 00:00:00;
Z12080203;ISTEROSUTTORI;S;IST;2007-02-20 00:00:00;
Z12080204;MORCELLATORI;S;MRC;2007-02-20 00:00:00;
Z12080205;TRAPANI LASER PER OVOCITI;S;TSV;2007-02-20 00:00:00;
Z12080280;STRUMENTAZIONE GINECOLOGICA E PER LA CURA DELLA FERTILITA' - COMPONENTI HARDWARE;S;;2007-02-20 00:00:00;2022-02-22 00:00:00
Z12080280;STRUMENTAZIONE GINECOLOGICA E PER LA CURA DELLA FERTILITA' - ACCESSORI HARDWARE;S;;2022-02-23 00:00:00;
Z12080282;STRUMENTAZIONE GINECOLOGICA E PER LA CURA DELLA FERTILITA' - COMPONENTI SOFTWARE;S;;2007-02-20 00:00:00;2022-02-22 00:00:00
Z12080282;STRUMENTAZIONE GINECOLOGICA E PER LA CURA DELLA FERTILITA' - ACCESSORI SOFTWARE;S;;2022-02-23 00:00:00;
Z12080285;STRUMENTAZIONE GINECOLOGICA E PER LA CURA DELLA FERTILITA' - MATERIALI SPECIFICI;S;;2007-02-20 00:00:00;
Z12080292;STRUMENTAZIONE GINECOLOGICA E PER LA CURA DELLA FERTILITA' - DISPOSITIVI MEDICI SOFTWARE;S;;2022-02-23 00:00:00;
Z12080299;STRUMENTAZIONE GINECOLOGICA E PER LA CURA DELLA FERTILITA' NON ALTRIMENTI CLASSIFICATA;S;;2007-02-20 00:00:00;2022-02-22 00:00:00
Z12080299;STRUMENTAZIONE GINECOLOGICA E PER LA CURA DELLA FERTILITA' - ALTRA;S;;2022-02-23 00:00:00;
Z120803;STRUMENTAZIONE DI SUPPORTO AL PARTO E PER L'ASSISTENZA MATERNA;N;;2007-02-20 00:00:00;
Z12080301;ESTRATTORI OSTETRICI A VUOTO;S;EOV;2007-02-20 00:00:00;
Z12080302;LETTI/POLTRONE ELETTRIFICATI DA PARTO;S;LEA;2007-02-20 00:00:00;2022-02-23 00:00:00
Z12080303;MASTOSUTTORI;S;MST;2007-02-20 00:00:00;
Z12080304;MISURATORI VOLUME VESCICALE AD ULTRASUONI;S;MCD;2007-02-20 00:00:00;
Z12080305;VASCHE DA PARTO;S;VAD;2007-02-20 00:00:00;
Z12080380;STRUMENTAZIONE VARIA DI SUPPORTO AL PARTO E PER L'ASSISTENZA MATERNA - COMPONENTI HARDWARE;S;;2007-02-20 00:00:00;2022-02-22 00:00:00
Z12080380;STRUMENTAZIONE VARIA DI SUPPORTO AL PARTO E PER L'ASSISTENZA MATERNA - ACCESSORI HARDWARE;S;;2022-02-23 00:00:00;
Z12080382;STRUMENTAZIONE VARIA DI SUPPORTO AL PARTO E PER L'ASSISTENZA MATERNA - COMPONENTI SOFTWARE;S;;2007-02-20 00:00:00;2022-02-22 00:00:00
Z12080382;STRUMENTAZIONE VARIA DI SUPPORTO AL PARTO E PER L'ASSISTENZA MATERNA - ACCESSORI SOFTWARE;S;;2022-02-23 00:00:00;
Z12080385;STRUMENTAZIONE VARIA DI SUPPORTO AL PARTO E PER L'ASSISTENZA MATERNA - MATERIALI SPECIFICI;S;;2007-02-20 00:00:00;
Z12080392;STRUMENTAZIONE VARIA DI SUPPORTO AL PARTO E PER L'ASSISTENZA MATERNA - DISPOSITIVI MEDICI SOFTWARE;S;;2022-02-23 00:00:00;
Z12080399;STRUMENTAZIONE VARIA DI SUPPORTO AL PARTO E PER L'ASSISTENZA MATERNA NON ALTRIMENTI CLASSIFICATA;S;;2007-02-20 00:00:00;2022-02-22 00:00:00
Z12080399;STRUMENTAZIONE VARIA DI SUPPORTO AL PARTO E PER L'ASSISTENZA MATERNA - ALTRA;S;;2022-02-23 00:00:00;
Z120804;STRUMENTAZIONE PER NEONATOLOGIA;N;;2007-02-20 00:00:00;
Z12080401;APPARECCHIATURE PER FOTOTERAPIA PEDIATRICA;S;FOT;2007-02-20 00:00:00;
Z12080402;BILANCE PESA NEONATI;S;BPN;2007-02-20 00:00:00;
Z12080403;INCUBATRICI NEONATALI;N;INN;2007-02-20 00:00:00;
Z1208040301;INCUBATRICI NEONATALI FISSE;S;INN01;2007-02-20 00:00:00;
Z1208040302;INCUBATRICI NEONATALI DA TRASPORTO;S;INN02;2007-02-20 00:00:00;
Z1208040380;INCUBATRICI NEONATALI - COMPONENTI HARDWARE;S;;2007-02-20 00:00:00;2022-02-22 00:00:00
Z1208040380;INCUBATRICI NEONATALI - ACCESSORI HARDWARE;S;;2022-02-23 00:00:00;
Z1208040382;INCUBATRICI NEONATALI - COMPONENTI SOFTWARE;S;;2007-02-20 00:00:00;2022-02-22 00:00:00
Z1208040382;INCUBATRICI NEONATALI - ACCESSORI SOFTWARE;S;;2022-02-23 00:00:00;
Z1208040385;INCUBATRICI NEONATALI - MATERIALI SPECIFICI;S;;2007-02-20 00:00:00;
Z1208040392;INCUBATRICI NEONATALI -  DISPOSITIVI MEDICI SOFTWARE;S;;2022-02-23 00:00:00;
Z12080404;LAMPADE RAGGI INFRAROSSI PEDIATRICHE;S;LDC;2007-02-20 00:00:00;
Z12080405;LETTI PER RIANIMAZIONE NEONATALE;S;LRI;2007-02-20 00:00:00;
Z12080406;MONITOR PER APNEA;S;MOA;2007-02-20 00:00:00;
Z12080407;RISCALDATORI RADIANTI PER NEONATI;S;RRN;2007-02-20 00:00:00;
Z12080408;STIMOLATORI SUDORE;S;SAR;2007-02-20 00:00:00;
Z12080409;TOPOGRAFI CEREBRALI ALL'INFRAROSSO;S;TAB;2007-02-20 00:00:00;
Z12080410;BILIRUBINOMETRI TRANSCUTANEI ;S;;2016-11-15 00:00:00;
Z12080480;STRUMENTAZIONE PER NEONATOLOGIA - COMPONENTI HARDWARE;S;;2007-02-20 00:00:00;2022-02-22 00:00:00
Z12080480;STRUMENTAZIONE PER NEONATOLOGIA - ACCESSORI HARDWARE;S;;2022-02-23 00:00:00;
Z12080482;STRUMENTAZIONE PER NEONATOLOGIA - COMPONENTI SOFTWARE;S;;2007-02-20 00:00:00;2022-02-22 00:00:00
Z12080482;STRUMENTAZIONE PER NEONATOLOGIA - ACCESSORI SOFTWARE;S;;2022-02-23 00:00:00;
Z12080485;STRUMENTAZIONE PER NEONATOLOGIA - MATERIALI SPECIFICI;S;;2007-02-20 00:00:00;
Z12080492;STRUMENTAZIONE PER NEONATOLOGIA - DISPOSITIVI MEDICI SOFTWARE;S;;2022-02-23 00:00:00;
Z12080499;STRUMENTAZIONE PER NEONATOLOGIA NON ALTRIMENTI CLASSIFICATA;S;;2007-02-20 00:00:00;2022-02-22 00:00:00
Z12080499;STRUMENTAZIONE PER NEONATOLOGIA - ALTRA;S;;2022-02-23 00:00:00;
Z120899;STRUMENTAZIONE PER GINECOLOGIA E MATERNO-INFANTILE NON ALTRIMENTI CLASSIFICATA;S;;2007-02-20 00:00:00;2022-02-22 00:00:00
Z120899;STRUMENTAZIONE PER GINECOLOGIA E MATERNO-INFANTILE - ALTRA;S;;2022-02-23 00:00:00;
Z1209;STRUMENTAZIONE PER NEFROLOGIA ED EMODIALISI;N;;2007-02-20 00:00:00;
Z120901;STRUMENTAZIONE PER DIALISI PERITONEALE;N;;2007-02-20 00:00:00;
Z12090101;APPARECCHIATURE PER DIALISI PERITONEALE;S;DPR;2007-02-20 00:00:00;
Z12090180;STRUMENTAZIONE PER DIALISI PERITONEALE - COMPONENTI ACCESSORI HARDWARE;S;;2007-02-20 00:00:00;2022-02-22 00:00:00
Z12090180;STRUMENTAZIONE PER DIALISI PERITONEALE  - ACCESSORI HARDWARE;S;;2022-02-23 00:00:00;
Z12090182;STRUMENTAZIONE PER DIALISI PERITONEALE - COMPONENTI ACCESSORI SOFTWARE;S;;2007-02-20 00:00:00;2022-02-22 00:00:00
Z12090182;STRUMENTAZIONE PER DIALISI PERITONEALE  - ACCESSORI SOFTWARE;S;;2022-02-23 00:00:00;
Z12090185;STRUMENTAZIONE PER DIALISI PERITONEALE - MATERIALI SPECIFICI;S;;2007-02-20 00:00:00;
Z12090192;STRUMENTAZIONE PER DIALISI PERITONEALE  - DISPOSITIVI MEDICI SOFTWARE;S;;2022-02-23 00:00:00;
Z120902;STRUMENTAZIONE PER EMODIALISI;N;;2007-02-20 00:00:00;
Z12090201;APPARECCHIATURE PER EMODIALISI;S;EMD;2007-02-20 00:00:00;
Z12090280;STRUMENTAZIONE PER EMODIALISI - COMPONENTI ACCESSORI HARDWARE;S;;2007-02-20 00:00:00;2022-02-22 00:00:00
Z12090280;STRUMENTAZIONE PER EMODIALISI  - ACCESSORI HARDWARE;S;;2022-02-23 00:00:00;
Z12090282;STRUMENTAZIONE PER EMODIALISI - COMPONENTI ACCESSORI SOFTWARE;S;;2007-02-20 00:00:00;2022-02-22 00:00:00
Z12090282;STRUMENTAZIONE PER EMODIALISI  - ACCESSORI SOFTWARE;S;;2022-02-23 00:00:00;
Z12090285;STRUMENTAZIONE PER EMODIALISI - MATERIALI SPECIFICI;S;;2007-02-20 00:00:00;
Z12090292;STRUMENTAZIONE PER EMODIALISI  - DISPOSITIVI MEDICI SOFTWARE;S;;2022-02-23 00:00:00;
Z120903;STRUMENTAZIONE PER EMOFILTRAZIONE;N;;2007-02-20 00:00:00;
Z12090301;APPARECCHIATURE PER EMOFILTRAZIONE;S;EMO;2007-02-20 00:00:00;
Z12090380;STRUMENTAZIONE PER EMOFILTRAZIONE - COMPONENTI ACCESSORI HARDWARE;S;;2007-02-20 00:00:00;2022-02-22 00:00:00
Z12090380;STRUMENTAZIONE PER EMOFILTRAZIONE  - ACCESSORI HARDWARE;S;;2022-02-23 00:00:00;
Z12090382;STRUMENTAZIONE PER EMOFILTRAZIONE - COMPONENTI ACCESSORI SOFTWARE;S;;2007-02-20 00:00:00;2022-02-22 00:00:00
Z12090382;STRUMENTAZIONE PER EMOFILTRAZIONE  - ACCESSORI SOFTWARE;S;;2022-02-23 00:00:00;
Z12090385;STRUMENTAZIONE PER EMOFILTRAZIONE - MATERIALI SPECIFICI;S;;2007-02-20 00:00:00;
Z12090392;STRUMENTAZIONE PER EMOFILTRAZIONE  - DISPOSITIVI MEDICI SOFTWARE;S;;2022-02-23 00:00:00;
Z120990;STRUMENTAZIONE VARIA PER NEFROLOGIA ED EMODIALISI;N;;2007-02-20 00:00:00;
Z12099001;ANALIZZATORI DI IMPEDENZA CORPOREA;S;IMP;2007-02-20 00:00:00;
Z12099002;CENTRALI DI MONITORAGGIO TRATTAMENTO DIALITICO;S;CAQ;2007-02-20 00:00:00;
Z12099003;LETTI O POLTRONE A BILANCIA PER DIALISI;S;LBD;2007-02-20 00:00:00;
Z12099004;POMPE PER EPARINA;S;PEP;2007-02-20 00:00:00;
Z12099005;POMPE SANGUE;S;PSA;2007-02-20 00:00:00;
Z12099006;PREPARATORI LIQUIDO DI DIALISI;S;PAD;2007-02-20 00:00:00;
Z12099007;SISTEMI PER TRATTAMENTO ACQUA IN DIALISI;S;PAU;2008-06-30 00:00:00;
Z12099080;STRUMENTAZIONE VARIA PER NEFROLOGIA ED EMODIALISI - COMPONENTI ACCESSORI HARDWARE;S;;2007-02-20 00:00:00;2022-02-22 00:00:00
Z12099080;STRUMENTAZIONE VARIA PER NEFROLOGIA ED EMODIALISI  - ACCESSORI HARDWARE;S;;2022-02-23 00:00:00;
Z12099082;STRUMENTAZIONE VARIA PER NEFROLOGIA ED EMODIALISI - COMPONENTI ACCESSORI SOFTWARE;S;;2007-02-20 00:00:00;2022-02-22 00:00:00
Z12099082;STRUMENTAZIONE VARIA PER NEFROLOGIA ED EMODIALISI  - ACCESSORI SOFTWARE;S;;2022-02-23 00:00:00;
Z12099085;STRUMENTAZIONE VARIA PER NEFROLOGIA ED EMODIALISI - MATERIALI SPECIFICI;S;;2007-02-20 00:00:00;
Z12099092;STRUMENTAZIONE VARIA PER NEFROLOGIA ED EMODIALISI  - DISPOSITIVI MEDICI SOFTWARE;S;;2022-02-23 00:00:00;
Z12099099;STRUMENTAZIONE VARIA PER NEFROLOGIA ED EMODIALISI NON ALTRIMENTI CLASSIFICATA;S;;2007-02-20 00:00:00;2022-02-22 00:00:00
Z12099099;STRUMENTAZIONE VARIA PER NEFROLOGIA ED EMODIALISI - ALTRA;S;;2022-02-23 00:00:00;
Z1210;STRUMENTAZIONE PER NEUROLOGIA E NEUROCHIRURGIA;N;;2007-02-20 00:00:00;
Z121001;GENERATORI DI LESIONI INTRACEREBRALI A RADIOFREQUENZA;S;SEI;2007-02-20 00:00:00;
Z121002;SISTEMI PER IL MONITORAGGIO DEL SISTEMA NERVOSO;S;MNU;2007-02-20 00:00:00;
Z121003;STRUMENTAZIONE PER ELETTROENCEFALOGRAFIA;N;;2007-02-20 00:00:00;
Z12100301;ANALIZZATORI SPETTRALI EEG;S;ASE;2007-02-20 00:00:00;
Z12100302;ELETTROENCEFALOGRAFI;S;EEG;2007-02-20 00:00:00;
Z12100303;SISTEMI PER L'ANALISI E LA GESTIONE DI TRACCIATI EEG;S;AEE;2007-02-20 00:00:00;
Z12100380;STRUMENTAZIONE PER ELETTROENCEFALOGRAFIA - COMPONENTI ACCESSORI HARDWARE;S;;2007-02-20 00:00:00;2022-02-22 00:00:00
Z12100380;STRUMENTAZIONE PER ELETTROENCEFALOGRAFIA  - ACCESSORI HARDWARE;S;;2022-02-23 00:00:00;
Z12100382;STRUMENTAZIONE PER ELETTROENCEFALOGRAFIA - COMPONENTI ACCESSORI SOFTWARE;S;;2007-02-20 00:00:00;2022-02-22 00:00:00
Z12100382;STRUMENTAZIONE PER ELETTROENCEFALOGRAFIA  - ACCESSORI SOFTWARE;S;;2022-02-23 00:00:00;
Z12100385;STRUMENTAZIONE PER ELETTROENCEFALOGRAFIA - MATERIALI SPECIFICI;S;;2007-02-20 00:00:00;
Z12100392;STRUMENTAZIONE PER ELETTROENCEFALOGRAFIA  - DISPOSITIVI MEDICI SOFTWARE;S;;2022-02-23 00:00:00;
Z121004;STRUMENTAZIONE PER ELETTROMIOGRAFIA;N;;2007-02-20 00:00:00;
Z12100401;ELETTROMIOGRAFI;S;EMG;2007-02-20 00:00:00;
Z12100480;STRUMENTAZIONE PER ELETTROMIOGRAFIA - COMPONENTI ACCESSORI HARDWARE;S;;2007-02-20 00:00:00;2022-02-22 00:00:00
Z12100480;STRUMENTAZIONE PER ELETTROMIOGRAFIA  - ACCESSORI HARDWARE;S;;2022-02-23 00:00:00;
Z12100482;STRUMENTAZIONE PER ELETTROMIOGRAFIA - COMPONENTI ACCESSORI SOFTWARE;S;;2007-02-20 00:00:00;2022-02-22 00:00:00
Z12100482;STRUMENTAZIONE PER ELETTROMIOGRAFIA  - ACCESSORI SOFTWARE;S;;2022-02-23 00:00:00;
Z12100485;STRUMENTAZIONE PER ELETTROMIOGRAFIA - MATERIALI SPECIFICI;S;;2007-02-20 00:00:00;
Z12100492;STRUMENTAZIONE PER ELETTROMIOGRAFIA  - DISPOSITIVI MEDICI SOFTWARE;S;;2022-02-23 00:00:00;
Z121005;STRUMENTAZIONE PER POLISONNIGRAFIA;N;;2007-02-20 00:00:00;
Z12100501;POLISONNIGRAFI;S;POS;2007-02-20 00:00:00;
Z12100580;STRUMENTAZIONE PER POLISONNIGRAFIA - COMPONENTI ACCESSORI HARDWARE;S;;2007-02-20 00:00:00;2022-02-22 00:00:00
Z12100580;STRUMENTAZIONE PER POLISONNIGRAFIA  - ACCESSORI HARDWARE;S;;2022-02-23 00:00:00;
Z12100582;STRUMENTAZIONE PER POLISONNIGRAFIA - COMPONENTI ACCESSORI SOFTWARE;S;;2007-02-20 00:00:00;2022-02-22 00:00:00
Z12100582;STRUMENTAZIONE PER POLISONNIGRAFIA  - ACCESSORI SOFTWARE;S;;2022-02-23 00:00:00;
Z12100585;STRUMENTAZIONE PER POLISONNIGRAFIA - MATERIALI SPECIFICI;S;;2007-02-20 00:00:00;
Z12100592;STRUMENTAZIONE PER POLISONNIGRAFIA  - DISPOSITIVI MEDICI SOFTWARE;S;;2022-02-23 00:00:00;
Z121006;STRUMENTAZIONE PER NEUROCHIRURGIA STEREOTASSICA;N;;2007-02-20 00:00:00;
Z12100601;SISTEMI PER NEUROCHIRURGIA STEREOTASSICA;S;SDN;2007-02-20 00:00:00;
Z12100680;STRUMENTAZIONE PER NEUROCHIRURGIA STEREOTASSICA - COMPONENTI ACCESSORI HARDWARE;S;;2007-02-20 00:00:00;2022-02-22 00:00:00
Z12100680;STRUMENTAZIONE PER NEUROCHIRURGIA STEREOTASSICA  - ACCESSORI HARDWARE;S;;2022-02-23 00:00:00;
Z12100682;STRUMENTAZIONE PER NEUROCHIRURGIA STEREOTASSICA - COMPONENTI ACCESSORI SOFTWARE;S;;2007-02-20 00:00:00;2022-02-22 00:00:00
Z12100682;STRUMENTAZIONE PER NEUROCHIRURGIA STEREOTASSICA  - ACCESSORI SOFTWARE;S;;2022-02-23 00:00:00;
Z12100685;STRUMENTAZIONE PER NEUROCHIRURGIA STEREOTASSICA - MATERIALI SPECIFICI;S;;2007-02-20 00:00:00;
Z12100692;STRUMENTAZIONE PER NEUROCHIRURGIA STEREOTASSICA  - DISPOSITIVI MEDICI SOFTWARE;S;;2022-02-23 00:00:00;
Z121007;STRUMENTAZIONE PER TELEMETRIA ELETTROMIOGRAFICA;N;;2007-02-20 00:00:00;
Z12100701;SISTEMI DI TELEMETRIA EMG;S;SLG;2007-02-20 00:00:00;
Z12100702;UNITA` TRASMITTENTI PER TELEMETRIA EMG;S;UTM;2007-02-20 00:00:00;
Z12100703;UNITA` RICEVENTI PER TELEMETRIA EMG;S;TCV;2007-02-20 00:00:00;
Z12100780;STRUMENTAZIONE PER TELEMETRIA ELETTROMIOGRAFICA - COMPONENTI ACCESSORI HARDWARE;S;;2007-02-20 00:00:00;2022-02-22 00:00:00
Z12100780;STRUMENTAZIONE PER TELEMETRIA ELETTROMIOGRAFICA  - ACCESSORI HARDWARE;S;;2022-02-23 00:00:00;
Z12100782;STRUMENTAZIONE PER TELEMETRIA ELETTROMIOGRAFICA - COMPONENTI ACCESSORI SOFTWARE;S;;2007-02-20 00:00:00;2022-02-22 00:00:00
Z12100782;STRUMENTAZIONE PER TELEMETRIA ELETTROMIOGRAFICA  - ACCESSORI SOFTWARE;S;;2022-02-23 00:00:00;
Z12100785;STRUMENTAZIONE PER TELEMETRIA ELETTROMIOGRAFICA - MATERIALI SPECIFICI;S;;2007-02-20 00:00:00;
Z12100792;STRUMENTAZIONE PER TELEMETRIA ELETTROMIOGRAFICA  - DISPOSITIVI MEDICI SOFTWARE;S;;2022-02-23 00:00:00;
Z121008;STRUMENTAZIONE PER TELEMETRIA ELETTROENCEFALOGRAFICA;N;;2007-02-20 00:00:00;
Z12100801;SISTEMI DI TELEMETRIA EEG;S;SLR;2007-02-20 00:00:00;
Z12100802;UNITA` TRASMITTENTI PER TELEMETRIA EEG;S;UTG;2007-02-20 00:00:00;
Z12100803;UNITA` RICEVENTI PER TELEMETRIA EEG;S;TEN;2007-02-20 00:00:00;
Z12100880;STRUMENTAZIONE PER TELEMETRIA ELETTROENCEFALOGRAFICA - COMPONENTI ACCESSORI HARDWARE;S;;2007-02-20 00:00:00;2022-02-22 00:00:00
Z12100880;STRUMENTAZIONE PER TELEMETRIA ELETTROENCEFALOGRAFICA  - ACCESSORI HARDWARE;S;;2022-02-23 00:00:00;
Z12100882;STRUMENTAZIONE PER TELEMETRIA ELETTROENCEFALOGRAFICA - COMPONENTI ACCESSORI SOFTWARE;S;;2007-02-20 00:00:00;2022-02-22 00:00:00
Z12100882;STRUMENTAZIONE PER TELEMETRIA ELETTROENCEFALOGRAFICA  - ACCESSORI SOFTWARE;S;;2022-02-23 00:00:00;
Z12100885;STRUMENTAZIONE PER TELEMETRIA ELETTROENCEFALOGRAFICA - MATERIALI SPECIFICI;S;;2007-02-20 00:00:00;
Z12100892;STRUMENTAZIONE PER TELEMETRIA ELETTROENCEFALOGRAFICA  - DISPOSITIVI MEDICI SOFTWARE;S;;2022-02-23 00:00:00;
Z121009;STRUMENTAZIONE PER SISTEMA MOTORIZZATO PER NEUROCHIRURGIA;N;;2007-02-20 00:00:00;
Z12100901;SISTEMI MOTORIZZATI PER NEUROCHIRURGIA;S;SIH;2007-02-20 00:00:00;
Z12100902;TRAPANI PER NEUROCHIRURGIA;S;TNE;2007-02-20 00:00:00;
Z12100980;STRUMENTAZIONE PER SISTEMA MOTORIZZATO PER NEUROCHIRURGIA - COMPONENTI ACCESSORI HARDWARE;S;;2007-02-20 00:00:00;2022-02-22 00:00:00
Z12100980;STRUMENTAZIONE PER SISTEMA MOTORIZZATO PER NEUROCHIRURGIA  - ACCESSORI HARDWARE;S;;2022-02-23 00:00:00;
Z12100982;STRUMENTAZIONE PER SISTEMA MOTORIZZATO PER NEUROCHIRURGIA - COMPONENTI ACCESSORI SOFTWARE;S;;2007-02-20 00:00:00;2022-02-22 00:00:00
Z12100982;STRUMENTAZIONE PER SISTEMA MOTORIZZATO PER NEUROCHIRURGIA  - ACCESSORI SOFTWARE;S;;2022-02-23 00:00:00;
Z12100985;STRUMENTAZIONE PER SISTEMA MOTORIZZATO PER NEUROCHIRURGIA - MATERIALI SPECIFICI;S;;2007-02-20 00:00:00;
Z12100992;STRUMENTAZIONE PER SISTEMA MOTORIZZATO PER NEUROCHIRURGIA  - DISPOSITIVI MEDICI SOFTWARE;S;;2022-02-23 00:00:00;
Z121010;STRUMENTAZIONE PER SISTEMI HOLTER ELETTROENCEFALOGRAFICI;N;;2007-02-20 00:00:00;
Z12101001;SISTEMI HOLTER ELETTROENCEFALOGRAFICI;S;SHO;2007-02-20 00:00:00;
Z12101002;LETTORI HOLTER EEG;S;LEH;2007-02-20 00:00:00;
Z12101003;REGISTRATORI HOLTER EEG;S;RHE;2007-02-20 00:00:00;
Z12101080;STRUMENTAZIONE PER SISTEMI HOLTER EEG - COMPONENTI ACCESSORI HARDWARE;S;;2007-02-20 00:00:00;2022-02-22 00:00:00
Z12101080;STRUMENTAZIONE PER SISTEMI HOLTER EEG  - ACCESSORI HARDWARE;S;;2022-02-23 00:00:00;
Z12101082;STRUMENTAZIONE PER SISTEMI HOLTER EEG - COMPONENTI ACCESSORI SOFTWARE;S;;2007-02-20 00:00:00;2022-02-22 00:00:00
Z12101082;STRUMENTAZIONE PER SISTEMI HOLTER EEG  - ACCESSORI SOFTWARE;S;;2022-02-23 00:00:00;
Z12101085;STRUMENTAZIONE PER SISTEMI HOLTER EEG - MATERIALI SPECIFICI;S;;2007-02-20 00:00:00;
Z12101092;STRUMENTAZIONE PER SISTEMI HOLTER EEG  - DISPOSITIVI MEDICI SOFTWARE;S;;2022-02-23 00:00:00;
Z121011;STRUMENTAZIONE PER STIMOLAZIONE E VALUTAZIONE NEUROLOGICA PERIFERICA O CENTRALE;N;;2007-02-20 00:00:00;
Z12101101;APPARECCHIATURE PER L'ANALISI DEI POTENZIALI EVOCATI SOMATOSENSORIALI;S;PEI;2007-02-20 00:00:00;
Z12101102;SISTEMI PER POSIZIONAMENTO ELETTRODI DI STIMOLAZIONE CEREBRALE;S;PSC;2007-02-20 00:00:00;
Z12101103;SISTEMI INTEGRATI PER L'ANALISI DEI POTENZIALI EVOCATI SOMATOSENSORIALI;S;PCG;2007-02-20 00:00:00;
Z12101104;SISTEMI PER MAPPE CEREBRALI;S;MAC;2007-02-20 00:00:00;
Z12101105;STIMOLATORI MAGNETICI;S;SMN;2007-02-20 00:00:00;
Z12101106;STIMOLATORI NEUROLOGICI;S;SNE;2007-02-20 00:00:00;
Z12101180;STRUMENTAZIONE PER STIMOLAZIONE NEUROLOGICA PERIFERICA O CENTRALE - COMPONENTI ACCESSORI HARDWARE;S;;2007-02-20 00:00:00;2022-02-22 00:00:00
Z12101180;STRUMENTAZIONE PER STIMOLAZIONE E VALUTAZIONE NEUROLOGICA PERIFERICA O CENTRALE  - ACCESSORI HARDWARE;S;;2022-02-23 00:00:00;
Z12101182;STRUMENTAZIONE PER STIMOLAZIONE NEUROLOGICA PERIFERICA O CENTRALE - COMPONENTI ACCESSORI SOFTWARE;S;;2007-02-20 00:00:00;2022-02-22 00:00:00
Z12101182;STRUMENTAZIONE PER STIMOLAZIONE E VALUTAZIONE NEUROLOGICA PERIFERICA O CENTRALE  - ACCESSORI SOFTWARE;S;;2022-02-23 00:00:00;
Z12101185;STRUMENTAZIONE PER STIMOLAZIONE NEUROLOGICA PERIFERICA O CENTRALE - MATERIALI SPECIFICI;S;;2007-02-20 00:00:00;2022-02-22 00:00:00
Z12101185;STRUMENTAZIONE PER STIMOLAZIONE E VALUTAZIONE NEUROLOGICA PERIFERICA O CENTRALE - MATERIALI SPECIFICI;S;;2022-02-23 00:00:00;
Z12101192;STRUMENTAZIONE PER STIMOLAZIONE E VALUTAZIONE NEUROLOGICA PERIFERICA O CENTRALE  - DISPOSITIVI MEDICI SOFTWARE;S;;2022-02-23 00:00:00;
Z12101199;STRUMENTAZIONE PER STIMOLAZIONE NEUROLOGICA PERIFERICA O CENTRALE NON ALTRIMENTI CLASSIFICATA;S;;2007-02-20 00:00:00;2022-02-22 00:00:00
Z12101199;STRUMENTAZIONE PER STIMOLAZIONE E VALUTAZIONE NEUROLOGICA PERIFERICA O CENTRALE - ALTRA;S;;2022-02-23 00:00:00;
Z121090;STRUMENTAZIONE VARIA PER NEUROLOGIA E NEUROCHIRURGIA;N;;2007-02-20 00:00:00;
Z12109001;APPARECCHIATURE PER DISTACCO SPIRALI PER ANEURISMI CEREBRALI;S;SEH;2007-02-20 00:00:00;
Z12109002;APPARECCHIATURE PER TERAPIA ELETTROCONVULSIVA (ECT);S;TEC;2007-02-20 00:00:00;
Z12109003;MISURATORI DI PRESSIONE DEL FLUIDO CEREBRO-SPINALE;S;MPS;2007-02-20 00:00:00;
Z12109004;MISURATORI SOGLIA PERCETTIVA DELLE VIBRAZIONI (VIBROMETRO);S;VBM;2007-02-20 00:00:00;
Z12109005;MISURATORI TEMPI DI REAZIONE;S;MTE;2007-02-20 00:00:00;
Z12109006;SISTEMI PER MONITORAGGIO TESSUTO CEREBRALE;S;MBP;2007-02-20 00:00:00;
Z12109007;SISTEMI PER TEST PSICOMETRICI;S;TCM;2007-02-20 00:00:00;
Z12109080;STRUMENTAZIONE VARIA PER NEUROLOGIA E NEUROCHIRURGIA - COMPONENTI ACCESSORI HARDWARE;S;;2007-02-20 00:00:00;2022-02-22 00:00:00
Z12109080;STRUMENTAZIONE VARIA PER NEUROLOGIA E NEUROCHIRURGIA  - ACCESSORI HARDWARE;S;;2022-02-23 00:00:00;
Z12109082;STRUMENTAZIONE VARIA PER NEUROLOGIA E NEUROCHIRURGIA - COMPONENTI ACCESSORI SOFTWARE;S;;2007-02-20 00:00:00;2022-02-22 00:00:00
Z12109082;STRUMENTAZIONE VARIA PER NEUROLOGIA E NEUROCHIRURGIA  - ACCESSORI SOFTWARE;S;;2022-02-23 00:00:00;
Z12109085;STRUMENTAZIONE VARIA PER NEUROLOGIA E NEUROCHIRURGIA - MATERIALI SPECIFICI;S;;2007-02-20 00:00:00;
Z12109092;STRUMENTAZIONE VARIA PER NEUROLOGIA E NEUROCHIRURGIA  - DISPOSITIVI MEDICI SOFTWARE;S;;2022-02-23 00:00:00;
Z12109099;STRUMENTAZIONE VARIA PER NEUROLOGIA E NEUROCHIRURGIA NON ALTRIMENTI CLASSIFICATA;S;;2007-02-20 00:00:00;2022-02-22 00:00:00
Z12109099;STRUMENTAZIONE VARIA PER NEUROLOGIA E NEUROCHIRURGIA - ALTRA;S;;2022-02-23 00:00:00;
Z1211;STRUMENTAZIONE PER ODONTOSTOMATOLOGIA;N;;2007-02-20 00:00:00;
Z121101;STRUMENTAZIONE PER RIUNITO DENTISTICO;N;;2007-02-20 00:00:00;
Z12110101;RIUNITI DENTISTICI;S;RDE;2007-02-20 00:00:00;
Z12110102;TRAPANI DA DENTISTA;S;TDE;2007-02-20 00:00:00;
Z12110180;STRUMENTAZIONE PER RIUNITO DENTISTICO - COMPONENTI ACCESSORI HARDWARE;S;;2007-02-20 00:00:00;2022-02-22 00:00:00
Z12110180;STRUMENTAZIONE PER RIUNITO DENTISTICO  - ACCESSORI HARDWARE;S;;2022-02-23 00:00:00;
Z12110182;STRUMENTAZIONE PER RIUNITO DENTISTICO - COMPONENTI ACCESSORI SOFTWARE;S;;2007-02-20 00:00:00;2022-02-22 00:00:00
Z12110182;STRUMENTAZIONE PER RIUNITO DENTISTICO  - ACCESSORI SOFTWARE;S;;2022-02-23 00:00:00;
Z12110185;STRUMENTAZIONE PER RIUNITO DENTISTICO - MATERIALI SPECIFICI;S;;2007-02-20 00:00:00;
Z12110192;STRUMENTAZIONE PER RIUNITO DENTISTICO  - DISPOSITIVI MEDICI SOFTWARE;S;;2022-02-23 00:00:00;
Z12110199;STRUMENTAZIONE PER RIUNITO DENTISTICO NON ALTRIMENTI CLASSIFICATA;S;;2007-02-20 00:00:00;2022-02-22 00:00:00
Z12110199;STRUMENTAZIONE PER RIUNITO DENTISTICO - ALTRA;S;;2022-02-23 00:00:00;
Z121190;STRUMENTAZIONE VARIA PER ODONTOSTOMATOLOGIA;N;;2007-02-20 00:00:00;
Z12119001;ABLATORI TARTARO;S;ATA;2007-02-20 00:00:00;
Z12119002;AMALGAMATORI;S;AMA;2007-02-20 00:00:00;
Z12119003;APPARECCHIATURE DENTALI A LUCE FREDDA;S;ALF;2007-02-20 00:00:00;
Z12119004;APPARECCHIATURE PER DIAGNOSI MALATTIE PARADONTALI;S;DMP;2007-02-20 00:00:00;
Z12119005;APPARECCHIATURE PER LA VALUTAZIONE DELLA VITALITA' PULPARE;S;AEU;2007-02-20 00:00:00;
Z12119006;APPARECCHIATURE PER LAVAGGIO DEI MANIPOLI;S;LMD;2007-02-20 00:00:00;
Z12119007;APPARECCHIATURE PER PROFILASSI DENTALE;S;PAE;2007-02-20 00:00:00;
Z12119008;COMPATTATORI PER ENDODONZIA;S;COA;2007-02-20 00:00:00;
Z12119009;LOCALIZZATORI DI FORAME APICALE;S;LAP;2007-02-20 00:00:00;
Z12119080;STRUMENTAZIONE VARIA PER ODONTOSTOMATOLOGIA - COMPONENTI ACCESSORI HARDWARE;S;;2007-02-20 00:00:00;2022-02-22 00:00:00
Z12119080;STRUMENTAZIONE VARIA PER ODONTOSTOMATOLOGIA  - ACCESSORI HARDWARE;S;;2022-02-23 00:00:00;
Z12119082;STRUMENTAZIONE VARIA PER ODONTOSTOMATOLOGIA - COMPONENTI ACCESSORI SOFTWARE;S;;2007-02-20 00:00:00;2022-02-22 00:00:00
Z12119082;STRUMENTAZIONE VARIA PER ODONTOSTOMATOLOGIA  - ACCESSORI SOFTWARE;S;;2022-02-23 00:00:00;
Z12119085;STRUMENTAZIONE VARIA PER ODONTOSTOMATOLOGIA - MATERIALI SPECIFICI;S;;2007-02-20 00:00:00;
Z12119092;STRUMENTAZIONE VARIA PER ODONTOSTOMATOLOGIA  - DISPOSITIVI MEDICI SOFTWARE;S;;2022-02-23 00:00:00;
Z12119099;STRUMENTAZIONE VARIA PER ODONTOSTOMATOLOGIA NON ALTRIMENTI CLASSIFICATA;S;;2007-02-20 00:00:00;2022-02-22 00:00:00
Z12119099;STRUMENTAZIONE VARIA PER ODONTOSTOMATOLOGIA - ALTRA;S;;2022-02-23 00:00:00;
Z1212;STRUMENTAZIONE PER OFTALMOLOGIA;N;;2007-02-20 00:00:00;
Z121201;STRUMENTAZIONE PER VALUTAZIONE E DIAGNOSI IN OFTALMOLOGIA;N;;2007-02-20 00:00:00;
Z12120101;APPARECCHIATURE PER POLARIMETRIA LASER;S;PEH;2007-02-20 00:00:00;
Z12120102;BIOMETRI OTTICI COMPUTERIZZATI;S;BOC;2007-02-20 00:00:00;
Z12120103;ELETTRORETINOGRAFI;S;ERG;2007-02-20 00:00:00;
Z12120104;ESOFTALMOMETRI;S;ESM;2007-02-20 00:00:00;
Z12120105;FLUORANGIOGRAFI;S;FAN;2007-02-20 00:00:00;
Z12120106;FLUOROFOTOMETRI;S;FLR;2007-02-20 00:00:00;
Z12120107;FOTOCHERATOSCOPI;S;FCS;2007-02-20 00:00:00;
Z12120108;LAMPADE A FESSURA;S;LFE;2007-02-20 00:00:00;
Z12120109;LAMPADE PER SCHIASCOPIA;S;VLS;2007-02-20 00:00:00;
Z12120110;MICROSCOPI SPECULARI;S;MSS;2007-02-20 00:00:00;
Z12120111;MONITOR PER MOVIMENTO OCULARE;S;MMO;2007-02-20 00:00:00;
Z12120112;OCCHIALI PER NISTAGMO;S;ONI;2007-02-20 00:00:00;
Z12120113;OFTALMOMETRI;S;OFM;2007-02-20 00:00:00;
Z12120114;OFTALMOSCOPI;S;OFS;2007-02-20 00:00:00;
Z12120115;OPTOMETRI;S;OPM;2007-02-20 00:00:00;
Z12120116;PACHIMETRI;S;PAH;2007-02-20 00:00:00;
Z12120117;REGOLATORI DELLA PRESSIONE INTRAOCULARE;S;RPI;2007-02-20 00:00:00;
Z12120118;RETINOSCOPI;S;RTS;2007-02-20 00:00:00;
Z12120119;RIUNITI OFTALMOLOGICI;S;RIU;2007-02-20 00:00:00;
Z12120120;STRUMENTAZIONE PER LA VALUTAZIONE DI FUNZIONALITA' VISIVA;N;;2007-02-20 00:00:00;
Z1212012001;APPARECCHIATURE PER VALUTAZIONE FUNZIONALE VISIVA;S;VFV;2007-02-20 00:00:00;
Z1212012002;ADATTOMETRI;S;ADM;2007-02-20 00:00:00;
Z1212012003;ANALIZZATORI VISIONE PERIFERICA;S;AVP;2007-02-20 00:00:00;
Z1212012004;SCHERMI DI HESS;S;SHL;2007-02-20 00:00:00;
Z1212012005;ANOMALOSCOPI;S;;2022-02-23 00:00:00;
Z1212012080;STRUMENTAZIONE PER LA VALUTAZIONE DI FUNZIONALITA' VISIVA - COMPONENTI ACCESSORI HARDWARE;S;;2007-02-20 00:00:00;2022-02-22 00:00:00
Z1212012080;STRUMENTAZIONE PER LA VALUTAZIONE DI FUNZIONALITA' VISIVA  - ACCESSORI HARDWARE;S;;2022-02-23 00:00:00;
Z1212012082;STRUMENTAZIONE PER LA VALUTAZIONE DI FUNZIONALITA' VISIVA - COMPONENTI ACCESSORI SOFTWARE;S;;2007-02-20 00:00:00;2022-02-22 00:00:00
Z1212012082;STRUMENTAZIONE PER LA VALUTAZIONE DI FUNZIONALITA' VISIVA  - ACCESSORI SOFTWARE;S;;2022-02-23 00:00:00;
Z1212012085;STRUMENTAZIONE PER LA VALUTAZIONE DI FUNZIONALITA' VISIVA - MATERIALI SPECIFICI;S;;2007-02-20 00:00:00;
Z1212012092;STRUMENTAZIONE PER LA VALUTAZIONE DI FUNZIONALITA' VISIVA  - DISPOSITIVI MEDICI SOFTWARE;S;;2022-02-23 00:00:00;
Z1212012099;STRUMENTAZIONE PER LA VALUTAZIONE DI FUNZIONALITA' VISIVA NON ALTRIMENTI CLASSIFICATA;S;;2007-02-20 00:00:00;2022-02-22 00:00:00
Z1212012099;STRUMENTAZIONE PER LA VALUTAZIONE DI FUNZIONALITA' VISIVA - ALTRA;S;;2022-02-23 00:00:00;
Z12120121;TOMOGRAFI A COERENZA OTTICA;S;TOF;2007-02-20 00:00:00;
Z12120122;TONOMETRI;S;TOM;2007-02-20 00:00:00;
Z12120123;TOPOGRAFI CORNEALI COMPUTERIZZATI;S;TCC;2007-02-20 00:00:00;
Z12120124;VIDEO/ELETTRONISTAGMOGRAFI;S;ENG;2007-02-20 00:00:00;
Z12120125;PUPILLOMETRI;S;;2022-02-23 00:00:00;
Z12120180;STRUMENTAZIONE PER VALUTAZIONE E DIAGNOSI IN OFTALMOLOGIA - COMPONENTI ACCESSORI HARDWARE;S;;2007-02-20 00:00:00;2022-02-22 00:00:00
Z12120180;STRUMENTAZIONE PER VALUTAZIONE E DIAGNOSI IN OFTALMOLOGIA  - ACCESSORI HARDWARE;S;;2022-02-23 00:00:00;
Z12120182;STRUMENTAZIONE PER VALUTAZIONE E DIAGNOSI IN OFTALMOLOGIA - COMPONENTI ACCESSORI SOFTWARE;S;;2007-02-20 00:00:00;2022-02-22 00:00:00
Z12120182;STRUMENTAZIONE PER VALUTAZIONE E DIAGNOSI IN OFTALMOLOGIA  - ACCESSORI SOFTWARE;S;;2022-02-23 00:00:00;
Z12120185;STRUMENTAZIONE PER VALUTAZIONE E DIAGNOSI IN OFTALMOLOGIA - MATERIALI SPECIFICI;S;;2007-02-20 00:00:00;
Z12120192;STRUMENTAZIONE PER VALUTAZIONE E DIAGNOSI IN OFTALMOLOGIA  - DISPOSITIVI MEDICI SOFTWARE;S;;2022-02-23 00:00:00;
Z12120199;STRUMENTAZIONE PER VALUTAZIONE E DIAGNOSI IN OFTALMOLOGIA NON ALTRIMENTI CLASSIFICATA;S;;2007-02-20 00:00:00;2022-02-22 00:00:00
Z12120199;STRUMENTAZIONE PER VALUTAZIONE E DIAGNOSI IN OFTALMOLOGIA - ALTRA;S;;2022-02-23 00:00:00;
Z121202;STRUMENTAZIONE PER TRATTAMENTI TERAPEUTICI E CHIRURGICI IN OFTALMOLOGIA;N;;2007-02-20 00:00:00;
Z12120201;ALLENATORI DI CONVERGENZA;S;ALC;2007-02-20 00:00:00;
Z12120202;FOTOCOAGULATORI LASER;S;FLA;2007-02-20 00:00:00;
Z12120203;FRESE CORNEALI;S;FSR;2007-02-20 00:00:00;
Z12120204;SINOTTOFORI;S;SNT;2007-02-20 00:00:00;
Z12120205;STRUMENTAZIONE PER MICROCHERATOMIA;N;;2007-02-20 00:00:00;
Z1212020501;MICROCHERATOMI LASER;S;MCH;2007-02-20 00:00:00;
Z1212020502;MICROCHERATOMI A MICROLAME;S;MHA;2007-02-20 00:00:00;
Z1212020580;STRUMENTAZIONE PER MICROCHERATOMIA - COMPONENTI ACCESSORI HARDWARE;S;;2007-02-20 00:00:00;2022-02-22 00:00:00
Z1212020580;STRUMENTAZIONE PER MICROCHERATOMIA  - ACCESSORI HARDWARE;S;;2022-02-23 00:00:00;
Z1212020582;STRUMENTAZIONE PER MICROCHERATOMIA - COMPONENTI ACCESSORI SOFTWARE;S;;2007-02-20 00:00:00;2022-02-22 00:00:00
Z1212020582;STRUMENTAZIONE PER MICROCHERATOMIA  - ACCESSORI SOFTWARE;S;;2022-02-23 00:00:00;
Z1212020585;STRUMENTAZIONE PER MICROCHERATOMIA - MATERIALI SPECIFICI;S;;2007-02-20 00:00:00;
Z1212020592;STRUMENTAZIONE PER MICROCHERATOMIA  - DISPOSITIVI MEDICI SOFTWARE;S;;2022-02-23 00:00:00;
Z1212020599;STRUMENTAZIONE PER MICROCHERATOMIA NON ALTRIMENTI CLASSIFICATA;S;;2007-02-20 00:00:00;2022-02-22 00:00:00
Z1212020599;STRUMENTAZIONE PER MICROCHERATOMIA - ALTRA;S;;2022-02-23 00:00:00;
Z12120206;STRUMENTAZIONE PER ELETTROCHIRURGIA OFTALMICA;N;;2007-02-20 00:00:00;
Z1212020601;APPARECCHIATURE PER ELETTROCHIRURGIA OFTALMICA;S;DOF;2007-02-20 00:00:00;
Z1212020602;MICRODIATERMOCOAGULATORI OFTALMICI;S;MRO;2007-02-20 00:00:00;
Z1212020680;STRUMENTAZIONE PER ELETTROCHIRURGIA OFTALMICA - COMPONENTI ACCESSORI HARDWARE;S;;2007-02-20 00:00:00;2022-02-22 00:00:00
Z1212020680;STRUMENTAZIONE PER ELETTROCHIRURGIA OFTALMICA  - ACCESSORI HARDWARE;S;;2022-02-23 00:00:00;
Z1212020682;STRUMENTAZIONE PER ELETTROCHIRURGIA OFTALMICA - COMPONENTI ACCESSORI SOFTWARE;S;;2007-02-20 00:00:00;2022-02-22 00:00:00
Z1212020682;STRUMENTAZIONE PER ELETTROCHIRURGIA OFTALMICA  - ACCESSORI SOFTWARE;S;;2022-02-23 00:00:00;
Z1212020685;STRUMENTAZIONE PER ELETTROCHIRURGIA OFTALMICA - MATERIALI SPECIFICI;S;;2007-02-20 00:00:00;
Z1212020692;STRUMENTAZIONE PER ELETTROCHIRURGIA OFTALMICA  - DISPOSITIVI MEDICI SOFTWARE;S;;2022-02-23 00:00:00;
Z1212020699;STRUMENTAZIONE PER ELETTROCHIRURGIA OFTALMICA NON ALTRIMENTI CLASSIFICATA;S;;2007-02-20 00:00:00;2022-02-22 00:00:00
Z1212020699;STRUMENTAZIONE PER ELETTROCHIRURGIA OFTALMICA - ALTRA;S;;2022-02-23 00:00:00;
Z12120207;STRUMENTAZIONE PER FACO-VITRECTOMIA;N;;2007-02-20 00:00:00;
Z1212020701;FACOEMULSIFICATORI;S;FAC;2007-02-20 00:00:00;
Z1212020702;SISTEMI PER FACO-VITRECTOMIA;S;SDO;2007-02-20 00:00:00;
Z1212020703;VITRECTOMI;S;VTC;2007-02-20 00:00:00;
Z1212020780;STRUMENTAZIONE PER FACO-VITRECTOMIA - COMPONENTI ACCESSORI HARDWARE;S;;2007-02-20 00:00:00;2022-02-22 00:00:00
Z1212020780;STRUMENTAZIONE PER FACO-VITRECTOMIA  - ACCESSORI HARDWARE;S;;2022-02-23 00:00:00;
Z1212020782;STRUMENTAZIONE PER FACO-VITRECTOMIA - COMPONENTI ACCESSORI SOFTWARE;S;;2007-02-20 00:00:00;2022-02-22 00:00:00
Z1212020782;STRUMENTAZIONE PER FACO-VITRECTOMIA  - ACCESSORI SOFTWARE;S;;2022-02-23 00:00:00;
Z1212020785;STRUMENTAZIONE PER FACO-VITRECTOMIA - MATERIALI SPECIFICI;S;;2007-02-20 00:00:00;
Z1212020792;STRUMENTAZIONE PER FACO-VITRECTOMIA  - DISPOSITIVI MEDICI SOFTWARE;S;;2022-02-23 00:00:00;
Z1212020799;STRUMENTAZIONE PER FACO-VITRECTOMIA NON ALTRIMENTI CLASSIFICATA;S;;2007-02-20 00:00:00;2022-02-22 00:00:00
Z1212020799;STRUMENTAZIONE PER FACO-VITRECTOMIA - ALTRA;S;;2022-02-23 00:00:00;
Z12120208;TRAPANI CORNEALI;S;TCN;2007-02-20 00:00:00;
Z12120280;STRUMENTAZIONE PER TRATTAMENTI TERAPEUTICI E CHIRURGICI IN OFTALMOLOGIA - COMPONENTI ACCESSORI HARDWARE;S;;2007-02-20 00:00:00;2022-02-22 00:00:00
Z12120280;STRUMENTAZIONE PER TRATTAMENTI TERAPEUTICI E CHIRURGICI IN OFTALMOLOGIA  - ACCESSORI HARDWARE;S;;2022-02-23 00:00:00;
Z12120282;STRUMENTAZIONE PER TRATTAMENTI TERAPEUTICI E CHIRURGICI IN OFTALMOLOGIA - COMPONENTI ACCESSORI SOFTWARE;S;;2007-02-20 00:00:00;2022-02-22 00:00:00
Z12120282;STRUMENTAZIONE PER TRATTAMENTI TERAPEUTICI E CHIRURGICI IN OFTALMOLOGIA  - ACCESSORI SOFTWARE;S;;2022-02-23 00:00:00;
Z12120285;STRUMENTAZIONE PER TRATTAMENTI TERAPEUTICI E CHIRURGICI IN OFTALMOLOGIA - MATERIALI SPECIFICI;S;;2007-02-20 00:00:00;
Z12120292;STRUMENTAZIONE PER TRATTAMENTI TERAPEUTICI E CHIRURGICI IN OFTALMOLOGIA  - DISPOSITIVI MEDICI SOFTWARE;S;;2022-02-23 00:00:00;
Z12120299;STRUMENTAZIONE PER TRATTAMENTI TERAPEUTICI E CHIRURGICI IN OFTALMOLOGIA NON ALTRIMENTI CLASSIFICATA;S;;2007-02-20 00:00:00;2022-02-22 00:00:00
Z12120299;STRUMENTAZIONE PER TRATTAMENTI TERAPEUTICI E CHIRURGICI IN OFTALMOLOGIA - ALTRA;S;;2022-02-23 00:00:00;
Z121290;STRUMENTAZIONE VARIA PER OFTALMOLOGIA;N;;2007-02-20 00:00:00;
Z12129001;TAVOLI PORTA-STRUMENTI OFTALMOLOGICI;S;TAR;2007-02-20 00:00:00;
Z12129080;STRUMENTAZIONE VARIA PER OFTALMOLOGIA - COMPONENTI ACCESSORI HARDWARE;S;;2007-02-20 00:00:00;2022-02-22 00:00:00
Z12129080;STRUMENTAZIONE VARIA PER OFTALMOLOGIA  - ACCESSORI HARDWARE;S;;2022-02-23 00:00:00;
Z12129082;STRUMENTAZIONE VARIA PER OFTALMOLOGIA - COMPONENTI ACCESSORI SOFTWARE;S;;2007-02-20 00:00:00;2022-02-22 00:00:00
Z12129082;STRUMENTAZIONE VARIA PER OFTALMOLOGIA  - ACCESSORI SOFTWARE;S;;2022-02-23 00:00:00;
Z12129085;STRUMENTAZIONE VARIA PER OFTALMOLOGIA - MATERIALI SPECIFICI;S;;2007-02-20 00:00:00;
Z12129092;STRUMENTAZIONE VARIA PER OFTALMOLOGIA  - DISPOSITIVI MEDICI SOFTWARE;S;;2022-02-23 00:00:00;
Z12129099;STRUMENTAZIONE VARIA PER OFTALMOLOGIA NON ALTRIMENTI CLASSIFICATA;S;;2007-02-20 00:00:00;2022-02-22 00:00:00
Z12129099;STRUMENTAZIONE VARIA PER OFTALMOLOGIA - ALTRA;S;;2022-02-23 00:00:00;
Z1213;STRUMENTAZIONE PER ORTOPEDIA;N;;2007-02-20 00:00:00;
Z121301;APPARECCHIATURE PER DISCECTOMIA PERCUTANEA;S;AHI;2007-02-20 00:00:00;
Z121302;STRUMENTAZIONE PER TRAZIONI ORTOPEDICHE;N;;2007-02-20 00:00:00;
Z12130201;LETTI PER TRAZIONI;S;LTR;2007-02-20 00:00:00;
Z12130202;SISTEMI PER TRAZIONI;S;SMR;2007-02-20 00:00:00;
Z12130280;STRUMENTAZIONE PER TRAZIONI ORTOPEDICHE - COMPONENTI HARDWARE;S;;2007-02-20 00:00:00;2022-02-22 00:00:00
Z12130280;STRUMENTAZIONE PER TRAZIONI ORTOPEDICHE - ACCESSORI HARDWARE;S;;2022-02-23 00:00:00;
Z12130282;STRUMENTAZIONE PER TRAZIONI ORTOPEDICHE - COMPONENTI SOFTWARE;S;;2007-02-20 00:00:00;2022-02-22 00:00:00
Z12130282;STRUMENTAZIONE PER TRAZIONI ORTOPEDICHE - ACCESSORI SOFTWARE;S;;2022-02-23 00:00:00;
Z12130285;STRUMENTAZIONE PER TRAZIONI ORTOPEDICHE - MATERIALI SPECIFICI;S;;2007-02-20 00:00:00;
Z12130292;STRUMENTAZIONE PER TRAZIONI ORTOPEDICHE - DISPOSITIVI MEDICI SOFTWARE;S;;2022-02-23 00:00:00;
Z121303;STRUMENTAZIONE PER LA STIMOLAZIONE DELLA CRESCITA OSSEA;N;;2007-02-20 00:00:00;
Z12130301;STIMOLATORI DELLA CRESCITA OSSEA;S;SCO;2007-02-20 00:00:00;
Z12130380;STRUMENTAZIONE PER LA STIMOLAZIONE DELLA CRESCITA OSSEA - COMPONENTI HARDWARE;S;;2007-02-20 00:00:00;2022-02-22 00:00:00
Z12130380;STRUMENTAZIONE PER LA STIMOLAZIONE DELLA CRESCITA OSSEA - ACCESSORI HARDWARE;S;;2022-02-23 00:00:00;
Z12130382;STRUMENTAZIONE PER LA STIMOLAZIONE DELLA CRESCITA OSSEA - COMPONENTI SOFTWARE;S;;2007-02-20 00:00:00;2022-02-22 00:00:00
Z12130382;STRUMENTAZIONE PER LA STIMOLAZIONE DELLA CRESCITA OSSEA - ACCESSORI SOFTWARE;S;;2022-02-23 00:00:00;
Z12130385;STRUMENTAZIONE PER LA STIMOLAZIONE DELLA CRESCITA OSSEA - MATERIALI SPECIFICI;S;;2007-02-20 00:00:00;
Z12130392;STRUMENTAZIONE PER LA STIMOLAZIONE DELLA CRESCITA OSSEA - DISPOSITIVI MEDICI SOFTWARE;S;;2022-02-23 00:00:00;
Z121304;STRUMENTAZIONE PER CHIRURGIA ORTOPEDICA STEREOTASSICA;N;;2007-02-20 00:00:00;
Z12130401;SISTEMI PER CHIRURGIA ORTOPEDICA STEREOTASSICA;S;SDZ;2007-02-20 00:00:00;
Z12130480;STRUMENTAZIONE PER CHIRURGIA ORTOPEDICA STEREOTASSICA - COMPONENTI ACCESSORI HARDWARE;S;;2007-02-20 00:00:00;2022-02-22 00:00:00
Z12130480;STRUMENTAZIONE PER CHIRURGIA ORTOPEDICA STEREOTASSICA  - ACCESSORI HARDWARE;S;;2022-02-23 00:00:00;
Z12130482;STRUMENTAZIONE PER CHIRURGIA ORTOPEDICA STEREOTASSICA - COMPONENTI ACCESSORI SOFTWARE;S;;2007-02-20 00:00:00;2022-02-22 00:00:00
Z12130482;STRUMENTAZIONE PER CHIRURGIA ORTOPEDICA STEREOTASSICA  - ACCESSORI SOFTWARE;S;;2022-02-23 00:00:00;
Z12130485;STRUMENTAZIONE PER CHIRURGIA ORTOPEDICA STEREOTASSICA - MATERIALI SPECIFICI;S;;2007-02-20 00:00:00;
Z12130492;STRUMENTAZIONE PER CHIRURGIA ORTOPEDICA STEREOTASSICA  - DISPOSITIVI MEDICI SOFTWARE;S;;2022-02-23 00:00:00;
Z121305;STRUMENTAZIONE PER SISTEMA MOTORIZZATO PER CHIRURGIA ORTOPEDICA;N;;2007-02-20 00:00:00;
Z12130501;SISTEMI MOTORIZZATI PER CHIRURGIA ORTOPEDICA;S;SPD;2007-02-20 00:00:00;
Z12130502;SEGHE PER ORTOPEDIA;S;SOR;2007-02-20 00:00:00;
Z12130503;TRAPANI ORTOPEDICI;S;TOR;2007-02-20 00:00:00;
Z12130580;STRUMENTAZIONE PER SISTEMA MOTORIZZATO PER CHIRURGIA ORTOPEDICA - COMPONENTI ACCESSORI HARDWARE;S;;2007-02-20 00:00:00;2022-02-22 00:00:00
Z12130580;STRUMENTAZIONE PER SISTEMA MOTORIZZATO PER CHIRURGIA ORTOPEDICA  - ACCESSORI HARDWARE;S;;2022-02-23 00:00:00;
Z12130582;STRUMENTAZIONE PER SISTEMA MOTORIZZATO PER CHIRURGIA ORTOPEDICA - COMPONENTI ACCESSORI SOFTWARE;S;;2007-02-20 00:00:00;2022-02-22 00:00:00
Z12130582;STRUMENTAZIONE PER SISTEMA MOTORIZZATO PER CHIRURGIA ORTOPEDICA  - ACCESSORI SOFTWARE;S;;2022-02-23 00:00:00;
Z12130585;STRUMENTAZIONE PER SISTEMA MOTORIZZATO PER CHIRURGIA ORTOPEDICA - MATERIALI SPECIFICI;S;;2007-02-20 00:00:00;
Z12130592;STRUMENTAZIONE PER SISTEMA MOTORIZZATO PER CHIRURGIA ORTOPEDICA  - DISPOSITIVI MEDICI SOFTWARE;S;;2022-02-23 00:00:00;
Z12130599;STRUMENTAZIONE PER SISTEMA MOTORIZZATO PER CHIRURGIA ORTOPEDICA NON ALTRIMENTI CLASSIFICATA;S;;2007-02-20 00:00:00;2022-02-22 00:00:00
Z12130599;STRUMENTAZIONE PER SISTEMA MOTORIZZATO PER CHIRURGIA ORTOPEDICA - ALTRA;S;;2022-02-23 00:00:00;
Z121390;STRUMENTAZIONE VARIA PER ORTOPEDIA E TRAUMATOLOGIA;N;;2007-02-20 00:00:00;
Z12139001;APPARECCHIATURE PER TERAPIA AD ONDE D'URTO;S;TOD;2007-02-20 00:00:00;
Z12139002;APPARECCHIATURE PER RIMOZIONE DEL CEMENTO PER PROTESI;S;RCS;2007-02-20 00:00:00;
Z12139003;SISTEMI PER PODOSCOPIA;S;PDS;2007-02-20 00:00:00;
Z12139004;RIUNITI PODOLOGICI;S;RDC;2007-02-20 00:00:00;
Z12139005;SEGHE PER GESSI;S;SAI;2007-02-20 00:00:00;
Z12139006;LACCI EMOSTATICI PNEUMATICI;S;LPE;2007-02-20 00:00:00;
Z12139080;STRUMENTAZIONE VARIA PER ORTOPEDIA E TRAUMATOLOGIA - COMPONENTI ACCESSORI HARDWARE;S;;2007-02-20 00:00:00;2022-02-22 00:00:00
Z12139080;STRUMENTAZIONE VARIA PER ORTOPEDIA E TRAUMATOLOGIA  - ACCESSORI HARDWARE;S;;2022-02-23 00:00:00;
Z12139082;STRUMENTAZIONE VARIA PER ORTOPEDIA E TRAUMATOLOGIA- COMPONENTI ACCESSORI SOFTWARE;S;;2007-02-20 00:00:00;2022-02-22 00:00:00
Z12139082;STRUMENTAZIONE VARIA PER ORTOPEDIA E TRAUMATOLOGIA - ACCESSORI SOFTWARE;S;;2022-02-23 00:00:00;
Z12139085;STRUMENTAZIONE VARIA PER ORTOPEDIA E TRAUMATOLOGIA - MATERIALI SPECIFICI;S;;2007-02-20 00:00:00;
Z12139092;STRUMENTAZIONE VARIA PER ORTOPEDIA E TRAUMATOLOGIA - DISPOSITIVI MEDICI SOFTWARE;S;;2022-02-23 00:00:00;
Z12139099;STRUMENTAZIONE VARIA PER ORTOPEDIA E TRAUMATOLOGIA NON ALTRIMENTI CLASSIFICATA;S;;2007-02-20 00:00:00;2022-02-22 00:00:00
Z12139099;STRUMENTAZIONE VARIA PER ORTOPEDIA E TRAUMATOLOGIA - ALTRA;S;;2022-02-23 00:00:00;
Z1214;STRUMENTAZIONE PER OTORINOLARINGOIATRIA;N;;2007-02-20 00:00:00;
Z121401;AUDIOMETRI;S;AUM;2007-02-20 00:00:00;
Z121402;RIUNITI OTORINOLARINGOIATRICI;S;RIO;2007-02-20 00:00:00;
Z121403;STRUMENTAZIONE PER L'ANALISI DEI POTENZIALI EVOCATI AUDIOMETRICI;N;;2007-02-20 00:00:00;
Z12140301;SISTEMI INTEGRATI PER L'ANALISI DEI POTENZIALI EVOCATI AUDIOMETRICI;S;PEG;2007-02-20 00:00:00;
Z12140302;APPARECCHIATURE PER L'ANALISI DEI POTENZIALI EVOCATI AUDIOMETRICI;S;PDR;2007-02-20 00:00:00;
Z12140380;STRUMENTAZIONE PER L'ANALISI DEI POTENZIALI EVOCATI AUDIOMETRICI - COMPONENTI ACCESSORI HARDWARE;S;;2007-02-20 00:00:00;2022-02-22 00:00:00
Z12140380;STRUMENTAZIONE PER L'ANALISI DEI POTENZIALI EVOCATI AUDIOMETRICI  - ACCESSORI HARDWARE;S;;2022-02-23 00:00:00;
Z12140382;STRUMENTAZIONE PER L'ANALISI DEI POTENZIALI EVOCATI AUDIOMETRICI - COMPONENTI ACCESSORI SOFTWARE;S;;2007-02-20 00:00:00;2022-02-22 00:00:00
Z12140382;STRUMENTAZIONE PER L'ANALISI DEI POTENZIALI EVOCATI AUDIOMETRICI  - ACCESSORI SOFTWARE;S;;2022-02-23 00:00:00;
Z12140385;STRUMENTAZIONE PER L'ANALISI DEI POTENZIALI EVOCATI AUDIOMETRICI - MATERIALI SPECIFICI;S;;2007-02-20 00:00:00;
Z12140392;STRUMENTAZIONE PER L'ANALISI DEI POTENZIALI EVOCATI AUDIOMETRICI  - DISPOSITIVI MEDICI SOFTWARE;S;;2022-02-23 00:00:00;
Z121404;STRUMENTAZIONE PER L'ANALISI DEL SISTEMA VESTIBOLARE;N;;2007-02-20 00:00:00;
Z12140401;SISTEMI PER LA VALUTAZIONE VESTIBOLARE;S;VOV;2007-02-20 00:00:00;
Z12140402;PIATTAFORME STABILOMETRICHE PER VALUTAZIONE VESTIBOLARE;S;PSV;2007-02-20 00:00:00;
Z12140403;SEDIE ROTATORIE PENDOLARI;S;SRP;2007-02-20 00:00:00;
Z12140404;SISTEMI PER POSTUROGRAFIA;S;;2008-06-30 00:00:00;
Z12140480;STRUMENTAZIONE PER L'ANALISI DEL SISTEMA VESTIBOLARE - COMPONENTI ACCESSORI HARDWARE;S;;2007-02-20 00:00:00;2022-02-22 00:00:00
Z12140480;STRUMENTAZIONE PER L'ANALISI DEL SISTEMA VESTIBOLARE  - ACCESSORI HARDWARE;S;;2022-02-23 00:00:00;
Z12140482;STRUMENTAZIONE PER L'ANALISI DEL SISTEMA VESTIBOLARE - COMPONENTI ACCESSORI SOFTWARE;S;;2007-02-20 00:00:00;2022-02-22 00:00:00
Z12140482;STRUMENTAZIONE PER L'ANALISI DEL SISTEMA VESTIBOLARE  - ACCESSORI SOFTWARE;S;;2022-02-23 00:00:00;
Z12140485;STRUMENTAZIONE PER L'ANALISI DEL SISTEMA VESTIBOLARE - MATERIALI SPECIFICI;S;;2007-02-20 00:00:00;
Z12140492;STRUMENTAZIONE PER L'ANALISI DEL SISTEMA VESTIBOLARE  - DISPOSITIVI MEDICI SOFTWARE;S;;2022-02-23 00:00:00;
Z121405;STRUMENTAZIONE PER CHIRURGIA OTORINOLARINGOIATRICA STEREOTASSICA;N;;2007-02-20 00:00:00;
Z12140501;SISTEMI PER CHIRURGIA OTORINOLARINGOIATRICA STEREOTASSICA;S;SGZ;2007-02-20 00:00:00;
Z12140580;STRUMENTAZIONE PER CHIRURGIA OTORINOLARINGOIATRICA STEREOTASSICA - COMPONENTI ACCESSORI HARDWARE;S;;2007-02-20 00:00:00;2022-02-22 00:00:00
Z12140580;STRUMENTAZIONE PER CHIRURGIA OTORINOLARINGOIATRICA STEREOTASSICA  - ACCESSORI HARDWARE;S;;2022-02-23 00:00:00;
Z12140582;STRUMENTAZIONE PER CHIRURGIA OTORINOLARINGOIATRICA STEREOTASSICA - COMPONENTI ACCESSORI SOFTWARE;S;;2007-02-20 00:00:00;2022-02-22 00:00:00
Z12140582;STRUMENTAZIONE PER CHIRURGIA OTORINOLARINGOIATRICA STEREOTASSICA  - ACCESSORI SOFTWARE;S;;2022-02-23 00:00:00;
Z12140585;STRUMENTAZIONE PER CHIRURGIA OTORINOLARINGOIATRICA STEREOTASSICA - MATERIALI SPECIFICI;S;;2007-02-20 00:00:00;
Z12140592;STRUMENTAZIONE PER CHIRURGIA OTORINOLARINGOIATRICA STEREOTASSICA  - DISPOSITIVI MEDICI SOFTWARE;S;;2022-02-23 00:00:00;
Z121490;STRUMENTAZIONE VARIA PER OTORINOLARINGOIATRIA;N;;2007-02-20 00:00:00;
Z12149001;APPARECCHIATURE PER LE EMISSIONI OTOACUSTICHE;S;AEH;2007-02-20 00:00:00;
Z12149002;CAMERE PER AUDIOMETRIA;S;CAA;2007-02-20 00:00:00;
Z12149003;OLFATTOMETRI;S;OLM;2007-02-20 00:00:00;
Z12149004;STIMOLATORI OTO-CALORICI;S;IAL;2007-02-20 00:00:00;
Z12149005;IMPEDENZOMETRI PER L'APPARATO UDITIVO;S;IMM;2007-02-20 00:00:00;
Z12149006;OTOSCOPI DIRETTI AMBULATORIALI;S;OTS;2007-02-20 00:00:00;
Z12149007;TRAPANI OTOLOGICI;S;TOT;2007-02-20 00:00:00;
Z12149008;RINOANEMOMETRI;S;RAM;2007-02-20 00:00:00;
Z12149009;RINOMETRI;S;RIE;2007-02-20 00:00:00;
Z12149010;VISUALIZZATORI DELLA VOCE;S;VVC;2007-02-20 00:00:00;
Z12149011;STIMOLATORI ELETTRICI FARINGEI;S;;2022-02-23 00:00:00;
Z12149080;STRUMENTAZIONE VARIA PER OTORINOLARINGOIATRIA - COMPONENTI ACCESSORI HARDWARE;S;;2007-02-20 00:00:00;2022-02-22 00:00:00
Z12149080;STRUMENTAZIONE VARIA PER OTORINOLARINGOIATRIA  - ACCESSORI HARDWARE;S;;2022-02-23 00:00:00;
Z12149082;STRUMENTAZIONE VARIA PER OTORINOLARINGOIATRIA - COMPONENTI ACCESSORI SOFTWARE;S;;2007-02-20 00:00:00;2022-02-22 00:00:00
Z12149082;STRUMENTAZIONE VARIA PER OTORINOLARINGOIATRIA  - ACCESSORI SOFTWARE;S;;2022-02-23 00:00:00;
Z12149085;STRUMENTAZIONE VARIA PER OTORINOLARINGOIATRIA - MATERIALI SPECIFICI;S;;2007-02-20 00:00:00;
Z12149092;STRUMENTAZIONE VARIA PER OTORINOLARINGOIATRIA  - DISPOSITIVI MEDICI SOFTWARE;S;;2022-02-23 00:00:00;
Z12149099;STRUMENTAZIONE VARIA PER OTORINOLARINGOIATRIA NON ALTRIMENTI CLASSIFICATA;S;;2007-02-20 00:00:00;2022-02-22 00:00:00
Z12149099;STRUMENTAZIONE VARIA PER OTORINOLARINGOIATRIA - ALTRA;S;;2022-02-23 00:00:00;
Z1215;STRUMENTAZIONE PER PNEUMOLOGIA E FISIOPATOLOGIA RESPIRATORIA;N;;2007-02-20 00:00:00;
Z121501;STRUMENTAZIONE PER SPIROMETRIA;N;;2007-02-20 00:00:00;
Z12150101;SPIROMETRI AD USO CLINICO/DIAGNOSTICO;S;SPM;2007-02-20 00:00:00;
Z12150102;SPIROMETRI PER PICCO DI FLUSSO;S;SMD;2007-02-20 00:00:00;
Z12150180;STRUMENTAZIONE PER SPIROMETRIA - COMPONENTI ACCESSORI HARDWARE;S;;2007-02-20 00:00:00;2022-02-22 00:00:00
Z12150180;STRUMENTAZIONE PER SPIROMETRIA  - ACCESSORI HARDWARE;S;;2022-02-23 00:00:00;
Z12150182;STRUMENTAZIONE PER SPIROMETRIA - COMPONENTI ACCESSORI SOFTWARE;S;;2007-02-20 00:00:00;2022-02-22 00:00:00
Z12150182;STRUMENTAZIONE PER SPIROMETRIA  - ACCESSORI SOFTWARE;S;;2022-02-23 00:00:00;
Z12150185;STRUMENTAZIONE PER SPIROMETRIA - MATERIALI SPECIFICI;S;;2007-02-20 00:00:00;
Z12150192;STRUMENTAZIONE PER SPIROMETRIA  - DISPOSITIVI MEDICI SOFTWARE;S;;2022-02-23 00:00:00;
Z12150199;STRUMENTAZIONE PER SPIROMETRIA NON ALTRIMENTI CLASSIFICATA;S;;2007-02-20 00:00:00;2022-02-22 00:00:00
Z12150199;STRUMENTAZIONE PER SPIROMETRIA - ALTRA;S;;2022-02-23 00:00:00;
Z121502;STRUMENTAZIONE PER TELEMETRIA SPIROMETRICA;N;;2007-02-20 00:00:00;
Z12150201;SISTEMI COMPLETI PER TELEMETRIA DI PARAMETRI SPIROMETRICI;S;SOL;2007-02-20 00:00:00;
Z12150202;UNITA` RICEVENTI PER TELEMETRIA DI PARAMETRI SPIROMETRICI;S;TEU;2007-02-20 00:00:00;
Z12150203;UNITA` TRASMITTENTI PER TELEMETRIA DI PARAMETRI SPIROMETRICI;S;TIA;2007-02-20 00:00:00;
Z12150280;STRUMENTAZIONE PER TELEMETRIA SPIROMETRICA - COMPONENTI ACCESSORI HARDWARE;S;;2007-02-20 00:00:00;2022-02-22 00:00:00
Z12150280;STRUMENTAZIONE PER TELEMETRIA SPIROMETRICA  - ACCESSORI HARDWARE;S;;2022-02-23 00:00:00;
Z12150282;STRUMENTAZIONE PER TELEMETRIA SPIROMETRICA - COMPONENTI ACCESSORI SOFTWARE;S;;2007-02-20 00:00:00;2022-02-22 00:00:00
Z12150282;STRUMENTAZIONE PER TELEMETRIA SPIROMETRICA  - ACCESSORI SOFTWARE;S;;2022-02-23 00:00:00;
Z12150285;STRUMENTAZIONE PER TELEMETRIA SPIROMETRICA - MATERIALI SPECIFICI;S;;2007-02-20 00:00:00;
Z12150292;STRUMENTAZIONE PER TELEMETRIA SPIROMETRICA  - DISPOSITIVI MEDICI SOFTWARE;S;;2022-02-23 00:00:00;
Z121590;STRUMENTAZIONE VARIA PER PNEUMOLOGIA E FISIOPATOLOGIA RESPIRATORIA;N;;2007-02-20 00:00:00;
Z12159001;ANALIZZATORI AZOTO;S;AAZ;2007-02-20 00:00:00;
Z12159002;APPARECCHIATURE PER AEROSOL;S;AER;2007-02-20 00:00:00;
Z12159003;APPARECCHIATURE PER L'ANALISI DELLA DIFFUSIONE;S;AND;2007-02-20 00:00:00;
Z12159004;CONCENTRATORI DI OSSIGENO;S;COO;2007-02-20 00:00:00;
Z12159005;DOSIMETRI PER BRONCOSTIMOLAZIONE;S;DAZ;2007-02-20 00:00:00;
Z12159006;ANALIZZATORI DI GAS ESPIRATI;S;GSP;2007-02-20 00:00:00;
Z12159007;PLETISMOGRAFI CORPOREI;S;PCO;2007-02-20 00:00:00;
Z12159008;PNEUMOTACOGRAFI;S;PTG;2007-02-20 00:00:00;
Z12159009;APPARECCHIATURE PER RIMOZIONE DELLE SECREZIONI;S;RAH;2007-02-20 00:00:00;
Z12159010;RINOMANOMETRI;S;RMM;2007-02-20 00:00:00;
Z12159011;SISTEMA DI NAVIGAZIONE PNEUMOLOGICA;S;SGO;2007-02-20 00:00:00;
Z12159080;STRUMENTAZIONE VARIA PER PNEUMOLOGIA E FISIOPATOLOGIA RESPIRATORIA - COMPONENTI ACCESSORI HARDWARE;S;;2007-02-20 00:00:00;2022-02-22 00:00:00
Z12159080;STRUMENTAZIONE VARIA PER PNEUMOLOGIA E FISIOPATOLOGIA RESPIRATORIA  - ACCESSORI HARDWARE;S;;2022-02-23 00:00:00;
Z12159082;STRUMENTAZIONE VARIA PER PNEUMOLOGIA E FISIOPATOLOGIA RESPIRATORIA - COMPONENTI ACCESSORI SOFTWARE;S;;2007-02-20 00:00:00;2022-02-22 00:00:00
Z12159082;STRUMENTAZIONE VARIA PER PNEUMOLOGIA E FISIOPATOLOGIA RESPIRATORIA  - ACCESSORI SOFTWARE;S;;2022-02-23 00:00:00;
Z12159085;STRUMENTAZIONE VARIA PER PNEUMOLOGIA E FISIOPATOLOGIA RESPIRATORIA - MATERIALI SPECIFICI;S;;2007-02-20 00:00:00;
Z12159092;STRUMENTAZIONE VARIA PER PNEUMOLOGIA E FISIOPATOLOGIA RESPIRATORIA  - DISPOSITIVI MEDICI SOFTWARE;S;;2022-02-23 00:00:00;
Z12159099;STRUMENTAZIONE VARIA PER PNEUMOLOGIA E FISIOPATOLOGIA RESPIRATORIA NON ALTRIMENTI CLASSIFICATA;S;;2007-02-20 00:00:00;2022-02-22 00:00:00
Z12159099;STRUMENTAZIONE VARIA PER PNEUMOLOGIA E FISIOPATOLOGIA RESPIRATORIA - ALTRA;S;;2022-02-23 00:00:00;
Z1216;STRUMENTAZIONE PER UROLOGIA;N;;2007-02-20 00:00:00;
Z121601;STRUMENTAZIONE PER LITOTRISSIA EXTRACORPOREA;N;;2007-02-20 00:00:00;
Z12160101;LITOTRITORI EXTRACORPOREI;S;LIT;2007-02-20 00:00:00;
Z12160180;STRUMENTAZIONE PER LITOTRISSIA EXTRACORPOREA - COMPONENTI ACCESSORI HARDWARE;S;;2007-02-20 00:00:00;2022-02-22 00:00:00
Z12160180;STRUMENTAZIONE PER LITOTRISSIA EXTRACORPOREA  - ACCESSORI HARDWARE;S;;2022-02-23 00:00:00;
Z12160182;STRUMENTAZIONE PER LITOTRISSIA EXTRACORPOREA - COMPONENTI ACCESSORI SOFTWARE;S;;2007-02-20 00:00:00;2022-02-22 00:00:00
Z12160182;STRUMENTAZIONE PER LITOTRISSIA EXTRACORPOREA  - ACCESSORI SOFTWARE;S;;2022-02-23 00:00:00;
Z12160185;STRUMENTAZIONE PER LITOTRISSIA EXTRACORPOREA - MATERIALI SPECIFICI;S;;2007-02-20 00:00:00;
Z12160192;STRUMENTAZIONE PER LITOTRISSIA EXTRACORPOREA  - DISPOSITIVI MEDICI SOFTWARE;S;;2022-02-23 00:00:00;
Z121602;STRUMENTAZIONE PER SISTEMI HOLTER PER PARAMETRI URODINAMICI;N;;2007-02-20 00:00:00;
Z12160201;LETTORI HOLTER PER PARAMETRI URODINAMICI;S;LAU;2007-02-20 00:00:00;
Z12160202;REGISTRATORE HOLTER PER PARAMETRI URODINAMICI;S;RHU;2007-02-20 00:00:00;
Z12160280;STRUMENTAZIONE PER SISTEMI HOLTER PER PARAMETRI URODINAMICI - COMPONENTI ACCESSORI HARDWARE;S;;2007-02-20 00:00:00;2022-02-22 00:00:00
Z12160280;STRUMENTAZIONE PER SISTEMI HOLTER PER PARAMETRI URODINAMICI  - ACCESSORI HARDWARE;S;;2022-02-23 00:00:00;
Z12160282;STRUMENTAZIONE PER SISTEMI HOLTER PER PARAMETRI URODINAMICI - COMPONENTI ACCESSORI SOFTWARE;S;;2007-02-20 00:00:00;2022-02-22 00:00:00
Z12160282;STRUMENTAZIONE PER SISTEMI HOLTER PER PARAMETRI URODINAMICI  - ACCESSORI SOFTWARE;S;;2022-02-23 00:00:00;
Z12160285;STRUMENTAZIONE PER SISTEMI HOLTER PER PARAMETRI URODINAMICI - MATERIALI SPECIFICI;S;;2007-02-20 00:00:00;
Z12160292;STRUMENTAZIONE PER SISTEMI HOLTER PER PARAMETRI URODINAMICI  - DISPOSITIVI MEDICI SOFTWARE;S;;2022-02-23 00:00:00;
Z121603;STRUMENTAZIONE PER TERMOTERAPIA PROSTATICA;N;;2007-02-20 00:00:00;
Z12160301;APPARECCHIATURE PER TERMOTERAPIA PROSTATICA A MICROONDE;S;TDH;2007-02-20 00:00:00;
Z12160302;APPARECCHIATURE PER TERMOTERAPIA PROSTATICA A FLUIDO;S;TEH;2007-02-20 00:00:00;
Z12160303;APPARECCHIATURE PER TERAPIA ONCOLOGICA A ULTRASUONI;S;TAU;2007-02-20 00:00:00;
Z12160380;STRUMENTAZIONE PER TERMOTERAPIA PROSTATICA - COMPONENTI ACCESSORI HARDWARE;S;;2007-02-20 00:00:00;2022-02-22 00:00:00
Z12160380;STRUMENTAZIONE PER TERMOTERAPIA PROSTATICA  - ACCESSORI HARDWARE;S;;2022-02-23 00:00:00;
Z12160382;STRUMENTAZIONE PER TERMOTERAPIA PROSTATICA - COMPONENTI ACCESSORI SOFTWARE;S;;2007-02-20 00:00:00;2022-02-22 00:00:00
Z12160382;STRUMENTAZIONE PER TERMOTERAPIA PROSTATICA  - ACCESSORI SOFTWARE;S;;2022-02-23 00:00:00;
Z12160385;STRUMENTAZIONE PER TERMOTERAPIA PROSTATICA - MATERIALI SPECIFICI;S;;2007-02-20 00:00:00;
Z12160392;STRUMENTAZIONE PER TERMOTERAPIA PROSTATICA  - DISPOSITIVI MEDICI SOFTWARE;S;;2022-02-23 00:00:00;
Z12160399;STRUMENTAZIONE PER TERMOTERAPIA PROSTATICA NON ALTRIMENTI CLASSIFICATA;S;;2007-02-20 00:00:00;2022-02-22 00:00:00
Z12160399;STRUMENTAZIONE PER TERMOTERAPIA PROSTATICA - ALTRA;S;;2022-02-23 00:00:00;
Z121604;STRUMENTAZIONE PER URODINAMICA;N;;2007-02-20 00:00:00;
Z12160401;SISTEMI PER URODINAMICA;S;URD;2007-02-20 00:00:00;
Z12160480;STRUMENTAZIONE PER URODINAMICA - COMPONENTI ACCESSORI HARDWARE;S;;2007-02-20 00:00:00;2022-02-22 00:00:00
Z12160480;STRUMENTAZIONE PER URODINAMICA  - ACCESSORI HARDWARE;S;;2022-02-23 00:00:00;
Z12160482;STRUMENTAZIONE PER URODINAMICA - COMPONENTI ACCESSORI SOFTWARE;S;;2007-02-20 00:00:00;2022-02-22 00:00:00
Z12160482;STRUMENTAZIONE PER URODINAMICA  - ACCESSORI SOFTWARE;S;;2022-02-23 00:00:00;
Z12160485;STRUMENTAZIONE PER URODINAMICA - MATERIALI SPECIFICI;S;;2007-02-20 00:00:00;
Z12160492;STRUMENTAZIONE PER URODINAMICA  - DISPOSITIVI MEDICI SOFTWARE;S;;2022-02-23 00:00:00;
Z121605;UROFLUSSOMETRI;S;URF;2007-02-20 00:00:00;
Z121690;STRUMENTAZIONE VARIA PER UROLOGIA ;N;;2007-02-20 00:00:00;
Z12169001;APPARECCHIATURE PER LA MISURA DELLA TUMESCENZA DEL PENE;S;TPM;2007-02-20 00:00:00;
Z12169002;STIMOLATORI UROLOGICI;S;STU;2007-02-20 00:00:00;
Z12169003;STIMOLATORI PER EIACULAZIONE;S;SVN;2007-02-20 00:00:00;
Z12169004;STIMOLATORI PER DISFUNZIONE ERETTILE;S;;2022-02-23 00:00:00;
Z12169080;STRUMENTAZIONE VARIA PER UROLOGIA - COMPONENTI ACCESSORI HARDWARE;S;;2007-02-20 00:00:00;2022-02-22 00:00:00
Z12169080;STRUMENTAZIONE VARIA PER UROLOGIA  - ACCESSORI HARDWARE;S;;2022-02-23 00:00:00;
Z12169082;STRUMENTAZIONE VARIA PER UROLOGIA - COMPONENTI ACCESSORI SOFTWARE;S;;2007-02-20 00:00:00;2022-02-22 00:00:00
Z12169082;STRUMENTAZIONE VARIA PER UROLOGIA  - ACCESSORI SOFTWARE;S;;2022-02-23 00:00:00;
Z12169085;STRUMENTAZIONE VARIA PER UROLOGIA - MATERIALI SPECIFICI;S;;2007-02-20 00:00:00;
Z12169092;STRUMENTAZIONE VARIA PER UROLOGIA  - DISPOSITIVI MEDICI SOFTWARE;S;;2022-02-23 00:00:00;
Z12169099;STRUMENTAZIONE VARIA PER UROLOGIA NON ALTRIMENTI CLASSIFICATA;S;;2007-02-20 00:00:00;2022-02-22 00:00:00
Z12169099;STRUMENTAZIONE VARIA PER UROLOGIA - ALTRA;S;;2022-02-23 00:00:00;
Z1217;STRUMENTAZIONE PER EMOTRASFUSIONE;N;;2008-06-30 00:00:00;
Z121701;FRIGOEMOTECHE;S;;2008-06-30 00:00:00;
Z121702;CONGELATORI PER PLASMA;S;;2008-06-30 00:00:00;
Z121703;SCONGELATORI PER PLASMA;S;;2008-06-30 00:00:00;
Z121704;APPARECCHIATURE PER AFERESI;N;;2010-11-30 00:00:00;
Z12170401;APPARECCHIATURE PER AFERESI - PER PRODUZIONE;S;;2010-11-30 00:00:00;
Z12170402;APPARECCHIATURE PER AFERESI - PER TERAPIA;S;;2010-11-30 00:00:00;
Z121780;STRUMENTAZIONE PER EMOTRASFUSIONE - COMPONENTI ACCESSORI HARDWARE;S;;2008-06-30 00:00:00;2022-02-22 00:00:00
Z121780;STRUMENTAZIONE PER EMOTRASFUSIONE  - ACCESSORI HARDWARE;S;;2022-02-23 00:00:00;
Z121799;STRUMENTAZIONE PER EMOTRASFUSIONE NON ALTRIMENTI CLASSIFICATA;S;;2008-06-30 00:00:00;2022-02-22 00:00:00
Z121799;STRUMENTAZIONE PER EMOTRASFUSIONE - ALTRA;S;;2022-02-23 00:00:00;
Z1290;STRUMENTAZIONE VARIA PER ESPLORAZIONI FUNZIONALI ED INTERVENTI TERAPEUTICI;N;;2007-02-20 00:00:00;
Z129001;APPARECCHIATURE PER SOLLEVAMENTO MALATI;S;SAH;2007-02-20 00:00:00;2011-08-30 00:00:00
Z129002;CELLE FRIGORIFERO PER SALME;S;;2007-02-20 00:00:00;2022-02-23 00:00:00
Z129003;CICLI PER USI FISIOTERAPICI E/O DIAGNOSTICI;S;CEM;2007-02-20 00:00:00;
Z129004;FONTI LUMINOSE;S;LAI;2007-02-20 00:00:00;
Z129005;FOTOSTIMOLATORI GENERICI;S;FOS;2007-02-20 00:00:00;
Z129006;PEDANE A NASTRO MOBILE PER USI FISIOTERAPICI E/O DIAGNOSTICI;S;PNM;2007-02-20 00:00:00;
Z129007;PENSILI PER SALA OPERATORIA E TERAPIA INTENSIVA;S;PSO;2007-02-20 00:00:00;
Z129008;POLTRONE PER TERAPIA GENERICA;S;PPT;2007-02-20 00:00:00;2022-02-23 00:00:00
Z129009;APPARECCHIATURE PER L'ANALISI DEI POTENZIALI EVOCATI;S;APE;2007-02-20 00:00:00;
Z129010;SISTEMI HOLTER MULTI-DISCIPLINARI;S;SHC;2007-02-20 00:00:00;
Z129011;SISTEMI PER TELEMETRIA MULTI-DISCIPLINARE;S;SLU;2007-02-20 00:00:00;
Z129012;SISTEMI POLIGRAFICI MULTIFUNZIONALI;S;POG;2007-02-20 00:00:00;
Z129013;STIMOLATORI AUDITIVI E/O VISIVI GENERICI;S;SAU;2007-02-20 00:00:00;
Z129014;STRUMENTAZIONE AUTOPTICA PER DISSEZIONE E MISURA;S;;2007-02-20 00:00:00;2022-02-23 00:00:00
Z129015;STRUMENTAZIONE PER POSIZIONAMENTO E MOVIMENTAZIONE SALME;S;;2007-02-20 00:00:00;2022-02-23 00:00:00
Z129016;TAVOLI AUTOPTICI PER DISSEZIONE;S;;2007-02-20 00:00:00;2022-02-23 00:00:00
Z129017;TESTA LETTO;S;TLA;2007-02-20 00:00:00;
Z129080;STRUMENTAZIONE VARIA PER ESPLORAZIONI FUNZIONALI ED INTERVENTI TERAPEUTICI - COMPONENTI ACCESSORI HARDWARE;S;;2007-02-20 00:00:00;2022-02-22 00:00:00
Z129080;STRUMENTAZIONE VARIA PER ESPLORAZIONI FUNZIONALI ED INTERVENTI TERAPEUTICI  - ACCESSORI HARDWARE;S;;2022-02-23 00:00:00;
Z129082;STRUMENTAZIONE VARIA PER ESPLORAZIONI FUNZIONALI ED INTERVENTI TERAPEUTICI - COMPONENTI ACCESSORI SOFTWARE;S;;2007-02-20 00:00:00;2022-02-22 00:00:00
Z129082;STRUMENTAZIONE VARIA PER ESPLORAZIONI FUNZIONALI ED INTERVENTI TERAPEUTICI  - ACCESSORI SOFTWARE;S;;2022-02-23 00:00:00;
Z129085;STRUMENTAZIONE VARIA PER ESPLORAZIONI FUNZIONALI ED INTERVENTI TERAPEUTICI - MATERIALI SPECIFICI;S;;2007-02-20 00:00:00;
Z129092;STRUMENTAZIONE VARIA PER ESPLORAZIONI FUNZIONALI ED INTERVENTI TERAPEUTICI  - DISPOSITIVI MEDICI SOFTWARE;S;;2022-02-23 00:00:00;
Z129099;STRUMENTAZIONE VARIA PER ESPLORAZIONI FUNZIONALI ED INTERVENTI TERAPEUTICI NON ALTRIMENTI CLASSIFICATA;S;;2007-02-20 00:00:00;2022-02-22 00:00:00
Z129099;STRUMENTAZIONE VARIA PER ESPLORAZIONI FUNZIONALI ED INTERVENTI TERAPEUTICI - ALTRA;S;;2022-02-23 00:00:00;
Z13;MATERIALI DI CONSUMO NON SPECIFICI PER STRUMENTAZIONE DIAGNOSTICA;N;;2007-02-20 00:00:00;
Z1301;PELLICOLE RADIOGRAFICHE;N;;2007-02-20 00:00:00;
Z130101;PELLICOLE PER USO GENERALE;S;;2007-02-20 00:00:00;
Z130102;PELLICOLE PER USO TORACICO;S;;2007-02-20 00:00:00;
Z130103;PELLICOLE PER MAMMOGRAFIA;S;;2007-02-20 00:00:00;
Z130104;PELLICOLE DENTALI ENDORALI;S;;2007-02-20 00:00:00;
Z130105;PELLICOLE DENTALI EXTRAORALI;S;;2007-02-20 00:00:00;
Z130106;PELLICOLE PER RIPRODUZIONE TERMICA A SECCO;S;;2007-02-20 00:00:00;
Z130107;PELLICOLE PER RIPRODUZIONE DA TECNOLOGIE LASER;S;;2007-02-20 00:00:00;
Z130190;PELLICOLE PER USO VARIO;N;;2007-02-20 00:00:00;
Z13019001;PELLICOLE PER RIPRODUZIONE DI RADIOGRAMMI (DUPLICATING);S;;2007-02-20 00:00:00;
Z13019002;PELLICOLE PER VERIFICA E LOCALIZZAZIONE IN RADIOTERAPIA;S;;2007-02-20 00:00:00;
Z13019099;ALTRE PELLICOLE RADIOGRAFICHE;S;;2007-02-20 00:00:00;
Z1302;CARTE PER REGISTRAZIONE DIAGNOSTICA;S;;2007-02-20 00:00:00;
Z1399;MATERIALI DI CONSUMO NON SPECIFICI PER STRUMENTAZIONE DIAGNOSTICA - ALTRI;S;;2007-02-20 00:00:00;
